ISO-10303-21;
HEADER;
FILE_DESCRIPTION(('KiCad electronic assembly'),'2;1');
FILE_NAME('Antenna.step','2026-08-12T23:46:14',('Pcbnew'),('Kicad'),
  'Open CASCADE STEP processor 7.9','KiCad to STEP converter','Unknown'
  );
FILE_SCHEMA(('AUTOMOTIVE_DESIGN { 1 0 10303 214 1 1 1 1 }'));
ENDSEC;
DATA;
#1 = APPLICATION_PROTOCOL_DEFINITION('international standard',
  'automotive_design',2000,#2);
#2 = APPLICATION_CONTEXT(
  'core data for automotive mechanical design processes');
#3 = SHAPE_DEFINITION_REPRESENTATION(#4,#10);
#4 = PRODUCT_DEFINITION_SHAPE('','',#5);
#5 = PRODUCT_DEFINITION('design','',#6,#9);
#6 = PRODUCT_DEFINITION_FORMATION('','',#7);
#7 = PRODUCT('Antenna 1','Antenna 1','',(#8));
#8 = PRODUCT_CONTEXT('',#2,'mechanical');
#9 = PRODUCT_DEFINITION_CONTEXT('part definition',#2,'design');
#10 = SHAPE_REPRESENTATION('',(#11,#15,#19,#23,#27,#31),#35);
#11 = AXIS2_PLACEMENT_3D('',#12,#13,#14);
#12 = CARTESIAN_POINT('',(0.,0.,0.));
#13 = DIRECTION('',(0.,0.,1.));
#14 = DIRECTION('',(1.,0.,-0.));
#15 = AXIS2_PLACEMENT_3D('',#16,#17,#18);
#16 = CARTESIAN_POINT('',(145.194999981,-67.860000024,-1.805000003));
#17 = DIRECTION('',(1.499759782662E-32,1.224646799147E-16,-1.));
#18 = DIRECTION('',(-1.,1.224646799147E-16,0.));
#19 = AXIS2_PLACEMENT_3D('',#20,#21,#22);
#20 = CARTESIAN_POINT('',(0.,0.,0.));
#21 = DIRECTION('',(0.,0.,1.));
#22 = DIRECTION('',(1.,0.,-0.));
#23 = AXIS2_PLACEMENT_3D('',#24,#25,#26);
#24 = CARTESIAN_POINT('',(0.,0.,0.));
#25 = DIRECTION('',(0.,0.,1.));
#26 = DIRECTION('',(1.,0.,-0.));
#27 = AXIS2_PLACEMENT_3D('',#28,#29,#30);
#28 = CARTESIAN_POINT('',(0.,0.,0.));
#29 = DIRECTION('',(0.,0.,1.));
#30 = DIRECTION('',(1.,0.,-0.));
#31 = AXIS2_PLACEMENT_3D('',#32,#33,#34);
#32 = CARTESIAN_POINT('',(0.,0.,0.));
#33 = DIRECTION('',(0.,0.,1.));
#34 = DIRECTION('',(1.,0.,-0.));
#35 = ( GEOMETRIC_REPRESENTATION_CONTEXT(3) 
GLOBAL_UNCERTAINTY_ASSIGNED_CONTEXT((#39)) GLOBAL_UNIT_ASSIGNED_CONTEXT(
(#36,#37,#38)) REPRESENTATION_CONTEXT('Context #1',
  '3D Context with UNIT and UNCERTAINTY') );
#36 = ( LENGTH_UNIT() NAMED_UNIT(*) SI_UNIT(.MILLI.,.METRE.) );
#37 = ( NAMED_UNIT(*) PLANE_ANGLE_UNIT() SI_UNIT($,.RADIAN.) );
#38 = ( NAMED_UNIT(*) SI_UNIT($,.STERADIAN.) SOLID_ANGLE_UNIT() );
#39 = UNCERTAINTY_MEASURE_WITH_UNIT(LENGTH_MEASURE(1.E-07),#36,
  'distance_accuracy_value','confusion accuracy');
#40 = PRODUCT_RELATED_PRODUCT_CATEGORY('part',$,(#7));
#41 = SHAPE_DEFINITION_REPRESENTATION(#42,#48);
#42 = PRODUCT_DEFINITION_SHAPE('','',#43);
#43 = PRODUCT_DEFINITION('design','',#44,#47);
#44 = PRODUCT_DEFINITION_FORMATION('','',#45);
#45 = PRODUCT('53048-0310','53048-0310','',(#46));
#46 = PRODUCT_CONTEXT('',#2,'mechanical');
#47 = PRODUCT_DEFINITION_CONTEXT('part definition',#2,'design');
#48 = SHAPE_REPRESENTATION('',(#11,#49,#53),#57);
#49 = AXIS2_PLACEMENT_3D('',#50,#51,#52);
#50 = CARTESIAN_POINT('',(0.,0.,0.));
#51 = DIRECTION('',(0.,0.,1.));
#52 = DIRECTION('',(1.,0.,-0.));
#53 = AXIS2_PLACEMENT_3D('',#54,#55,#56);
#54 = CARTESIAN_POINT('',(0.,0.,0.));
#55 = DIRECTION('',(0.,0.,1.));
#56 = DIRECTION('',(1.,0.,-0.));
#57 = ( GEOMETRIC_REPRESENTATION_CONTEXT(3) 
GLOBAL_UNCERTAINTY_ASSIGNED_CONTEXT((#61)) GLOBAL_UNIT_ASSIGNED_CONTEXT(
(#58,#59,#60)) REPRESENTATION_CONTEXT('Context #1',
  '3D Context with UNIT and UNCERTAINTY') );
#58 = ( LENGTH_UNIT() NAMED_UNIT(*) SI_UNIT(.MILLI.,.METRE.) );
#59 = ( NAMED_UNIT(*) PLANE_ANGLE_UNIT() SI_UNIT($,.RADIAN.) );
#60 = ( NAMED_UNIT(*) SI_UNIT($,.STERADIAN.) SOLID_ANGLE_UNIT() );
#61 = UNCERTAINTY_MEASURE_WITH_UNIT(LENGTH_MEASURE(1.E-07),#58,
  'distance_accuracy_value','confusion accuracy');
#62 = CONTEXT_DEPENDENT_SHAPE_REPRESENTATION(#63,#65);
#63 = ( REPRESENTATION_RELATIONSHIP('','',#48,#10) 
REPRESENTATION_RELATIONSHIP_WITH_TRANSFORMATION(#64) 
SHAPE_REPRESENTATION_RELATIONSHIP() );
#64 = ITEM_DEFINED_TRANSFORMATION('','',#11,#15);
#65 = PRODUCT_DEFINITION_SHAPE('Placement','Placement of an item',#66);
#66 = NEXT_ASSEMBLY_USAGE_OCCURRENCE('3','J6','',#5,#43,$);
#67 = PRODUCT_RELATED_PRODUCT_CATEGORY('part',$,(#45));
#68 = SHAPE_DEFINITION_REPRESENTATION(#69,#75);
#69 = PRODUCT_DEFINITION_SHAPE('','',#70);
#70 = PRODUCT_DEFINITION('design','',#71,#74);
#71 = PRODUCT_DEFINITION_FORMATION('','',#72);
#72 = PRODUCT('SOLID','SOLID','',(#73));
#73 = PRODUCT_CONTEXT('',#2,'mechanical');
#74 = PRODUCT_DEFINITION_CONTEXT('part definition',#2,'design');
#75 = ADVANCED_BREP_SHAPE_REPRESENTATION('',(#11,#76),#4952);
#76 = MANIFOLD_SOLID_BREP('',#77);
#77 = CLOSED_SHELL('',(#78,#118,#158,#189,#220,#292,#323,#363,#387,#571,
    #593,#642,#682,#713,#746,#770,#794,#827,#869,#893,#919,#951,#983,
    #1087,#1118,#1149,#1183,#1214,#1236,#1248,#1265,#1289,#1347,#1378,
    #1412,#1441,#1453,#1470,#1494,#1621,#1633,#1664,#1688,#1761,#1785,
    #1802,#1875,#1932,#1963,#2005,#2047,#2083,#2114,#2154,#2217,#2273,
    #2345,#2509,#2521,#2545,#2569,#2586,#2598,#2622,#2646,#2663,#2675,
    #2699,#2723,#2740,#2752,#2764,#2797,#2814,#2826,#2854,#2878,#2909,
    #2940,#2964,#2988,#3012,#3043,#3093,#3117,#3141,#3198,#3215,#3272,
    #3303,#3345,#3387,#3423,#3447,#3464,#3608,#3630,#3647,#3664,#3676,
    #3693,#3750,#3799,#3853,#3870,#3882,#3923,#3935,#3952,#3969,#4000,
    #4043,#4067,#4091,#4139,#4156,#4213,#4244,#4286,#4328,#4364,#4381,
    #4393,#4410,#4467,#4516,#4570,#4587,#4599,#4640,#4652,#4669,#4681,
    #4698,#4755,#4804,#4858,#4875,#4887,#4928,#4940));
#78 = ADVANCED_FACE('',(#79),#113,.F.);
#79 = FACE_BOUND('',#80,.F.);
#80 = EDGE_LOOP('',(#81,#91,#99,#107));
#81 = ORIENTED_EDGE('',*,*,#82,.T.);
#82 = EDGE_CURVE('',#83,#85,#87,.T.);
#83 = VERTEX_POINT('',#84);
#84 = CARTESIAN_POINT('',(-2.75,-4.525,0.1));
#85 = VERTEX_POINT('',#86);
#86 = CARTESIAN_POINT('',(-2.,-4.525,0.1));
#87 = LINE('',#88,#89);
#88 = CARTESIAN_POINT('',(-2.75,-4.525,0.1));
#89 = VECTOR('',#90,1.);
#90 = DIRECTION('',(1.,0.,0.));
#91 = ORIENTED_EDGE('',*,*,#92,.F.);
#92 = EDGE_CURVE('',#93,#85,#95,.T.);
#93 = VERTEX_POINT('',#94);
#94 = CARTESIAN_POINT('',(-2.,-4.525,-1.9));
#95 = LINE('',#96,#97);
#96 = CARTESIAN_POINT('',(-2.,-4.525,-1.9));
#97 = VECTOR('',#98,1.);
#98 = DIRECTION('',(0.,0.,1.));
#99 = ORIENTED_EDGE('',*,*,#100,.T.);
#100 = EDGE_CURVE('',#93,#101,#103,.T.);
#101 = VERTEX_POINT('',#102);
#102 = CARTESIAN_POINT('',(-2.75,-4.525,-1.9));
#103 = LINE('',#104,#105);
#104 = CARTESIAN_POINT('',(-2.,-4.525,-1.9));
#105 = VECTOR('',#106,1.);
#106 = DIRECTION('',(-1.,0.,0.));
#107 = ORIENTED_EDGE('',*,*,#108,.T.);
#108 = EDGE_CURVE('',#101,#83,#109,.T.);
#109 = LINE('',#110,#111);
#110 = CARTESIAN_POINT('',(-2.75,-4.525,-1.9));
#111 = VECTOR('',#112,1.);
#112 = DIRECTION('',(0.,0.,1.));
#113 = PLANE('',#114);
#114 = AXIS2_PLACEMENT_3D('',#115,#116,#117);
#115 = CARTESIAN_POINT('',(0.,-4.525,0.));
#116 = DIRECTION('',(0.,1.,0.));
#117 = DIRECTION('',(1.,0.,0.));
#118 = ADVANCED_FACE('',(#119),#153,.F.);
#119 = FACE_BOUND('',#120,.F.);
#120 = EDGE_LOOP('',(#121,#131,#139,#147));
#121 = ORIENTED_EDGE('',*,*,#122,.T.);
#122 = EDGE_CURVE('',#123,#125,#127,.T.);
#123 = VERTEX_POINT('',#124);
#124 = CARTESIAN_POINT('',(2.,-4.525,0.1));
#125 = VERTEX_POINT('',#126);
#126 = CARTESIAN_POINT('',(2.75,-4.525,0.1));
#127 = LINE('',#128,#129);
#128 = CARTESIAN_POINT('',(2.,-4.525,0.1));
#129 = VECTOR('',#130,1.);
#130 = DIRECTION('',(1.,0.,0.));
#131 = ORIENTED_EDGE('',*,*,#132,.T.);
#132 = EDGE_CURVE('',#125,#133,#135,.T.);
#133 = VERTEX_POINT('',#134);
#134 = CARTESIAN_POINT('',(2.75,-4.525,-1.9));
#135 = LINE('',#136,#137);
#136 = CARTESIAN_POINT('',(2.75,-4.525,0.1));
#137 = VECTOR('',#138,1.);
#138 = DIRECTION('',(0.,0.,-1.));
#139 = ORIENTED_EDGE('',*,*,#140,.T.);
#140 = EDGE_CURVE('',#133,#141,#143,.T.);
#141 = VERTEX_POINT('',#142);
#142 = CARTESIAN_POINT('',(2.,-4.525,-1.9));
#143 = LINE('',#144,#145);
#144 = CARTESIAN_POINT('',(2.75,-4.525,-1.9));
#145 = VECTOR('',#146,1.);
#146 = DIRECTION('',(-1.,0.,0.));
#147 = ORIENTED_EDGE('',*,*,#148,.F.);
#148 = EDGE_CURVE('',#123,#141,#149,.T.);
#149 = LINE('',#150,#151);
#150 = CARTESIAN_POINT('',(2.,-4.525,0.1));
#151 = VECTOR('',#152,1.);
#152 = DIRECTION('',(0.,0.,-1.));
#153 = PLANE('',#154);
#154 = AXIS2_PLACEMENT_3D('',#155,#156,#157);
#155 = CARTESIAN_POINT('',(0.,-4.525,0.));
#156 = DIRECTION('',(0.,1.,0.));
#157 = DIRECTION('',(1.,0.,0.));
#158 = ADVANCED_FACE('',(#159),#184,.F.);
#159 = FACE_BOUND('',#160,.F.);
#160 = EDGE_LOOP('',(#161,#162,#170,#178));
#161 = ORIENTED_EDGE('',*,*,#82,.F.);
#162 = ORIENTED_EDGE('',*,*,#163,.T.);
#163 = EDGE_CURVE('',#83,#164,#166,.T.);
#164 = VERTEX_POINT('',#165);
#165 = CARTESIAN_POINT('',(-2.75,-3.225,0.6));
#166 = LINE('',#167,#168);
#167 = CARTESIAN_POINT('',(-2.75,-4.525,0.1));
#168 = VECTOR('',#169,1.);
#169 = DIRECTION('',(0.,0.933345606203,0.358979079309));
#170 = ORIENTED_EDGE('',*,*,#171,.F.);
#171 = EDGE_CURVE('',#172,#164,#174,.T.);
#172 = VERTEX_POINT('',#173);
#173 = CARTESIAN_POINT('',(-2.,-3.225,0.6));
#174 = LINE('',#175,#176);
#175 = CARTESIAN_POINT('',(-2.,-3.225,0.6));
#176 = VECTOR('',#177,1.);
#177 = DIRECTION('',(-1.,0.,0.));
#178 = ORIENTED_EDGE('',*,*,#179,.F.);
#179 = EDGE_CURVE('',#85,#172,#180,.T.);
#180 = LINE('',#181,#182);
#181 = CARTESIAN_POINT('',(-2.,-4.525,0.1));
#182 = VECTOR('',#183,1.);
#183 = DIRECTION('',(0.,0.933345606203,0.358979079309));
#184 = PLANE('',#185);
#185 = AXIS2_PLACEMENT_3D('',#186,#187,#188);
#186 = CARTESIAN_POINT('',(3.3,-4.525,0.1));
#187 = DIRECTION('',(0.,0.358979079309,-0.933345606203));
#188 = DIRECTION('',(0.,0.933345606203,0.358979079309));
#189 = ADVANCED_FACE('',(#190),#215,.F.);
#190 = FACE_BOUND('',#191,.F.);
#191 = EDGE_LOOP('',(#192,#193,#201,#209));
#192 = ORIENTED_EDGE('',*,*,#122,.F.);
#193 = ORIENTED_EDGE('',*,*,#194,.T.);
#194 = EDGE_CURVE('',#123,#195,#197,.T.);
#195 = VERTEX_POINT('',#196);
#196 = CARTESIAN_POINT('',(2.,-3.225,0.6));
#197 = LINE('',#198,#199);
#198 = CARTESIAN_POINT('',(2.,-4.525,0.1));
#199 = VECTOR('',#200,1.);
#200 = DIRECTION('',(0.,0.933345606203,0.358979079309));
#201 = ORIENTED_EDGE('',*,*,#202,.F.);
#202 = EDGE_CURVE('',#203,#195,#205,.T.);
#203 = VERTEX_POINT('',#204);
#204 = CARTESIAN_POINT('',(2.75,-3.225,0.6));
#205 = LINE('',#206,#207);
#206 = CARTESIAN_POINT('',(2.75,-3.225,0.6));
#207 = VECTOR('',#208,1.);
#208 = DIRECTION('',(-1.,0.,0.));
#209 = ORIENTED_EDGE('',*,*,#210,.F.);
#210 = EDGE_CURVE('',#125,#203,#211,.T.);
#211 = LINE('',#212,#213);
#212 = CARTESIAN_POINT('',(2.75,-4.525,0.1));
#213 = VECTOR('',#214,1.);
#214 = DIRECTION('',(0.,0.933345606203,0.358979079309));
#215 = PLANE('',#216);
#216 = AXIS2_PLACEMENT_3D('',#217,#218,#219);
#217 = CARTESIAN_POINT('',(3.3,-4.525,0.1));
#218 = DIRECTION('',(0.,0.358979079309,-0.933345606203));
#219 = DIRECTION('',(0.,0.933345606203,0.358979079309));
#220 = ADVANCED_FACE('',(#221),#287,.T.);
#221 = FACE_BOUND('',#222,.F.);
#222 = EDGE_LOOP('',(#223,#233,#239,#240,#241,#249,#257,#265,#273,#281)
  );
#223 = ORIENTED_EDGE('',*,*,#224,.F.);
#224 = EDGE_CURVE('',#225,#227,#229,.T.);
#225 = VERTEX_POINT('',#226);
#226 = CARTESIAN_POINT('',(-2.75,-3.225,1.));
#227 = VERTEX_POINT('',#228);
#228 = CARTESIAN_POINT('',(-2.75,-2.975,1.));
#229 = LINE('',#230,#231);
#230 = CARTESIAN_POINT('',(-2.75,-3.225,1.));
#231 = VECTOR('',#232,1.);
#232 = DIRECTION('',(0.,1.,0.));
#233 = ORIENTED_EDGE('',*,*,#234,.T.);
#234 = EDGE_CURVE('',#225,#164,#235,.T.);
#235 = LINE('',#236,#237);
#236 = CARTESIAN_POINT('',(-2.75,-3.225,1.));
#237 = VECTOR('',#238,1.);
#238 = DIRECTION('',(0.,0.,-1.));
#239 = ORIENTED_EDGE('',*,*,#163,.F.);
#240 = ORIENTED_EDGE('',*,*,#108,.F.);
#241 = ORIENTED_EDGE('',*,*,#242,.T.);
#242 = EDGE_CURVE('',#101,#243,#245,.T.);
#243 = VERTEX_POINT('',#244);
#244 = CARTESIAN_POINT('',(-2.75,0.975,-1.9));
#245 = LINE('',#246,#247);
#246 = CARTESIAN_POINT('',(-2.75,-4.525,-1.9));
#247 = VECTOR('',#248,1.);
#248 = DIRECTION('',(0.,1.,0.));
#249 = ORIENTED_EDGE('',*,*,#250,.T.);
#250 = EDGE_CURVE('',#243,#251,#253,.T.);
#251 = VERTEX_POINT('',#252);
#252 = CARTESIAN_POINT('',(-2.75,0.975,1.2));
#253 = LINE('',#254,#255);
#254 = CARTESIAN_POINT('',(-2.75,0.975,-1.9));
#255 = VECTOR('',#256,1.);
#256 = DIRECTION('',(0.,0.,1.));
#257 = ORIENTED_EDGE('',*,*,#258,.T.);
#258 = EDGE_CURVE('',#251,#259,#261,.T.);
#259 = VERTEX_POINT('',#260);
#260 = CARTESIAN_POINT('',(-2.75,-2.500000000001E-02,1.2));
#261 = LINE('',#262,#263);
#262 = CARTESIAN_POINT('',(-2.75,0.975,1.2));
#263 = VECTOR('',#264,1.);
#264 = DIRECTION('',(0.,-1.,0.));
#265 = ORIENTED_EDGE('',*,*,#266,.F.);
#266 = EDGE_CURVE('',#267,#259,#269,.T.);
#267 = VERTEX_POINT('',#268);
#268 = CARTESIAN_POINT('',(-2.75,-2.500000000001E-02,1.6));
#269 = LINE('',#270,#271);
#270 = CARTESIAN_POINT('',(-2.75,-2.500000000001E-02,1.6));
#271 = VECTOR('',#272,1.);
#272 = DIRECTION('',(0.,0.,-1.));
#273 = ORIENTED_EDGE('',*,*,#274,.F.);
#274 = EDGE_CURVE('',#275,#267,#277,.T.);
#275 = VERTEX_POINT('',#276);
#276 = CARTESIAN_POINT('',(-2.75,-2.975,1.6));
#277 = LINE('',#278,#279);
#278 = CARTESIAN_POINT('',(-2.75,-2.975,1.6));
#279 = VECTOR('',#280,1.);
#280 = DIRECTION('',(0.,1.,0.));
#281 = ORIENTED_EDGE('',*,*,#282,.T.);
#282 = EDGE_CURVE('',#275,#227,#283,.T.);
#283 = LINE('',#284,#285);
#284 = CARTESIAN_POINT('',(-2.75,-2.975,1.6));
#285 = VECTOR('',#286,1.);
#286 = DIRECTION('',(0.,0.,-1.));
#287 = PLANE('',#288);
#288 = AXIS2_PLACEMENT_3D('',#289,#290,#291);
#289 = CARTESIAN_POINT('',(-2.75,-4.525,-1.9));
#290 = DIRECTION('',(-1.,0.,0.));
#291 = DIRECTION('',(0.,0.,1.));
#292 = ADVANCED_FACE('',(#293),#318,.T.);
#293 = FACE_BOUND('',#294,.F.);
#294 = EDGE_LOOP('',(#295,#296,#304,#312));
#295 = ORIENTED_EDGE('',*,*,#224,.T.);
#296 = ORIENTED_EDGE('',*,*,#297,.F.);
#297 = EDGE_CURVE('',#298,#227,#300,.T.);
#298 = VERTEX_POINT('',#299);
#299 = CARTESIAN_POINT('',(-2.25,-2.975,1.));
#300 = LINE('',#301,#302);
#301 = CARTESIAN_POINT('',(-2.25,-2.975,1.));
#302 = VECTOR('',#303,1.);
#303 = DIRECTION('',(-1.,0.,0.));
#304 = ORIENTED_EDGE('',*,*,#305,.F.);
#305 = EDGE_CURVE('',#306,#298,#308,.T.);
#306 = VERTEX_POINT('',#307);
#307 = CARTESIAN_POINT('',(-2.25,-3.225,1.));
#308 = LINE('',#309,#310);
#309 = CARTESIAN_POINT('',(-2.25,-3.225,1.));
#310 = VECTOR('',#311,1.);
#311 = DIRECTION('',(0.,1.,0.));
#312 = ORIENTED_EDGE('',*,*,#313,.F.);
#313 = EDGE_CURVE('',#225,#306,#314,.T.);
#314 = LINE('',#315,#316);
#315 = CARTESIAN_POINT('',(-2.75,-3.225,1.));
#316 = VECTOR('',#317,1.);
#317 = DIRECTION('',(1.,0.,0.));
#318 = PLANE('',#319);
#319 = AXIS2_PLACEMENT_3D('',#320,#321,#322);
#320 = CARTESIAN_POINT('',(-2.75,-4.525,1.));
#321 = DIRECTION('',(0.,0.,1.));
#322 = DIRECTION('',(1.,0.,-0.));
#323 = ADVANCED_FACE('',(#324),#358,.T.);
#324 = FACE_BOUND('',#325,.F.);
#325 = EDGE_LOOP('',(#326,#336,#344,#352));
#326 = ORIENTED_EDGE('',*,*,#327,.F.);
#327 = EDGE_CURVE('',#328,#330,#332,.T.);
#328 = VERTEX_POINT('',#329);
#329 = CARTESIAN_POINT('',(2.75,-3.225,1.));
#330 = VERTEX_POINT('',#331);
#331 = CARTESIAN_POINT('',(2.75,-2.975,1.));
#332 = LINE('',#333,#334);
#333 = CARTESIAN_POINT('',(2.75,-3.225,1.));
#334 = VECTOR('',#335,1.);
#335 = DIRECTION('',(0.,1.,0.));
#336 = ORIENTED_EDGE('',*,*,#337,.F.);
#337 = EDGE_CURVE('',#338,#328,#340,.T.);
#338 = VERTEX_POINT('',#339);
#339 = CARTESIAN_POINT('',(2.25,-3.225,1.));
#340 = LINE('',#341,#342);
#341 = CARTESIAN_POINT('',(2.25,-3.225,1.));
#342 = VECTOR('',#343,1.);
#343 = DIRECTION('',(1.,0.,0.));
#344 = ORIENTED_EDGE('',*,*,#345,.F.);
#345 = EDGE_CURVE('',#346,#338,#348,.T.);
#346 = VERTEX_POINT('',#347);
#347 = CARTESIAN_POINT('',(2.25,-2.975,1.));
#348 = LINE('',#349,#350);
#349 = CARTESIAN_POINT('',(2.25,-2.975,1.));
#350 = VECTOR('',#351,1.);
#351 = DIRECTION('',(0.,-1.,0.));
#352 = ORIENTED_EDGE('',*,*,#353,.F.);
#353 = EDGE_CURVE('',#330,#346,#354,.T.);
#354 = LINE('',#355,#356);
#355 = CARTESIAN_POINT('',(2.75,-2.975,1.));
#356 = VECTOR('',#357,1.);
#357 = DIRECTION('',(-1.,0.,0.));
#358 = PLANE('',#359);
#359 = AXIS2_PLACEMENT_3D('',#360,#361,#362);
#360 = CARTESIAN_POINT('',(-2.75,-4.525,1.));
#361 = DIRECTION('',(0.,0.,1.));
#362 = DIRECTION('',(1.,0.,-0.));
#363 = ADVANCED_FACE('',(#364),#382,.F.);
#364 = FACE_BOUND('',#365,.F.);
#365 = EDGE_LOOP('',(#366,#367,#375,#381));
#366 = ORIENTED_EDGE('',*,*,#282,.F.);
#367 = ORIENTED_EDGE('',*,*,#368,.T.);
#368 = EDGE_CURVE('',#275,#369,#371,.T.);
#369 = VERTEX_POINT('',#370);
#370 = CARTESIAN_POINT('',(-2.25,-2.975,1.6));
#371 = LINE('',#372,#373);
#372 = CARTESIAN_POINT('',(-2.75,-2.975,1.6));
#373 = VECTOR('',#374,1.);
#374 = DIRECTION('',(1.,0.,0.));
#375 = ORIENTED_EDGE('',*,*,#376,.T.);
#376 = EDGE_CURVE('',#369,#298,#377,.T.);
#377 = LINE('',#378,#379);
#378 = CARTESIAN_POINT('',(-2.25,-2.975,1.6));
#379 = VECTOR('',#380,1.);
#380 = DIRECTION('',(0.,0.,-1.));
#381 = ORIENTED_EDGE('',*,*,#297,.T.);
#382 = PLANE('',#383);
#383 = AXIS2_PLACEMENT_3D('',#384,#385,#386);
#384 = CARTESIAN_POINT('',(-2.25,-2.975,1.6));
#385 = DIRECTION('',(0.,1.,0.));
#386 = DIRECTION('',(-1.,0.,0.));
#387 = ADVANCED_FACE('',(#388),#566,.T.);
#388 = FACE_BOUND('',#389,.F.);
#389 = EDGE_LOOP('',(#390,#400,#408,#416,#424,#432,#440,#448,#456,#464,
    #472,#480,#488,#496,#504,#512,#518,#519,#520,#528,#536,#544,#552,
    #560));
#390 = ORIENTED_EDGE('',*,*,#391,.T.);
#391 = EDGE_CURVE('',#392,#394,#396,.T.);
#392 = VERTEX_POINT('',#393);
#393 = CARTESIAN_POINT('',(2.75,-2.975,1.6));
#394 = VERTEX_POINT('',#395);
#395 = CARTESIAN_POINT('',(2.25,-2.975,1.6));
#396 = LINE('',#397,#398);
#397 = CARTESIAN_POINT('',(2.75,-2.975,1.6));
#398 = VECTOR('',#399,1.);
#399 = DIRECTION('',(-1.,0.,0.));
#400 = ORIENTED_EDGE('',*,*,#401,.F.);
#401 = EDGE_CURVE('',#402,#394,#404,.T.);
#402 = VERTEX_POINT('',#403);
#403 = CARTESIAN_POINT('',(2.25,-3.225,1.6));
#404 = LINE('',#405,#406);
#405 = CARTESIAN_POINT('',(2.25,-3.225,1.6));
#406 = VECTOR('',#407,1.);
#407 = DIRECTION('',(0.,1.,0.));
#408 = ORIENTED_EDGE('',*,*,#409,.F.);
#409 = EDGE_CURVE('',#410,#402,#412,.T.);
#410 = VERTEX_POINT('',#411);
#411 = CARTESIAN_POINT('',(1.55,-3.225,1.6));
#412 = LINE('',#413,#414);
#413 = CARTESIAN_POINT('',(1.55,-3.225,1.6));
#414 = VECTOR('',#415,1.);
#415 = DIRECTION('',(1.,0.,0.));
#416 = ORIENTED_EDGE('',*,*,#417,.T.);
#417 = EDGE_CURVE('',#410,#418,#420,.T.);
#418 = VERTEX_POINT('',#419);
#419 = CARTESIAN_POINT('',(1.55,-2.925,1.6));
#420 = LINE('',#421,#422);
#421 = CARTESIAN_POINT('',(1.55,-3.225,1.6));
#422 = VECTOR('',#423,1.);
#423 = DIRECTION('',(0.,1.,0.));
#424 = ORIENTED_EDGE('',*,*,#425,.T.);
#425 = EDGE_CURVE('',#418,#426,#428,.T.);
#426 = VERTEX_POINT('',#427);
#427 = CARTESIAN_POINT('',(0.95,-2.925,1.6));
#428 = LINE('',#429,#430);
#429 = CARTESIAN_POINT('',(1.55,-2.925,1.6));
#430 = VECTOR('',#431,1.);
#431 = DIRECTION('',(-1.,0.,0.));
#432 = ORIENTED_EDGE('',*,*,#433,.F.);
#433 = EDGE_CURVE('',#434,#426,#436,.T.);
#434 = VERTEX_POINT('',#435);
#435 = CARTESIAN_POINT('',(0.95,-3.225,1.6));
#436 = LINE('',#437,#438);
#437 = CARTESIAN_POINT('',(0.95,-3.225,1.6));
#438 = VECTOR('',#439,1.);
#439 = DIRECTION('',(0.,1.,0.));
#440 = ORIENTED_EDGE('',*,*,#441,.F.);
#441 = EDGE_CURVE('',#442,#434,#444,.T.);
#442 = VERTEX_POINT('',#443);
#443 = CARTESIAN_POINT('',(0.3,-3.225,1.6));
#444 = LINE('',#445,#446);
#445 = CARTESIAN_POINT('',(0.3,-3.225,1.6));
#446 = VECTOR('',#447,1.);
#447 = DIRECTION('',(1.,0.,0.));
#448 = ORIENTED_EDGE('',*,*,#449,.T.);
#449 = EDGE_CURVE('',#442,#450,#452,.T.);
#450 = VERTEX_POINT('',#451);
#451 = CARTESIAN_POINT('',(0.3,-2.925,1.6));
#452 = LINE('',#453,#454);
#453 = CARTESIAN_POINT('',(0.3,-3.225,1.6));
#454 = VECTOR('',#455,1.);
#455 = DIRECTION('',(0.,1.,0.));
#456 = ORIENTED_EDGE('',*,*,#457,.T.);
#457 = EDGE_CURVE('',#450,#458,#460,.T.);
#458 = VERTEX_POINT('',#459);
#459 = CARTESIAN_POINT('',(-0.3,-2.925,1.6));
#460 = LINE('',#461,#462);
#461 = CARTESIAN_POINT('',(0.3,-2.925,1.6));
#462 = VECTOR('',#463,1.);
#463 = DIRECTION('',(-1.,0.,0.));
#464 = ORIENTED_EDGE('',*,*,#465,.F.);
#465 = EDGE_CURVE('',#466,#458,#468,.T.);
#466 = VERTEX_POINT('',#467);
#467 = CARTESIAN_POINT('',(-0.3,-3.225,1.6));
#468 = LINE('',#469,#470);
#469 = CARTESIAN_POINT('',(-0.3,-3.225,1.6));
#470 = VECTOR('',#471,1.);
#471 = DIRECTION('',(0.,1.,0.));
#472 = ORIENTED_EDGE('',*,*,#473,.F.);
#473 = EDGE_CURVE('',#474,#466,#476,.T.);
#474 = VERTEX_POINT('',#475);
#475 = CARTESIAN_POINT('',(-0.95,-3.225,1.6));
#476 = LINE('',#477,#478);
#477 = CARTESIAN_POINT('',(-0.95,-3.225,1.6));
#478 = VECTOR('',#479,1.);
#479 = DIRECTION('',(1.,0.,0.));
#480 = ORIENTED_EDGE('',*,*,#481,.T.);
#481 = EDGE_CURVE('',#474,#482,#484,.T.);
#482 = VERTEX_POINT('',#483);
#483 = CARTESIAN_POINT('',(-0.95,-2.925,1.6));
#484 = LINE('',#485,#486);
#485 = CARTESIAN_POINT('',(-0.95,-3.225,1.6));
#486 = VECTOR('',#487,1.);
#487 = DIRECTION('',(0.,1.,0.));
#488 = ORIENTED_EDGE('',*,*,#489,.T.);
#489 = EDGE_CURVE('',#482,#490,#492,.T.);
#490 = VERTEX_POINT('',#491);
#491 = CARTESIAN_POINT('',(-1.55,-2.925,1.6));
#492 = LINE('',#493,#494);
#493 = CARTESIAN_POINT('',(-0.95,-2.925,1.6));
#494 = VECTOR('',#495,1.);
#495 = DIRECTION('',(-1.,0.,0.));
#496 = ORIENTED_EDGE('',*,*,#497,.F.);
#497 = EDGE_CURVE('',#498,#490,#500,.T.);
#498 = VERTEX_POINT('',#499);
#499 = CARTESIAN_POINT('',(-1.55,-3.225,1.6));
#500 = LINE('',#501,#502);
#501 = CARTESIAN_POINT('',(-1.55,-3.225,1.6));
#502 = VECTOR('',#503,1.);
#503 = DIRECTION('',(0.,1.,0.));
#504 = ORIENTED_EDGE('',*,*,#505,.F.);
#505 = EDGE_CURVE('',#506,#498,#508,.T.);
#506 = VERTEX_POINT('',#507);
#507 = CARTESIAN_POINT('',(-2.25,-3.225,1.6));
#508 = LINE('',#509,#510);
#509 = CARTESIAN_POINT('',(-2.25,-3.225,1.6));
#510 = VECTOR('',#511,1.);
#511 = DIRECTION('',(1.,0.,0.));
#512 = ORIENTED_EDGE('',*,*,#513,.T.);
#513 = EDGE_CURVE('',#506,#369,#514,.T.);
#514 = LINE('',#515,#516);
#515 = CARTESIAN_POINT('',(-2.25,-3.225,1.6));
#516 = VECTOR('',#517,1.);
#517 = DIRECTION('',(0.,1.,0.));
#518 = ORIENTED_EDGE('',*,*,#368,.F.);
#519 = ORIENTED_EDGE('',*,*,#274,.T.);
#520 = ORIENTED_EDGE('',*,*,#521,.T.);
#521 = EDGE_CURVE('',#267,#522,#524,.T.);
#522 = VERTEX_POINT('',#523);
#523 = CARTESIAN_POINT('',(-1.8,-2.500000000001E-02,1.6));
#524 = LINE('',#525,#526);
#525 = CARTESIAN_POINT('',(-2.75,-2.500000000001E-02,1.6));
#526 = VECTOR('',#527,1.);
#527 = DIRECTION('',(1.,0.,0.));
#528 = ORIENTED_EDGE('',*,*,#529,.T.);
#529 = EDGE_CURVE('',#522,#530,#532,.T.);
#530 = VERTEX_POINT('',#531);
#531 = CARTESIAN_POINT('',(-1.8,-0.625,1.6));
#532 = LINE('',#533,#534);
#533 = CARTESIAN_POINT('',(-1.8,-2.500000000001E-02,1.6));
#534 = VECTOR('',#535,1.);
#535 = DIRECTION('',(0.,-1.,0.));
#536 = ORIENTED_EDGE('',*,*,#537,.T.);
#537 = EDGE_CURVE('',#530,#538,#540,.T.);
#538 = VERTEX_POINT('',#539);
#539 = CARTESIAN_POINT('',(1.8,-0.625,1.6));
#540 = LINE('',#541,#542);
#541 = CARTESIAN_POINT('',(-1.8,-0.625,1.6));
#542 = VECTOR('',#543,1.);
#543 = DIRECTION('',(1.,0.,0.));
#544 = ORIENTED_EDGE('',*,*,#545,.T.);
#545 = EDGE_CURVE('',#538,#546,#548,.T.);
#546 = VERTEX_POINT('',#547);
#547 = CARTESIAN_POINT('',(1.8,-2.500000000001E-02,1.6));
#548 = LINE('',#549,#550);
#549 = CARTESIAN_POINT('',(1.8,-0.625,1.6));
#550 = VECTOR('',#551,1.);
#551 = DIRECTION('',(0.,1.,0.));
#552 = ORIENTED_EDGE('',*,*,#553,.F.);
#553 = EDGE_CURVE('',#554,#546,#556,.T.);
#554 = VERTEX_POINT('',#555);
#555 = CARTESIAN_POINT('',(2.75,-2.500000000001E-02,1.6));
#556 = LINE('',#557,#558);
#557 = CARTESIAN_POINT('',(2.75,-2.500000000001E-02,1.6));
#558 = VECTOR('',#559,1.);
#559 = DIRECTION('',(-1.,0.,0.));
#560 = ORIENTED_EDGE('',*,*,#561,.F.);
#561 = EDGE_CURVE('',#392,#554,#562,.T.);
#562 = LINE('',#563,#564);
#563 = CARTESIAN_POINT('',(2.75,-2.975,1.6));
#564 = VECTOR('',#565,1.);
#565 = DIRECTION('',(0.,1.,0.));
#566 = PLANE('',#567);
#567 = AXIS2_PLACEMENT_3D('',#568,#569,#570);
#568 = CARTESIAN_POINT('',(-2.75,-4.525,1.6));
#569 = DIRECTION('',(0.,0.,1.));
#570 = DIRECTION('',(1.,0.,-0.));
#571 = ADVANCED_FACE('',(#572),#588,.F.);
#572 = FACE_BOUND('',#573,.F.);
#573 = EDGE_LOOP('',(#574,#575,#581,#582));
#574 = ORIENTED_EDGE('',*,*,#391,.F.);
#575 = ORIENTED_EDGE('',*,*,#576,.T.);
#576 = EDGE_CURVE('',#392,#330,#577,.T.);
#577 = LINE('',#578,#579);
#578 = CARTESIAN_POINT('',(2.75,-2.975,1.6));
#579 = VECTOR('',#580,1.);
#580 = DIRECTION('',(0.,0.,-1.));
#581 = ORIENTED_EDGE('',*,*,#353,.T.);
#582 = ORIENTED_EDGE('',*,*,#583,.F.);
#583 = EDGE_CURVE('',#394,#346,#584,.T.);
#584 = LINE('',#585,#586);
#585 = CARTESIAN_POINT('',(2.25,-2.975,1.6));
#586 = VECTOR('',#587,1.);
#587 = DIRECTION('',(0.,0.,-1.));
#588 = PLANE('',#589);
#589 = AXIS2_PLACEMENT_3D('',#590,#591,#592);
#590 = CARTESIAN_POINT('',(2.75,-2.975,1.6));
#591 = DIRECTION('',(0.,1.,0.));
#592 = DIRECTION('',(-1.,0.,0.));
#593 = ADVANCED_FACE('',(#594),#637,.T.);
#594 = FACE_BOUND('',#595,.F.);
#595 = EDGE_LOOP('',(#596,#597,#598,#599,#607,#615,#623,#629,#630,#631)
  );
#596 = ORIENTED_EDGE('',*,*,#327,.T.);
#597 = ORIENTED_EDGE('',*,*,#576,.F.);
#598 = ORIENTED_EDGE('',*,*,#561,.T.);
#599 = ORIENTED_EDGE('',*,*,#600,.T.);
#600 = EDGE_CURVE('',#554,#601,#603,.T.);
#601 = VERTEX_POINT('',#602);
#602 = CARTESIAN_POINT('',(2.75,-2.500000000001E-02,1.2));
#603 = LINE('',#604,#605);
#604 = CARTESIAN_POINT('',(2.75,-2.500000000001E-02,1.6));
#605 = VECTOR('',#606,1.);
#606 = DIRECTION('',(0.,0.,-1.));
#607 = ORIENTED_EDGE('',*,*,#608,.F.);
#608 = EDGE_CURVE('',#609,#601,#611,.T.);
#609 = VERTEX_POINT('',#610);
#610 = CARTESIAN_POINT('',(2.75,0.975,1.2));
#611 = LINE('',#612,#613);
#612 = CARTESIAN_POINT('',(2.75,0.975,1.2));
#613 = VECTOR('',#614,1.);
#614 = DIRECTION('',(0.,-1.,0.));
#615 = ORIENTED_EDGE('',*,*,#616,.T.);
#616 = EDGE_CURVE('',#609,#617,#619,.T.);
#617 = VERTEX_POINT('',#618);
#618 = CARTESIAN_POINT('',(2.75,0.975,-1.9));
#619 = LINE('',#620,#621);
#620 = CARTESIAN_POINT('',(2.75,0.975,1.2));
#621 = VECTOR('',#622,1.);
#622 = DIRECTION('',(0.,0.,-1.));
#623 = ORIENTED_EDGE('',*,*,#624,.F.);
#624 = EDGE_CURVE('',#133,#617,#625,.T.);
#625 = LINE('',#626,#627);
#626 = CARTESIAN_POINT('',(2.75,-4.525,-1.9));
#627 = VECTOR('',#628,1.);
#628 = DIRECTION('',(0.,1.,0.));
#629 = ORIENTED_EDGE('',*,*,#132,.F.);
#630 = ORIENTED_EDGE('',*,*,#210,.T.);
#631 = ORIENTED_EDGE('',*,*,#632,.F.);
#632 = EDGE_CURVE('',#328,#203,#633,.T.);
#633 = LINE('',#634,#635);
#634 = CARTESIAN_POINT('',(2.75,-3.225,1.));
#635 = VECTOR('',#636,1.);
#636 = DIRECTION('',(0.,0.,-1.));
#637 = PLANE('',#638);
#638 = AXIS2_PLACEMENT_3D('',#639,#640,#641);
#639 = CARTESIAN_POINT('',(2.75,-4.525,1.6));
#640 = DIRECTION('',(1.,0.,0.));
#641 = DIRECTION('',(0.,0.,-1.));
#642 = ADVANCED_FACE('',(#643),#677,.F.);
#643 = FACE_BOUND('',#644,.F.);
#644 = EDGE_LOOP('',(#645,#655,#663,#669,#670,#671));
#645 = ORIENTED_EDGE('',*,*,#646,.T.);
#646 = EDGE_CURVE('',#647,#649,#651,.T.);
#647 = VERTEX_POINT('',#648);
#648 = CARTESIAN_POINT('',(1.8,-2.500000000001E-02,1.4));
#649 = VERTEX_POINT('',#650);
#650 = CARTESIAN_POINT('',(2.15,-2.500000000001E-02,1.4));
#651 = LINE('',#652,#653);
#652 = CARTESIAN_POINT('',(1.8,-2.500000000001E-02,1.4));
#653 = VECTOR('',#654,1.);
#654 = DIRECTION('',(1.,0.,0.));
#655 = ORIENTED_EDGE('',*,*,#656,.T.);
#656 = EDGE_CURVE('',#649,#657,#659,.T.);
#657 = VERTEX_POINT('',#658);
#658 = CARTESIAN_POINT('',(2.15,-2.500000000001E-02,1.2));
#659 = LINE('',#660,#661);
#660 = CARTESIAN_POINT('',(2.15,-2.500000000001E-02,1.4));
#661 = VECTOR('',#662,1.);
#662 = DIRECTION('',(0.,0.,-1.));
#663 = ORIENTED_EDGE('',*,*,#664,.T.);
#664 = EDGE_CURVE('',#657,#601,#665,.T.);
#665 = LINE('',#666,#667);
#666 = CARTESIAN_POINT('',(2.15,-2.500000000001E-02,1.2));
#667 = VECTOR('',#668,1.);
#668 = DIRECTION('',(1.,0.,0.));
#669 = ORIENTED_EDGE('',*,*,#600,.F.);
#670 = ORIENTED_EDGE('',*,*,#553,.T.);
#671 = ORIENTED_EDGE('',*,*,#672,.T.);
#672 = EDGE_CURVE('',#546,#647,#673,.T.);
#673 = LINE('',#674,#675);
#674 = CARTESIAN_POINT('',(1.8,-2.500000000001E-02,1.6));
#675 = VECTOR('',#676,1.);
#676 = DIRECTION('',(0.,0.,-1.));
#677 = PLANE('',#678);
#678 = AXIS2_PLACEMENT_3D('',#679,#680,#681);
#679 = CARTESIAN_POINT('',(1.8,-2.500000000001E-02,1.6));
#680 = DIRECTION('',(0.,-1.,0.));
#681 = DIRECTION('',(1.,0.,0.));
#682 = ADVANCED_FACE('',(#683),#708,.T.);
#683 = FACE_BOUND('',#684,.F.);
#684 = EDGE_LOOP('',(#685,#686,#694,#702));
#685 = ORIENTED_EDGE('',*,*,#646,.F.);
#686 = ORIENTED_EDGE('',*,*,#687,.T.);
#687 = EDGE_CURVE('',#647,#688,#690,.T.);
#688 = VERTEX_POINT('',#689);
#689 = CARTESIAN_POINT('',(1.8,-0.225,1.2));
#690 = LINE('',#691,#692);
#691 = CARTESIAN_POINT('',(1.8,-2.500000000001E-02,1.4));
#692 = VECTOR('',#693,1.);
#693 = DIRECTION('',(0.,-0.707106781187,-0.707106781187));
#694 = ORIENTED_EDGE('',*,*,#695,.T.);
#695 = EDGE_CURVE('',#688,#696,#698,.T.);
#696 = VERTEX_POINT('',#697);
#697 = CARTESIAN_POINT('',(2.15,-0.225,1.2));
#698 = LINE('',#699,#700);
#699 = CARTESIAN_POINT('',(1.8,-0.225,1.2));
#700 = VECTOR('',#701,1.);
#701 = DIRECTION('',(1.,0.,0.));
#702 = ORIENTED_EDGE('',*,*,#703,.T.);
#703 = EDGE_CURVE('',#696,#649,#704,.T.);
#704 = LINE('',#705,#706);
#705 = CARTESIAN_POINT('',(2.15,-0.225,1.2));
#706 = VECTOR('',#707,1.);
#707 = DIRECTION('',(0.,0.707106781187,0.707106781187));
#708 = PLANE('',#709);
#709 = AXIS2_PLACEMENT_3D('',#710,#711,#712);
#710 = CARTESIAN_POINT('',(1.975,-0.125,1.3));
#711 = DIRECTION('',(0.,0.707106781187,-0.707106781187));
#712 = DIRECTION('',(0.,0.707106781187,0.707106781187));
#713 = ADVANCED_FACE('',(#714),#741,.F.);
#714 = FACE_BOUND('',#715,.F.);
#715 = EDGE_LOOP('',(#716,#724,#732,#738,#739,#740));
#716 = ORIENTED_EDGE('',*,*,#717,.T.);
#717 = EDGE_CURVE('',#538,#718,#720,.T.);
#718 = VERTEX_POINT('',#719);
#719 = CARTESIAN_POINT('',(1.8,-0.625,1.4));
#720 = LINE('',#721,#722);
#721 = CARTESIAN_POINT('',(1.8,-0.625,1.6));
#722 = VECTOR('',#723,1.);
#723 = DIRECTION('',(0.,0.,-1.));
#724 = ORIENTED_EDGE('',*,*,#725,.F.);
#725 = EDGE_CURVE('',#726,#718,#728,.T.);
#726 = VERTEX_POINT('',#727);
#727 = CARTESIAN_POINT('',(1.8,-0.825,1.2));
#728 = LINE('',#729,#730);
#729 = CARTESIAN_POINT('',(1.8,-0.825,1.2));
#730 = VECTOR('',#731,1.);
#731 = DIRECTION('',(0.,0.707106781187,0.707106781187));
#732 = ORIENTED_EDGE('',*,*,#733,.T.);
#733 = EDGE_CURVE('',#726,#688,#734,.T.);
#734 = LINE('',#735,#736);
#735 = CARTESIAN_POINT('',(1.8,-0.825,1.2));
#736 = VECTOR('',#737,1.);
#737 = DIRECTION('',(0.,1.,0.));
#738 = ORIENTED_EDGE('',*,*,#687,.F.);
#739 = ORIENTED_EDGE('',*,*,#672,.F.);
#740 = ORIENTED_EDGE('',*,*,#545,.F.);
#741 = PLANE('',#742);
#742 = AXIS2_PLACEMENT_3D('',#743,#744,#745);
#743 = CARTESIAN_POINT('',(1.8,-0.625,1.6));
#744 = DIRECTION('',(1.,0.,0.));
#745 = DIRECTION('',(-0.,1.,0.));
#746 = ADVANCED_FACE('',(#747),#765,.F.);
#747 = FACE_BOUND('',#748,.F.);
#748 = EDGE_LOOP('',(#749,#757,#758,#759));
#749 = ORIENTED_EDGE('',*,*,#750,.T.);
#750 = EDGE_CURVE('',#751,#718,#753,.T.);
#751 = VERTEX_POINT('',#752);
#752 = CARTESIAN_POINT('',(-1.8,-0.625,1.4));
#753 = LINE('',#754,#755);
#754 = CARTESIAN_POINT('',(-1.8,-0.625,1.4));
#755 = VECTOR('',#756,1.);
#756 = DIRECTION('',(1.,0.,0.));
#757 = ORIENTED_EDGE('',*,*,#717,.F.);
#758 = ORIENTED_EDGE('',*,*,#537,.F.);
#759 = ORIENTED_EDGE('',*,*,#760,.T.);
#760 = EDGE_CURVE('',#530,#751,#761,.T.);
#761 = LINE('',#762,#763);
#762 = CARTESIAN_POINT('',(-1.8,-0.625,1.6));
#763 = VECTOR('',#764,1.);
#764 = DIRECTION('',(0.,0.,-1.));
#765 = PLANE('',#766);
#766 = AXIS2_PLACEMENT_3D('',#767,#768,#769);
#767 = CARTESIAN_POINT('',(-1.8,-0.625,1.6));
#768 = DIRECTION('',(0.,-1.,0.));
#769 = DIRECTION('',(1.,0.,0.));
#770 = ADVANCED_FACE('',(#771),#789,.T.);
#771 = FACE_BOUND('',#772,.F.);
#772 = EDGE_LOOP('',(#773,#774,#782,#788));
#773 = ORIENTED_EDGE('',*,*,#750,.F.);
#774 = ORIENTED_EDGE('',*,*,#775,.T.);
#775 = EDGE_CURVE('',#751,#776,#778,.T.);
#776 = VERTEX_POINT('',#777);
#777 = CARTESIAN_POINT('',(-1.8,-0.825,1.2));
#778 = LINE('',#779,#780);
#779 = CARTESIAN_POINT('',(-1.8,-0.625,1.4));
#780 = VECTOR('',#781,1.);
#781 = DIRECTION('',(0.,-0.707106781187,-0.707106781187));
#782 = ORIENTED_EDGE('',*,*,#783,.T.);
#783 = EDGE_CURVE('',#776,#726,#784,.T.);
#784 = LINE('',#785,#786);
#785 = CARTESIAN_POINT('',(-1.8,-0.825,1.2));
#786 = VECTOR('',#787,1.);
#787 = DIRECTION('',(1.,0.,0.));
#788 = ORIENTED_EDGE('',*,*,#725,.T.);
#789 = PLANE('',#790);
#790 = AXIS2_PLACEMENT_3D('',#791,#792,#793);
#791 = CARTESIAN_POINT('',(0.,-0.725,1.3));
#792 = DIRECTION('',(0.,0.707106781187,-0.707106781187));
#793 = DIRECTION('',(0.,0.707106781187,0.707106781187));
#794 = ADVANCED_FACE('',(#795),#822,.F.);
#795 = FACE_BOUND('',#796,.F.);
#796 = EDGE_LOOP('',(#797,#805,#806,#807,#808,#816));
#797 = ORIENTED_EDGE('',*,*,#798,.T.);
#798 = EDGE_CURVE('',#799,#776,#801,.T.);
#799 = VERTEX_POINT('',#800);
#800 = CARTESIAN_POINT('',(-1.8,-0.225,1.2));
#801 = LINE('',#802,#803);
#802 = CARTESIAN_POINT('',(-1.8,-0.225,1.2));
#803 = VECTOR('',#804,1.);
#804 = DIRECTION('',(0.,-1.,0.));
#805 = ORIENTED_EDGE('',*,*,#775,.F.);
#806 = ORIENTED_EDGE('',*,*,#760,.F.);
#807 = ORIENTED_EDGE('',*,*,#529,.F.);
#808 = ORIENTED_EDGE('',*,*,#809,.T.);
#809 = EDGE_CURVE('',#522,#810,#812,.T.);
#810 = VERTEX_POINT('',#811);
#811 = CARTESIAN_POINT('',(-1.8,-2.500000000001E-02,1.4));
#812 = LINE('',#813,#814);
#813 = CARTESIAN_POINT('',(-1.8,-2.500000000001E-02,1.6));
#814 = VECTOR('',#815,1.);
#815 = DIRECTION('',(0.,0.,-1.));
#816 = ORIENTED_EDGE('',*,*,#817,.F.);
#817 = EDGE_CURVE('',#799,#810,#818,.T.);
#818 = LINE('',#819,#820);
#819 = CARTESIAN_POINT('',(-1.8,-0.225,1.2));
#820 = VECTOR('',#821,1.);
#821 = DIRECTION('',(0.,0.707106781187,0.707106781187));
#822 = PLANE('',#823);
#823 = AXIS2_PLACEMENT_3D('',#824,#825,#826);
#824 = CARTESIAN_POINT('',(-1.8,-2.500000000001E-02,1.6));
#825 = DIRECTION('',(-1.,0.,0.));
#826 = DIRECTION('',(0.,-1.,0.));
#827 = ADVANCED_FACE('',(#828),#864,.F.);
#828 = FACE_BOUND('',#829,.F.);
#829 = EDGE_LOOP('',(#830,#838,#846,#854,#860,#861,#862,#863));
#830 = ORIENTED_EDGE('',*,*,#831,.F.);
#831 = EDGE_CURVE('',#832,#799,#834,.T.);
#832 = VERTEX_POINT('',#833);
#833 = CARTESIAN_POINT('',(-2.15,-0.225,1.2));
#834 = LINE('',#835,#836);
#835 = CARTESIAN_POINT('',(-2.15,-0.225,1.2));
#836 = VECTOR('',#837,1.);
#837 = DIRECTION('',(1.,0.,0.));
#838 = ORIENTED_EDGE('',*,*,#839,.T.);
#839 = EDGE_CURVE('',#832,#840,#842,.T.);
#840 = VERTEX_POINT('',#841);
#841 = CARTESIAN_POINT('',(-2.15,-1.975,1.2));
#842 = LINE('',#843,#844);
#843 = CARTESIAN_POINT('',(-2.15,-0.225,1.2));
#844 = VECTOR('',#845,1.);
#845 = DIRECTION('',(0.,-1.,0.));
#846 = ORIENTED_EDGE('',*,*,#847,.T.);
#847 = EDGE_CURVE('',#840,#848,#850,.T.);
#848 = VERTEX_POINT('',#849);
#849 = CARTESIAN_POINT('',(2.15,-1.975,1.2));
#850 = LINE('',#851,#852);
#851 = CARTESIAN_POINT('',(-2.15,-1.975,1.2));
#852 = VECTOR('',#853,1.);
#853 = DIRECTION('',(1.,0.,0.));
#854 = ORIENTED_EDGE('',*,*,#855,.F.);
#855 = EDGE_CURVE('',#696,#848,#856,.T.);
#856 = LINE('',#857,#858);
#857 = CARTESIAN_POINT('',(2.15,-0.225,1.2));
#858 = VECTOR('',#859,1.);
#859 = DIRECTION('',(0.,-1.,0.));
#860 = ORIENTED_EDGE('',*,*,#695,.F.);
#861 = ORIENTED_EDGE('',*,*,#733,.F.);
#862 = ORIENTED_EDGE('',*,*,#783,.F.);
#863 = ORIENTED_EDGE('',*,*,#798,.F.);
#864 = PLANE('',#865);
#865 = AXIS2_PLACEMENT_3D('',#866,#867,#868);
#866 = CARTESIAN_POINT('',(-2.15,0.975,1.2));
#867 = DIRECTION('',(0.,0.,1.));
#868 = DIRECTION('',(1.,0.,-0.));
#869 = ADVANCED_FACE('',(#870),#888,.T.);
#870 = FACE_BOUND('',#871,.F.);
#871 = EDGE_LOOP('',(#872,#873,#881,#887));
#872 = ORIENTED_EDGE('',*,*,#817,.T.);
#873 = ORIENTED_EDGE('',*,*,#874,.F.);
#874 = EDGE_CURVE('',#875,#810,#877,.T.);
#875 = VERTEX_POINT('',#876);
#876 = CARTESIAN_POINT('',(-2.15,-2.500000000001E-02,1.4));
#877 = LINE('',#878,#879);
#878 = CARTESIAN_POINT('',(-2.15,-2.500000000001E-02,1.4));
#879 = VECTOR('',#880,1.);
#880 = DIRECTION('',(1.,0.,0.));
#881 = ORIENTED_EDGE('',*,*,#882,.T.);
#882 = EDGE_CURVE('',#875,#832,#883,.T.);
#883 = LINE('',#884,#885);
#884 = CARTESIAN_POINT('',(-2.15,-2.500000000001E-02,1.4));
#885 = VECTOR('',#886,1.);
#886 = DIRECTION('',(0.,-0.707106781187,-0.707106781187));
#887 = ORIENTED_EDGE('',*,*,#831,.T.);
#888 = PLANE('',#889);
#889 = AXIS2_PLACEMENT_3D('',#890,#891,#892);
#890 = CARTESIAN_POINT('',(-1.975,-0.125,1.3));
#891 = DIRECTION('',(0.,0.707106781187,-0.707106781187));
#892 = DIRECTION('',(0.,0.707106781187,0.707106781187));
#893 = ADVANCED_FACE('',(#894),#914,.F.);
#894 = FACE_BOUND('',#895,.F.);
#895 = EDGE_LOOP('',(#896,#897,#898,#899,#900,#908));
#896 = ORIENTED_EDGE('',*,*,#874,.T.);
#897 = ORIENTED_EDGE('',*,*,#809,.F.);
#898 = ORIENTED_EDGE('',*,*,#521,.F.);
#899 = ORIENTED_EDGE('',*,*,#266,.T.);
#900 = ORIENTED_EDGE('',*,*,#901,.T.);
#901 = EDGE_CURVE('',#259,#902,#904,.T.);
#902 = VERTEX_POINT('',#903);
#903 = CARTESIAN_POINT('',(-2.15,-2.500000000001E-02,1.2));
#904 = LINE('',#905,#906);
#905 = CARTESIAN_POINT('',(-2.75,-2.500000000001E-02,1.2));
#906 = VECTOR('',#907,1.);
#907 = DIRECTION('',(1.,0.,0.));
#908 = ORIENTED_EDGE('',*,*,#909,.F.);
#909 = EDGE_CURVE('',#875,#902,#910,.T.);
#910 = LINE('',#911,#912);
#911 = CARTESIAN_POINT('',(-2.15,-2.500000000001E-02,1.4));
#912 = VECTOR('',#913,1.);
#913 = DIRECTION('',(0.,0.,-1.));
#914 = PLANE('',#915);
#915 = AXIS2_PLACEMENT_3D('',#916,#917,#918);
#916 = CARTESIAN_POINT('',(-2.75,-2.500000000001E-02,1.6));
#917 = DIRECTION('',(0.,-1.,0.));
#918 = DIRECTION('',(1.,0.,0.));
#919 = ADVANCED_FACE('',(#920),#946,.T.);
#920 = FACE_BOUND('',#921,.F.);
#921 = EDGE_LOOP('',(#922,#923,#924,#932,#940));
#922 = ORIENTED_EDGE('',*,*,#901,.F.);
#923 = ORIENTED_EDGE('',*,*,#258,.F.);
#924 = ORIENTED_EDGE('',*,*,#925,.T.);
#925 = EDGE_CURVE('',#251,#926,#928,.T.);
#926 = VERTEX_POINT('',#927);
#927 = CARTESIAN_POINT('',(-2.45,0.975,1.2));
#928 = LINE('',#929,#930);
#929 = CARTESIAN_POINT('',(-2.75,0.975,1.2));
#930 = VECTOR('',#931,1.);
#931 = DIRECTION('',(1.,0.,0.));
#932 = ORIENTED_EDGE('',*,*,#933,.T.);
#933 = EDGE_CURVE('',#926,#934,#936,.T.);
#934 = VERTEX_POINT('',#935);
#935 = CARTESIAN_POINT('',(-2.15,0.775,1.2));
#936 = LINE('',#937,#938);
#937 = CARTESIAN_POINT('',(-2.45,0.975,1.2));
#938 = VECTOR('',#939,1.);
#939 = DIRECTION('',(0.832050294338,-0.554700196225,0.));
#940 = ORIENTED_EDGE('',*,*,#941,.T.);
#941 = EDGE_CURVE('',#934,#902,#942,.T.);
#942 = LINE('',#943,#944);
#943 = CARTESIAN_POINT('',(-2.15,0.775,1.2));
#944 = VECTOR('',#945,1.);
#945 = DIRECTION('',(0.,-1.,0.));
#946 = PLANE('',#947);
#947 = AXIS2_PLACEMENT_3D('',#948,#949,#950);
#948 = CARTESIAN_POINT('',(-2.75,-4.525,1.2));
#949 = DIRECTION('',(0.,0.,1.));
#950 = DIRECTION('',(-1.,0.,0.));
#951 = ADVANCED_FACE('',(#952),#978,.T.);
#952 = FACE_BOUND('',#953,.F.);
#953 = EDGE_LOOP('',(#954,#955,#963,#971,#977));
#954 = ORIENTED_EDGE('',*,*,#664,.F.);
#955 = ORIENTED_EDGE('',*,*,#956,.F.);
#956 = EDGE_CURVE('',#957,#657,#959,.T.);
#957 = VERTEX_POINT('',#958);
#958 = CARTESIAN_POINT('',(2.15,0.775,1.2));
#959 = LINE('',#960,#961);
#960 = CARTESIAN_POINT('',(2.15,0.775,1.2));
#961 = VECTOR('',#962,1.);
#962 = DIRECTION('',(0.,-1.,0.));
#963 = ORIENTED_EDGE('',*,*,#964,.F.);
#964 = EDGE_CURVE('',#965,#957,#967,.T.);
#965 = VERTEX_POINT('',#966);
#966 = CARTESIAN_POINT('',(2.45,0.975,1.2));
#967 = LINE('',#968,#969);
#968 = CARTESIAN_POINT('',(2.45,0.975,1.2));
#969 = VECTOR('',#970,1.);
#970 = DIRECTION('',(-0.832050294338,-0.554700196225,0.));
#971 = ORIENTED_EDGE('',*,*,#972,.T.);
#972 = EDGE_CURVE('',#965,#609,#973,.T.);
#973 = LINE('',#974,#975);
#974 = CARTESIAN_POINT('',(2.45,0.975,1.2));
#975 = VECTOR('',#976,1.);
#976 = DIRECTION('',(1.,0.,0.));
#977 = ORIENTED_EDGE('',*,*,#608,.T.);
#978 = PLANE('',#979);
#979 = AXIS2_PLACEMENT_3D('',#980,#981,#982);
#980 = CARTESIAN_POINT('',(-2.75,-4.525,1.2));
#981 = DIRECTION('',(0.,0.,1.));
#982 = DIRECTION('',(-1.,0.,0.));
#983 = ADVANCED_FACE('',(#984),#1082,.T.);
#984 = FACE_BOUND('',#985,.F.);
#985 = EDGE_LOOP('',(#986,#996,#1002,#1003,#1004,#1012,#1020,#1028,#1036
    ,#1042,#1043,#1044,#1052,#1060,#1068,#1076));
#986 = ORIENTED_EDGE('',*,*,#987,.T.);
#987 = EDGE_CURVE('',#988,#990,#992,.T.);
#988 = VERTEX_POINT('',#989);
#989 = CARTESIAN_POINT('',(-2.45,0.975,-0.45));
#990 = VERTEX_POINT('',#991);
#991 = CARTESIAN_POINT('',(-2.45,0.975,0.4));
#992 = LINE('',#993,#994);
#993 = CARTESIAN_POINT('',(-2.45,0.975,-0.45));
#994 = VECTOR('',#995,1.);
#995 = DIRECTION('',(0.,0.,1.));
#996 = ORIENTED_EDGE('',*,*,#997,.F.);
#997 = EDGE_CURVE('',#926,#990,#998,.T.);
#998 = LINE('',#999,#1000);
#999 = CARTESIAN_POINT('',(-2.45,0.975,1.2));
#1000 = VECTOR('',#1001,1.);
#1001 = DIRECTION('',(0.,0.,-1.));
#1002 = ORIENTED_EDGE('',*,*,#925,.F.);
#1003 = ORIENTED_EDGE('',*,*,#250,.F.);
#1004 = ORIENTED_EDGE('',*,*,#1005,.F.);
#1005 = EDGE_CURVE('',#1006,#243,#1008,.T.);
#1006 = VERTEX_POINT('',#1007);
#1007 = CARTESIAN_POINT('',(-2.,0.975,-1.9));
#1008 = LINE('',#1009,#1010);
#1009 = CARTESIAN_POINT('',(-2.,0.975,-1.9));
#1010 = VECTOR('',#1011,1.);
#1011 = DIRECTION('',(-1.,0.,0.));
#1012 = ORIENTED_EDGE('',*,*,#1013,.T.);
#1013 = EDGE_CURVE('',#1006,#1014,#1016,.T.);
#1014 = VERTEX_POINT('',#1015);
#1015 = CARTESIAN_POINT('',(-2.,0.975,-1.6));
#1016 = LINE('',#1017,#1018);
#1017 = CARTESIAN_POINT('',(-2.,0.975,-1.9));
#1018 = VECTOR('',#1019,1.);
#1019 = DIRECTION('',(0.,0.,1.));
#1020 = ORIENTED_EDGE('',*,*,#1021,.T.);
#1021 = EDGE_CURVE('',#1014,#1022,#1024,.T.);
#1022 = VERTEX_POINT('',#1023);
#1023 = CARTESIAN_POINT('',(2.,0.975,-1.6));
#1024 = LINE('',#1025,#1026);
#1025 = CARTESIAN_POINT('',(-2.,0.975,-1.6));
#1026 = VECTOR('',#1027,1.);
#1027 = DIRECTION('',(1.,0.,0.));
#1028 = ORIENTED_EDGE('',*,*,#1029,.F.);
#1029 = EDGE_CURVE('',#1030,#1022,#1032,.T.);
#1030 = VERTEX_POINT('',#1031);
#1031 = CARTESIAN_POINT('',(2.,0.975,-1.9));
#1032 = LINE('',#1033,#1034);
#1033 = CARTESIAN_POINT('',(2.,0.975,-1.9));
#1034 = VECTOR('',#1035,1.);
#1035 = DIRECTION('',(0.,0.,1.));
#1036 = ORIENTED_EDGE('',*,*,#1037,.F.);
#1037 = EDGE_CURVE('',#617,#1030,#1038,.T.);
#1038 = LINE('',#1039,#1040);
#1039 = CARTESIAN_POINT('',(2.75,0.975,-1.9));
#1040 = VECTOR('',#1041,1.);
#1041 = DIRECTION('',(-1.,0.,0.));
#1042 = ORIENTED_EDGE('',*,*,#616,.F.);
#1043 = ORIENTED_EDGE('',*,*,#972,.F.);
#1044 = ORIENTED_EDGE('',*,*,#1045,.F.);
#1045 = EDGE_CURVE('',#1046,#965,#1048,.T.);
#1046 = VERTEX_POINT('',#1047);
#1047 = CARTESIAN_POINT('',(2.45,0.975,0.4));
#1048 = LINE('',#1049,#1050);
#1049 = CARTESIAN_POINT('',(2.45,0.975,0.4));
#1050 = VECTOR('',#1051,1.);
#1051 = DIRECTION('',(0.,0.,1.));
#1052 = ORIENTED_EDGE('',*,*,#1053,.T.);
#1053 = EDGE_CURVE('',#1046,#1054,#1056,.T.);
#1054 = VERTEX_POINT('',#1055);
#1055 = CARTESIAN_POINT('',(2.45,0.975,-0.45));
#1056 = LINE('',#1057,#1058);
#1057 = CARTESIAN_POINT('',(2.45,0.975,0.4));
#1058 = VECTOR('',#1059,1.);
#1059 = DIRECTION('',(0.,0.,-1.));
#1060 = ORIENTED_EDGE('',*,*,#1061,.F.);
#1061 = EDGE_CURVE('',#1062,#1054,#1064,.T.);
#1062 = VERTEX_POINT('',#1063);
#1063 = CARTESIAN_POINT('',(2.45,0.975,-1.4));
#1064 = LINE('',#1065,#1066);
#1065 = CARTESIAN_POINT('',(2.45,0.975,-1.4));
#1066 = VECTOR('',#1067,1.);
#1067 = DIRECTION('',(0.,0.,1.));
#1068 = ORIENTED_EDGE('',*,*,#1069,.F.);
#1069 = EDGE_CURVE('',#1070,#1062,#1072,.T.);
#1070 = VERTEX_POINT('',#1071);
#1071 = CARTESIAN_POINT('',(-2.45,0.975,-1.4));
#1072 = LINE('',#1073,#1074);
#1073 = CARTESIAN_POINT('',(-2.45,0.975,-1.4));
#1074 = VECTOR('',#1075,1.);
#1075 = DIRECTION('',(1.,0.,0.));
#1076 = ORIENTED_EDGE('',*,*,#1077,.F.);
#1077 = EDGE_CURVE('',#988,#1070,#1078,.T.);
#1078 = LINE('',#1079,#1080);
#1079 = CARTESIAN_POINT('',(-2.45,0.975,-0.45));
#1080 = VECTOR('',#1081,1.);
#1081 = DIRECTION('',(0.,0.,-1.));
#1082 = PLANE('',#1083);
#1083 = AXIS2_PLACEMENT_3D('',#1084,#1085,#1086);
#1084 = CARTESIAN_POINT('',(0.,0.975,0.));
#1085 = DIRECTION('',(0.,1.,0.));
#1086 = DIRECTION('',(1.,0.,0.));
#1087 = ADVANCED_FACE('',(#1088),#1113,.F.);
#1088 = FACE_BOUND('',#1089,.F.);
#1089 = EDGE_LOOP('',(#1090,#1091,#1099,#1107));
#1090 = ORIENTED_EDGE('',*,*,#987,.F.);
#1091 = ORIENTED_EDGE('',*,*,#1092,.T.);
#1092 = EDGE_CURVE('',#988,#1093,#1095,.T.);
#1093 = VERTEX_POINT('',#1094);
#1094 = CARTESIAN_POINT('',(-2.45,-1.975,-0.45));
#1095 = LINE('',#1096,#1097);
#1096 = CARTESIAN_POINT('',(-2.45,0.975,-0.45));
#1097 = VECTOR('',#1098,1.);
#1098 = DIRECTION('',(0.,-1.,0.));
#1099 = ORIENTED_EDGE('',*,*,#1100,.T.);
#1100 = EDGE_CURVE('',#1093,#1101,#1103,.T.);
#1101 = VERTEX_POINT('',#1102);
#1102 = CARTESIAN_POINT('',(-2.45,-1.975,0.4));
#1103 = LINE('',#1104,#1105);
#1104 = CARTESIAN_POINT('',(-2.45,-1.975,-0.45));
#1105 = VECTOR('',#1106,1.);
#1106 = DIRECTION('',(0.,0.,1.));
#1107 = ORIENTED_EDGE('',*,*,#1108,.F.);
#1108 = EDGE_CURVE('',#990,#1101,#1109,.T.);
#1109 = LINE('',#1110,#1111);
#1110 = CARTESIAN_POINT('',(-2.45,0.975,0.4));
#1111 = VECTOR('',#1112,1.);
#1112 = DIRECTION('',(0.,-1.,0.));
#1113 = PLANE('',#1114);
#1114 = AXIS2_PLACEMENT_3D('',#1115,#1116,#1117);
#1115 = CARTESIAN_POINT('',(-2.45,0.975,-0.45));
#1116 = DIRECTION('',(-1.,0.,0.));
#1117 = DIRECTION('',(0.,0.,1.));
#1118 = ADVANCED_FACE('',(#1119),#1144,.F.);
#1119 = FACE_BOUND('',#1120,.F.);
#1120 = EDGE_LOOP('',(#1121,#1131,#1137,#1138));
#1121 = ORIENTED_EDGE('',*,*,#1122,.F.);
#1122 = EDGE_CURVE('',#1123,#1125,#1127,.T.);
#1123 = VERTEX_POINT('',#1124);
#1124 = CARTESIAN_POINT('',(-2.15,-1.975,-0.45));
#1125 = VERTEX_POINT('',#1126);
#1126 = CARTESIAN_POINT('',(-2.15,0.775,-0.45));
#1127 = LINE('',#1128,#1129);
#1128 = CARTESIAN_POINT('',(-2.15,-1.975,-0.45));
#1129 = VECTOR('',#1130,1.);
#1130 = DIRECTION('',(0.,1.,0.));
#1131 = ORIENTED_EDGE('',*,*,#1132,.T.);
#1132 = EDGE_CURVE('',#1123,#1093,#1133,.T.);
#1133 = LINE('',#1134,#1135);
#1134 = CARTESIAN_POINT('',(-2.15,-1.975,-0.45));
#1135 = VECTOR('',#1136,1.);
#1136 = DIRECTION('',(-1.,0.,0.));
#1137 = ORIENTED_EDGE('',*,*,#1092,.F.);
#1138 = ORIENTED_EDGE('',*,*,#1139,.T.);
#1139 = EDGE_CURVE('',#988,#1125,#1140,.T.);
#1140 = LINE('',#1141,#1142);
#1141 = CARTESIAN_POINT('',(-2.45,0.975,-0.45));
#1142 = VECTOR('',#1143,1.);
#1143 = DIRECTION('',(0.832050294338,-0.554700196225,0.));
#1144 = PLANE('',#1145);
#1145 = AXIS2_PLACEMENT_3D('',#1146,#1147,#1148);
#1146 = CARTESIAN_POINT('',(-2.15,0.975,-0.45));
#1147 = DIRECTION('',(0.,0.,-1.));
#1148 = DIRECTION('',(-1.,0.,0.));
#1149 = ADVANCED_FACE('',(#1150),#1178,.F.);
#1150 = FACE_BOUND('',#1151,.F.);
#1151 = EDGE_LOOP('',(#1152,#1162,#1168,#1169,#1170,#1171,#1172));
#1152 = ORIENTED_EDGE('',*,*,#1153,.F.);
#1153 = EDGE_CURVE('',#1154,#1156,#1158,.T.);
#1154 = VERTEX_POINT('',#1155);
#1155 = CARTESIAN_POINT('',(-2.15,-1.975,0.4));
#1156 = VERTEX_POINT('',#1157);
#1157 = CARTESIAN_POINT('',(-2.15,0.775,0.4));
#1158 = LINE('',#1159,#1160);
#1159 = CARTESIAN_POINT('',(-2.15,-1.975,0.4));
#1160 = VECTOR('',#1161,1.);
#1161 = DIRECTION('',(0.,1.,0.));
#1162 = ORIENTED_EDGE('',*,*,#1163,.T.);
#1163 = EDGE_CURVE('',#1154,#840,#1164,.T.);
#1164 = LINE('',#1165,#1166);
#1165 = CARTESIAN_POINT('',(-2.15,-1.975,0.4));
#1166 = VECTOR('',#1167,1.);
#1167 = DIRECTION('',(0.,0.,1.));
#1168 = ORIENTED_EDGE('',*,*,#839,.F.);
#1169 = ORIENTED_EDGE('',*,*,#882,.F.);
#1170 = ORIENTED_EDGE('',*,*,#909,.T.);
#1171 = ORIENTED_EDGE('',*,*,#941,.F.);
#1172 = ORIENTED_EDGE('',*,*,#1173,.F.);
#1173 = EDGE_CURVE('',#1156,#934,#1174,.T.);
#1174 = LINE('',#1175,#1176);
#1175 = CARTESIAN_POINT('',(-2.15,0.775,0.4));
#1176 = VECTOR('',#1177,1.);
#1177 = DIRECTION('',(0.,0.,1.));
#1178 = PLANE('',#1179);
#1179 = AXIS2_PLACEMENT_3D('',#1180,#1181,#1182);
#1180 = CARTESIAN_POINT('',(-2.15,0.975,-1.2));
#1181 = DIRECTION('',(-1.,0.,0.));
#1182 = DIRECTION('',(0.,0.,1.));
#1183 = ADVANCED_FACE('',(#1184),#1209,.F.);
#1184 = FACE_BOUND('',#1185,.F.);
#1185 = EDGE_LOOP('',(#1186,#1187,#1195,#1203));
#1186 = ORIENTED_EDGE('',*,*,#1122,.T.);
#1187 = ORIENTED_EDGE('',*,*,#1188,.F.);
#1188 = EDGE_CURVE('',#1189,#1125,#1191,.T.);
#1189 = VERTEX_POINT('',#1190);
#1190 = CARTESIAN_POINT('',(-2.15,0.775,-1.2));
#1191 = LINE('',#1192,#1193);
#1192 = CARTESIAN_POINT('',(-2.15,0.775,-1.2));
#1193 = VECTOR('',#1194,1.);
#1194 = DIRECTION('',(0.,0.,1.));
#1195 = ORIENTED_EDGE('',*,*,#1196,.T.);
#1196 = EDGE_CURVE('',#1189,#1197,#1199,.T.);
#1197 = VERTEX_POINT('',#1198);
#1198 = CARTESIAN_POINT('',(-2.15,-1.975,-1.2));
#1199 = LINE('',#1200,#1201);
#1200 = CARTESIAN_POINT('',(-2.15,0.775,-1.2));
#1201 = VECTOR('',#1202,1.);
#1202 = DIRECTION('',(0.,-1.,0.));
#1203 = ORIENTED_EDGE('',*,*,#1204,.T.);
#1204 = EDGE_CURVE('',#1197,#1123,#1205,.T.);
#1205 = LINE('',#1206,#1207);
#1206 = CARTESIAN_POINT('',(-2.15,-1.975,-1.2));
#1207 = VECTOR('',#1208,1.);
#1208 = DIRECTION('',(0.,0.,1.));
#1209 = PLANE('',#1210);
#1210 = AXIS2_PLACEMENT_3D('',#1211,#1212,#1213);
#1211 = CARTESIAN_POINT('',(-2.15,0.975,-1.2));
#1212 = DIRECTION('',(-1.,0.,0.));
#1213 = DIRECTION('',(0.,0.,1.));
#1214 = ADVANCED_FACE('',(#1215),#1231,.F.);
#1215 = FACE_BOUND('',#1216,.F.);
#1216 = EDGE_LOOP('',(#1217,#1218,#1224,#1225));
#1217 = ORIENTED_EDGE('',*,*,#1153,.T.);
#1218 = ORIENTED_EDGE('',*,*,#1219,.F.);
#1219 = EDGE_CURVE('',#990,#1156,#1220,.T.);
#1220 = LINE('',#1221,#1222);
#1221 = CARTESIAN_POINT('',(-2.45,0.975,0.4));
#1222 = VECTOR('',#1223,1.);
#1223 = DIRECTION('',(0.832050294338,-0.554700196225,0.));
#1224 = ORIENTED_EDGE('',*,*,#1108,.T.);
#1225 = ORIENTED_EDGE('',*,*,#1226,.T.);
#1226 = EDGE_CURVE('',#1101,#1154,#1227,.T.);
#1227 = LINE('',#1228,#1229);
#1228 = CARTESIAN_POINT('',(-2.45,-1.975,0.4));
#1229 = VECTOR('',#1230,1.);
#1230 = DIRECTION('',(1.,0.,0.));
#1231 = PLANE('',#1232);
#1232 = AXIS2_PLACEMENT_3D('',#1233,#1234,#1235);
#1233 = CARTESIAN_POINT('',(-2.45,0.975,0.4));
#1234 = DIRECTION('',(0.,0.,1.));
#1235 = DIRECTION('',(1.,0.,-0.));
#1236 = ADVANCED_FACE('',(#1237),#1243,.T.);
#1237 = FACE_BOUND('',#1238,.F.);
#1238 = EDGE_LOOP('',(#1239,#1240,#1241,#1242));
#1239 = ORIENTED_EDGE('',*,*,#1219,.T.);
#1240 = ORIENTED_EDGE('',*,*,#1173,.T.);
#1241 = ORIENTED_EDGE('',*,*,#933,.F.);
#1242 = ORIENTED_EDGE('',*,*,#997,.T.);
#1243 = PLANE('',#1244);
#1244 = AXIS2_PLACEMENT_3D('',#1245,#1246,#1247);
#1245 = CARTESIAN_POINT('',(-2.45,0.975,-1.2));
#1246 = DIRECTION('',(0.554700196225,0.832050294338,0.));
#1247 = DIRECTION('',(0.,-0.,1.));
#1248 = ADVANCED_FACE('',(#1249),#1260,.T.);
#1249 = FACE_BOUND('',#1250,.F.);
#1250 = EDGE_LOOP('',(#1251,#1252,#1253,#1259));
#1251 = ORIENTED_EDGE('',*,*,#1139,.F.);
#1252 = ORIENTED_EDGE('',*,*,#1077,.T.);
#1253 = ORIENTED_EDGE('',*,*,#1254,.F.);
#1254 = EDGE_CURVE('',#1189,#1070,#1255,.T.);
#1255 = LINE('',#1256,#1257);
#1256 = CARTESIAN_POINT('',(-2.15,0.775,-1.2));
#1257 = VECTOR('',#1258,1.);
#1258 = DIRECTION('',(-0.727606875109,0.485071250073,-0.485071250073));
#1259 = ORIENTED_EDGE('',*,*,#1188,.T.);
#1260 = PLANE('',#1261);
#1261 = AXIS2_PLACEMENT_3D('',#1262,#1263,#1264);
#1262 = CARTESIAN_POINT('',(-2.45,0.975,-1.2));
#1263 = DIRECTION('',(0.554700196225,0.832050294338,0.));
#1264 = DIRECTION('',(0.,-0.,1.));
#1265 = ADVANCED_FACE('',(#1266),#1284,.T.);
#1266 = FACE_BOUND('',#1267,.F.);
#1267 = EDGE_LOOP('',(#1268,#1276,#1277,#1278));
#1268 = ORIENTED_EDGE('',*,*,#1269,.F.);
#1269 = EDGE_CURVE('',#1189,#1270,#1272,.T.);
#1270 = VERTEX_POINT('',#1271);
#1271 = CARTESIAN_POINT('',(2.15,0.775,-1.2));
#1272 = LINE('',#1273,#1274);
#1273 = CARTESIAN_POINT('',(-2.15,0.775,-1.2));
#1274 = VECTOR('',#1275,1.);
#1275 = DIRECTION('',(1.,0.,0.));
#1276 = ORIENTED_EDGE('',*,*,#1254,.T.);
#1277 = ORIENTED_EDGE('',*,*,#1069,.T.);
#1278 = ORIENTED_EDGE('',*,*,#1279,.T.);
#1279 = EDGE_CURVE('',#1062,#1270,#1280,.T.);
#1280 = LINE('',#1281,#1282);
#1281 = CARTESIAN_POINT('',(2.45,0.975,-1.4));
#1282 = VECTOR('',#1283,1.);
#1283 = DIRECTION('',(-0.727606875109,-0.485071250073,0.485071250073));
#1284 = PLANE('',#1285);
#1285 = AXIS2_PLACEMENT_3D('',#1286,#1287,#1288);
#1286 = CARTESIAN_POINT('',(0.,0.875,-1.3));
#1287 = DIRECTION('',(0.,0.707106781187,0.707106781187));
#1288 = DIRECTION('',(0.,-0.707106781187,0.707106781187));
#1289 = ADVANCED_FACE('',(#1290,#1308),#1342,.F.);
#1290 = FACE_BOUND('',#1291,.F.);
#1291 = EDGE_LOOP('',(#1292,#1293,#1301,#1307));
#1292 = ORIENTED_EDGE('',*,*,#1269,.T.);
#1293 = ORIENTED_EDGE('',*,*,#1294,.T.);
#1294 = EDGE_CURVE('',#1270,#1295,#1297,.T.);
#1295 = VERTEX_POINT('',#1296);
#1296 = CARTESIAN_POINT('',(2.15,-1.975,-1.2));
#1297 = LINE('',#1298,#1299);
#1298 = CARTESIAN_POINT('',(2.15,0.775,-1.2));
#1299 = VECTOR('',#1300,1.);
#1300 = DIRECTION('',(0.,-1.,0.));
#1301 = ORIENTED_EDGE('',*,*,#1302,.T.);
#1302 = EDGE_CURVE('',#1295,#1197,#1303,.T.);
#1303 = LINE('',#1304,#1305);
#1304 = CARTESIAN_POINT('',(2.15,-1.975,-1.2));
#1305 = VECTOR('',#1306,1.);
#1306 = DIRECTION('',(-1.,0.,0.));
#1307 = ORIENTED_EDGE('',*,*,#1196,.F.);
#1308 = FACE_BOUND('',#1309,.F.);
#1309 = EDGE_LOOP('',(#1310,#1320,#1328,#1336));
#1310 = ORIENTED_EDGE('',*,*,#1311,.F.);
#1311 = EDGE_CURVE('',#1312,#1314,#1316,.T.);
#1312 = VERTEX_POINT('',#1313);
#1313 = CARTESIAN_POINT('',(7.5E-02,-0.475,-1.2));
#1314 = VERTEX_POINT('',#1315);
#1315 = CARTESIAN_POINT('',(1.175,-0.475,-1.2));
#1316 = LINE('',#1317,#1318);
#1317 = CARTESIAN_POINT('',(7.5E-02,-0.475,-1.2));
#1318 = VECTOR('',#1319,1.);
#1319 = DIRECTION('',(1.,0.,0.));
#1320 = ORIENTED_EDGE('',*,*,#1321,.F.);
#1321 = EDGE_CURVE('',#1322,#1312,#1324,.T.);
#1322 = VERTEX_POINT('',#1323);
#1323 = CARTESIAN_POINT('',(7.5E-02,-1.625,-1.2));
#1324 = LINE('',#1325,#1326);
#1325 = CARTESIAN_POINT('',(7.5E-02,-1.625,-1.2));
#1326 = VECTOR('',#1327,1.);
#1327 = DIRECTION('',(0.,1.,0.));
#1328 = ORIENTED_EDGE('',*,*,#1329,.T.);
#1329 = EDGE_CURVE('',#1322,#1330,#1332,.T.);
#1330 = VERTEX_POINT('',#1331);
#1331 = CARTESIAN_POINT('',(1.175,-1.625,-1.2));
#1332 = LINE('',#1333,#1334);
#1333 = CARTESIAN_POINT('',(7.5E-02,-1.625,-1.2));
#1334 = VECTOR('',#1335,1.);
#1335 = DIRECTION('',(1.,0.,0.));
#1336 = ORIENTED_EDGE('',*,*,#1337,.T.);
#1337 = EDGE_CURVE('',#1330,#1314,#1338,.T.);
#1338 = LINE('',#1339,#1340);
#1339 = CARTESIAN_POINT('',(1.175,-1.625,-1.2));
#1340 = VECTOR('',#1341,1.);
#1341 = DIRECTION('',(0.,1.,0.));
#1342 = PLANE('',#1343);
#1343 = AXIS2_PLACEMENT_3D('',#1344,#1345,#1346);
#1344 = CARTESIAN_POINT('',(2.15,0.975,-1.2));
#1345 = DIRECTION('',(0.,0.,-1.));
#1346 = DIRECTION('',(-1.,0.,0.));
#1347 = ADVANCED_FACE('',(#1348),#1373,.F.);
#1348 = FACE_BOUND('',#1349,.F.);
#1349 = EDGE_LOOP('',(#1350,#1360,#1366,#1367));
#1350 = ORIENTED_EDGE('',*,*,#1351,.F.);
#1351 = EDGE_CURVE('',#1352,#1354,#1356,.T.);
#1352 = VERTEX_POINT('',#1353);
#1353 = CARTESIAN_POINT('',(2.15,-1.975,-0.45));
#1354 = VERTEX_POINT('',#1355);
#1355 = CARTESIAN_POINT('',(2.15,0.775,-0.45));
#1356 = LINE('',#1357,#1358);
#1357 = CARTESIAN_POINT('',(2.15,-1.975,-0.45));
#1358 = VECTOR('',#1359,1.);
#1359 = DIRECTION('',(0.,1.,0.));
#1360 = ORIENTED_EDGE('',*,*,#1361,.T.);
#1361 = EDGE_CURVE('',#1352,#1295,#1362,.T.);
#1362 = LINE('',#1363,#1364);
#1363 = CARTESIAN_POINT('',(2.15,-1.975,-0.45));
#1364 = VECTOR('',#1365,1.);
#1365 = DIRECTION('',(0.,0.,-1.));
#1366 = ORIENTED_EDGE('',*,*,#1294,.F.);
#1367 = ORIENTED_EDGE('',*,*,#1368,.F.);
#1368 = EDGE_CURVE('',#1354,#1270,#1369,.T.);
#1369 = LINE('',#1370,#1371);
#1370 = CARTESIAN_POINT('',(2.15,0.775,-0.45));
#1371 = VECTOR('',#1372,1.);
#1372 = DIRECTION('',(0.,0.,-1.));
#1373 = PLANE('',#1374);
#1374 = AXIS2_PLACEMENT_3D('',#1375,#1376,#1377);
#1375 = CARTESIAN_POINT('',(2.15,0.975,1.2));
#1376 = DIRECTION('',(1.,0.,0.));
#1377 = DIRECTION('',(0.,0.,-1.));
#1378 = ADVANCED_FACE('',(#1379),#1407,.F.);
#1379 = FACE_BOUND('',#1380,.F.);
#1380 = EDGE_LOOP('',(#1381,#1391,#1397,#1398,#1399,#1400,#1401));
#1381 = ORIENTED_EDGE('',*,*,#1382,.T.);
#1382 = EDGE_CURVE('',#1383,#1385,#1387,.T.);
#1383 = VERTEX_POINT('',#1384);
#1384 = CARTESIAN_POINT('',(2.15,-1.975,0.4));
#1385 = VERTEX_POINT('',#1386);
#1386 = CARTESIAN_POINT('',(2.15,0.775,0.4));
#1387 = LINE('',#1388,#1389);
#1388 = CARTESIAN_POINT('',(2.15,-1.975,0.4));
#1389 = VECTOR('',#1390,1.);
#1390 = DIRECTION('',(0.,1.,0.));
#1391 = ORIENTED_EDGE('',*,*,#1392,.F.);
#1392 = EDGE_CURVE('',#957,#1385,#1393,.T.);
#1393 = LINE('',#1394,#1395);
#1394 = CARTESIAN_POINT('',(2.15,0.775,1.2));
#1395 = VECTOR('',#1396,1.);
#1396 = DIRECTION('',(0.,0.,-1.));
#1397 = ORIENTED_EDGE('',*,*,#956,.T.);
#1398 = ORIENTED_EDGE('',*,*,#656,.F.);
#1399 = ORIENTED_EDGE('',*,*,#703,.F.);
#1400 = ORIENTED_EDGE('',*,*,#855,.T.);
#1401 = ORIENTED_EDGE('',*,*,#1402,.T.);
#1402 = EDGE_CURVE('',#848,#1383,#1403,.T.);
#1403 = LINE('',#1404,#1405);
#1404 = CARTESIAN_POINT('',(2.15,-1.975,1.2));
#1405 = VECTOR('',#1406,1.);
#1406 = DIRECTION('',(0.,0.,-1.));
#1407 = PLANE('',#1408);
#1408 = AXIS2_PLACEMENT_3D('',#1409,#1410,#1411);
#1409 = CARTESIAN_POINT('',(2.15,0.975,1.2));
#1410 = DIRECTION('',(1.,0.,0.));
#1411 = DIRECTION('',(0.,0.,-1.));
#1412 = ADVANCED_FACE('',(#1413),#1436,.F.);
#1413 = FACE_BOUND('',#1414,.F.);
#1414 = EDGE_LOOP('',(#1415,#1416,#1422,#1430));
#1415 = ORIENTED_EDGE('',*,*,#1351,.T.);
#1416 = ORIENTED_EDGE('',*,*,#1417,.F.);
#1417 = EDGE_CURVE('',#1054,#1354,#1418,.T.);
#1418 = LINE('',#1419,#1420);
#1419 = CARTESIAN_POINT('',(2.45,0.975,-0.45));
#1420 = VECTOR('',#1421,1.);
#1421 = DIRECTION('',(-0.832050294338,-0.554700196225,0.));
#1422 = ORIENTED_EDGE('',*,*,#1423,.T.);
#1423 = EDGE_CURVE('',#1054,#1424,#1426,.T.);
#1424 = VERTEX_POINT('',#1425);
#1425 = CARTESIAN_POINT('',(2.45,-1.975,-0.45));
#1426 = LINE('',#1427,#1428);
#1427 = CARTESIAN_POINT('',(2.45,0.975,-0.45));
#1428 = VECTOR('',#1429,1.);
#1429 = DIRECTION('',(0.,-1.,0.));
#1430 = ORIENTED_EDGE('',*,*,#1431,.T.);
#1431 = EDGE_CURVE('',#1424,#1352,#1432,.T.);
#1432 = LINE('',#1433,#1434);
#1433 = CARTESIAN_POINT('',(2.45,-1.975,-0.45));
#1434 = VECTOR('',#1435,1.);
#1435 = DIRECTION('',(-1.,0.,0.));
#1436 = PLANE('',#1437);
#1437 = AXIS2_PLACEMENT_3D('',#1438,#1439,#1440);
#1438 = CARTESIAN_POINT('',(2.45,0.975,-0.45));
#1439 = DIRECTION('',(0.,0.,-1.));
#1440 = DIRECTION('',(-1.,0.,0.));
#1441 = ADVANCED_FACE('',(#1442),#1448,.T.);
#1442 = FACE_BOUND('',#1443,.F.);
#1443 = EDGE_LOOP('',(#1444,#1445,#1446,#1447));
#1444 = ORIENTED_EDGE('',*,*,#1417,.T.);
#1445 = ORIENTED_EDGE('',*,*,#1368,.T.);
#1446 = ORIENTED_EDGE('',*,*,#1279,.F.);
#1447 = ORIENTED_EDGE('',*,*,#1061,.T.);
#1448 = PLANE('',#1449);
#1449 = AXIS2_PLACEMENT_3D('',#1450,#1451,#1452);
#1450 = CARTESIAN_POINT('',(2.45,0.975,1.2));
#1451 = DIRECTION('',(-0.554700196225,0.832050294338,0.));
#1452 = DIRECTION('',(0.,0.,-1.));
#1453 = ADVANCED_FACE('',(#1454),#1465,.T.);
#1454 = FACE_BOUND('',#1455,.F.);
#1455 = EDGE_LOOP('',(#1456,#1462,#1463,#1464));
#1456 = ORIENTED_EDGE('',*,*,#1457,.F.);
#1457 = EDGE_CURVE('',#1046,#1385,#1458,.T.);
#1458 = LINE('',#1459,#1460);
#1459 = CARTESIAN_POINT('',(2.45,0.975,0.4));
#1460 = VECTOR('',#1461,1.);
#1461 = DIRECTION('',(-0.832050294338,-0.554700196225,0.));
#1462 = ORIENTED_EDGE('',*,*,#1045,.T.);
#1463 = ORIENTED_EDGE('',*,*,#964,.T.);
#1464 = ORIENTED_EDGE('',*,*,#1392,.T.);
#1465 = PLANE('',#1466);
#1466 = AXIS2_PLACEMENT_3D('',#1467,#1468,#1469);
#1467 = CARTESIAN_POINT('',(2.45,0.975,1.2));
#1468 = DIRECTION('',(-0.554700196225,0.832050294338,0.));
#1469 = DIRECTION('',(0.,0.,-1.));
#1470 = ADVANCED_FACE('',(#1471),#1489,.F.);
#1471 = FACE_BOUND('',#1472,.F.);
#1472 = EDGE_LOOP('',(#1473,#1474,#1482,#1488));
#1473 = ORIENTED_EDGE('',*,*,#1382,.F.);
#1474 = ORIENTED_EDGE('',*,*,#1475,.T.);
#1475 = EDGE_CURVE('',#1383,#1476,#1478,.T.);
#1476 = VERTEX_POINT('',#1477);
#1477 = CARTESIAN_POINT('',(2.45,-1.975,0.4));
#1478 = LINE('',#1479,#1480);
#1479 = CARTESIAN_POINT('',(2.15,-1.975,0.4));
#1480 = VECTOR('',#1481,1.);
#1481 = DIRECTION('',(1.,0.,0.));
#1482 = ORIENTED_EDGE('',*,*,#1483,.F.);
#1483 = EDGE_CURVE('',#1046,#1476,#1484,.T.);
#1484 = LINE('',#1485,#1486);
#1485 = CARTESIAN_POINT('',(2.45,0.975,0.4));
#1486 = VECTOR('',#1487,1.);
#1487 = DIRECTION('',(0.,-1.,0.));
#1488 = ORIENTED_EDGE('',*,*,#1457,.T.);
#1489 = PLANE('',#1490);
#1490 = AXIS2_PLACEMENT_3D('',#1491,#1492,#1493);
#1491 = CARTESIAN_POINT('',(2.15,0.975,0.4));
#1492 = DIRECTION('',(0.,0.,1.));
#1493 = DIRECTION('',(1.,0.,-0.));
#1494 = ADVANCED_FACE('',(#1495,#1514,#1548,#1582),#1616,.T.);
#1495 = FACE_BOUND('',#1496,.F.);
#1496 = EDGE_LOOP('',(#1497,#1498,#1499,#1505,#1506,#1507,#1508,#1509,
    #1510,#1511,#1512,#1513));
#1497 = ORIENTED_EDGE('',*,*,#1361,.F.);
#1498 = ORIENTED_EDGE('',*,*,#1431,.F.);
#1499 = ORIENTED_EDGE('',*,*,#1500,.F.);
#1500 = EDGE_CURVE('',#1476,#1424,#1501,.T.);
#1501 = LINE('',#1502,#1503);
#1502 = CARTESIAN_POINT('',(2.45,-1.975,0.4));
#1503 = VECTOR('',#1504,1.);
#1504 = DIRECTION('',(0.,0.,-1.));
#1505 = ORIENTED_EDGE('',*,*,#1475,.F.);
#1506 = ORIENTED_EDGE('',*,*,#1402,.F.);
#1507 = ORIENTED_EDGE('',*,*,#847,.F.);
#1508 = ORIENTED_EDGE('',*,*,#1163,.F.);
#1509 = ORIENTED_EDGE('',*,*,#1226,.F.);
#1510 = ORIENTED_EDGE('',*,*,#1100,.F.);
#1511 = ORIENTED_EDGE('',*,*,#1132,.F.);
#1512 = ORIENTED_EDGE('',*,*,#1204,.F.);
#1513 = ORIENTED_EDGE('',*,*,#1302,.F.);
#1514 = FACE_BOUND('',#1515,.F.);
#1515 = EDGE_LOOP('',(#1516,#1526,#1534,#1542));
#1516 = ORIENTED_EDGE('',*,*,#1517,.T.);
#1517 = EDGE_CURVE('',#1518,#1520,#1522,.T.);
#1518 = VERTEX_POINT('',#1519);
#1519 = CARTESIAN_POINT('',(1.09,-1.975,-0.175));
#1520 = VERTEX_POINT('',#1521);
#1521 = CARTESIAN_POINT('',(1.41,-1.975,-0.175));
#1522 = LINE('',#1523,#1524);
#1523 = CARTESIAN_POINT('',(1.09,-1.975,-0.175));
#1524 = VECTOR('',#1525,1.);
#1525 = DIRECTION('',(1.,0.,0.));
#1526 = ORIENTED_EDGE('',*,*,#1527,.F.);
#1527 = EDGE_CURVE('',#1528,#1520,#1530,.T.);
#1528 = VERTEX_POINT('',#1529);
#1529 = CARTESIAN_POINT('',(1.41,-1.975,-0.775));
#1530 = LINE('',#1531,#1532);
#1531 = CARTESIAN_POINT('',(1.41,-1.975,-0.775));
#1532 = VECTOR('',#1533,1.);
#1533 = DIRECTION('',(0.,0.,1.));
#1534 = ORIENTED_EDGE('',*,*,#1535,.F.);
#1535 = EDGE_CURVE('',#1536,#1528,#1538,.T.);
#1536 = VERTEX_POINT('',#1537);
#1537 = CARTESIAN_POINT('',(1.09,-1.975,-0.775));
#1538 = LINE('',#1539,#1540);
#1539 = CARTESIAN_POINT('',(1.09,-1.975,-0.775));
#1540 = VECTOR('',#1541,1.);
#1541 = DIRECTION('',(1.,0.,0.));
#1542 = ORIENTED_EDGE('',*,*,#1543,.T.);
#1543 = EDGE_CURVE('',#1536,#1518,#1544,.T.);
#1544 = LINE('',#1545,#1546);
#1545 = CARTESIAN_POINT('',(1.09,-1.975,-0.775));
#1546 = VECTOR('',#1547,1.);
#1547 = DIRECTION('',(0.,0.,1.));
#1548 = FACE_BOUND('',#1549,.F.);
#1549 = EDGE_LOOP('',(#1550,#1560,#1568,#1576));
#1550 = ORIENTED_EDGE('',*,*,#1551,.T.);
#1551 = EDGE_CURVE('',#1552,#1554,#1556,.T.);
#1552 = VERTEX_POINT('',#1553);
#1553 = CARTESIAN_POINT('',(-0.16,-1.975,-0.175));
#1554 = VERTEX_POINT('',#1555);
#1555 = CARTESIAN_POINT('',(0.16,-1.975,-0.175));
#1556 = LINE('',#1557,#1558);
#1557 = CARTESIAN_POINT('',(-0.16,-1.975,-0.175));
#1558 = VECTOR('',#1559,1.);
#1559 = DIRECTION('',(1.,0.,0.));
#1560 = ORIENTED_EDGE('',*,*,#1561,.F.);
#1561 = EDGE_CURVE('',#1562,#1554,#1564,.T.);
#1562 = VERTEX_POINT('',#1563);
#1563 = CARTESIAN_POINT('',(0.16,-1.975,-0.775));
#1564 = LINE('',#1565,#1566);
#1565 = CARTESIAN_POINT('',(0.16,-1.975,-0.775));
#1566 = VECTOR('',#1567,1.);
#1567 = DIRECTION('',(0.,0.,1.));
#1568 = ORIENTED_EDGE('',*,*,#1569,.F.);
#1569 = EDGE_CURVE('',#1570,#1562,#1572,.T.);
#1570 = VERTEX_POINT('',#1571);
#1571 = CARTESIAN_POINT('',(-0.16,-1.975,-0.775));
#1572 = LINE('',#1573,#1574);
#1573 = CARTESIAN_POINT('',(-0.16,-1.975,-0.775));
#1574 = VECTOR('',#1575,1.);
#1575 = DIRECTION('',(1.,0.,0.));
#1576 = ORIENTED_EDGE('',*,*,#1577,.T.);
#1577 = EDGE_CURVE('',#1570,#1552,#1578,.T.);
#1578 = LINE('',#1579,#1580);
#1579 = CARTESIAN_POINT('',(-0.16,-1.975,-0.775));
#1580 = VECTOR('',#1581,1.);
#1581 = DIRECTION('',(0.,0.,1.));
#1582 = FACE_BOUND('',#1583,.F.);
#1583 = EDGE_LOOP('',(#1584,#1594,#1602,#1610));
#1584 = ORIENTED_EDGE('',*,*,#1585,.T.);
#1585 = EDGE_CURVE('',#1586,#1588,#1590,.T.);
#1586 = VERTEX_POINT('',#1587);
#1587 = CARTESIAN_POINT('',(-1.41,-1.975,-0.175));
#1588 = VERTEX_POINT('',#1589);
#1589 = CARTESIAN_POINT('',(-1.09,-1.975,-0.175));
#1590 = LINE('',#1591,#1592);
#1591 = CARTESIAN_POINT('',(-1.41,-1.975,-0.175));
#1592 = VECTOR('',#1593,1.);
#1593 = DIRECTION('',(1.,0.,0.));
#1594 = ORIENTED_EDGE('',*,*,#1595,.F.);
#1595 = EDGE_CURVE('',#1596,#1588,#1598,.T.);
#1596 = VERTEX_POINT('',#1597);
#1597 = CARTESIAN_POINT('',(-1.09,-1.975,-0.775));
#1598 = LINE('',#1599,#1600);
#1599 = CARTESIAN_POINT('',(-1.09,-1.975,-0.775));
#1600 = VECTOR('',#1601,1.);
#1601 = DIRECTION('',(0.,0.,1.));
#1602 = ORIENTED_EDGE('',*,*,#1603,.F.);
#1603 = EDGE_CURVE('',#1604,#1596,#1606,.T.);
#1604 = VERTEX_POINT('',#1605);
#1605 = CARTESIAN_POINT('',(-1.41,-1.975,-0.775));
#1606 = LINE('',#1607,#1608);
#1607 = CARTESIAN_POINT('',(-1.41,-1.975,-0.775));
#1608 = VECTOR('',#1609,1.);
#1609 = DIRECTION('',(1.,0.,0.));
#1610 = ORIENTED_EDGE('',*,*,#1611,.T.);
#1611 = EDGE_CURVE('',#1604,#1586,#1612,.T.);
#1612 = LINE('',#1613,#1614);
#1613 = CARTESIAN_POINT('',(-1.41,-1.975,-0.775));
#1614 = VECTOR('',#1615,1.);
#1615 = DIRECTION('',(0.,0.,1.));
#1616 = PLANE('',#1617);
#1617 = AXIS2_PLACEMENT_3D('',#1618,#1619,#1620);
#1618 = CARTESIAN_POINT('',(0.,-1.975,0.));
#1619 = DIRECTION('',(0.,1.,0.));
#1620 = DIRECTION('',(1.,0.,0.));
#1621 = ADVANCED_FACE('',(#1622),#1628,.F.);
#1622 = FACE_BOUND('',#1623,.F.);
#1623 = EDGE_LOOP('',(#1624,#1625,#1626,#1627));
#1624 = ORIENTED_EDGE('',*,*,#1053,.F.);
#1625 = ORIENTED_EDGE('',*,*,#1483,.T.);
#1626 = ORIENTED_EDGE('',*,*,#1500,.T.);
#1627 = ORIENTED_EDGE('',*,*,#1423,.F.);
#1628 = PLANE('',#1629);
#1629 = AXIS2_PLACEMENT_3D('',#1630,#1631,#1632);
#1630 = CARTESIAN_POINT('',(2.45,0.975,0.4));
#1631 = DIRECTION('',(1.,0.,0.));
#1632 = DIRECTION('',(0.,0.,-1.));
#1633 = ADVANCED_FACE('',(#1634),#1659,.T.);
#1634 = FACE_BOUND('',#1635,.F.);
#1635 = EDGE_LOOP('',(#1636,#1637,#1645,#1653));
#1636 = ORIENTED_EDGE('',*,*,#1517,.F.);
#1637 = ORIENTED_EDGE('',*,*,#1638,.F.);
#1638 = EDGE_CURVE('',#1639,#1518,#1641,.T.);
#1639 = VERTEX_POINT('',#1640);
#1640 = CARTESIAN_POINT('',(1.09,-0.125,-0.175));
#1641 = LINE('',#1642,#1643);
#1642 = CARTESIAN_POINT('',(1.09,-0.125,-0.175));
#1643 = VECTOR('',#1644,1.);
#1644 = DIRECTION('',(0.,-1.,0.));
#1645 = ORIENTED_EDGE('',*,*,#1646,.F.);
#1646 = EDGE_CURVE('',#1647,#1639,#1649,.T.);
#1647 = VERTEX_POINT('',#1648);
#1648 = CARTESIAN_POINT('',(1.41,-0.125,-0.175));
#1649 = LINE('',#1650,#1651);
#1650 = CARTESIAN_POINT('',(1.41,-0.125,-0.175));
#1651 = VECTOR('',#1652,1.);
#1652 = DIRECTION('',(-1.,0.,0.));
#1653 = ORIENTED_EDGE('',*,*,#1654,.T.);
#1654 = EDGE_CURVE('',#1647,#1520,#1655,.T.);
#1655 = LINE('',#1656,#1657);
#1656 = CARTESIAN_POINT('',(1.41,-0.125,-0.175));
#1657 = VECTOR('',#1658,1.);
#1658 = DIRECTION('',(0.,-1.,0.));
#1659 = PLANE('',#1660);
#1660 = AXIS2_PLACEMENT_3D('',#1661,#1662,#1663);
#1661 = CARTESIAN_POINT('',(1.25,-1.05,-0.175));
#1662 = DIRECTION('',(0.,0.,1.));
#1663 = DIRECTION('',(1.,0.,-0.));
#1664 = ADVANCED_FACE('',(#1665),#1683,.F.);
#1665 = FACE_BOUND('',#1666,.F.);
#1666 = EDGE_LOOP('',(#1667,#1668,#1676,#1682));
#1667 = ORIENTED_EDGE('',*,*,#1543,.F.);
#1668 = ORIENTED_EDGE('',*,*,#1669,.F.);
#1669 = EDGE_CURVE('',#1670,#1536,#1672,.T.);
#1670 = VERTEX_POINT('',#1671);
#1671 = CARTESIAN_POINT('',(1.09,-0.125,-0.775));
#1672 = LINE('',#1673,#1674);
#1673 = CARTESIAN_POINT('',(1.09,-0.125,-0.775));
#1674 = VECTOR('',#1675,1.);
#1675 = DIRECTION('',(0.,-1.,0.));
#1676 = ORIENTED_EDGE('',*,*,#1677,.F.);
#1677 = EDGE_CURVE('',#1639,#1670,#1678,.T.);
#1678 = LINE('',#1679,#1680);
#1679 = CARTESIAN_POINT('',(1.09,-0.125,-0.175));
#1680 = VECTOR('',#1681,1.);
#1681 = DIRECTION('',(0.,0.,-1.));
#1682 = ORIENTED_EDGE('',*,*,#1638,.T.);
#1683 = PLANE('',#1684);
#1684 = AXIS2_PLACEMENT_3D('',#1685,#1686,#1687);
#1685 = CARTESIAN_POINT('',(1.09,-1.05,-0.475));
#1686 = DIRECTION('',(1.,0.,0.));
#1687 = DIRECTION('',(-0.,1.,0.));
#1688 = ADVANCED_FACE('',(#1689),#1756,.F.);
#1689 = FACE_BOUND('',#1690,.F.);
#1690 = EDGE_LOOP('',(#1691,#1701,#1709,#1717,#1726,#1734,#1742,#1750));
#1691 = ORIENTED_EDGE('',*,*,#1692,.T.);
#1692 = EDGE_CURVE('',#1693,#1695,#1697,.T.);
#1693 = VERTEX_POINT('',#1694);
#1694 = CARTESIAN_POINT('',(1.09,-3.371666666667,-1.6));
#1695 = VERTEX_POINT('',#1696);
#1696 = CARTESIAN_POINT('',(1.09,-3.371666666667,-0.6));
#1697 = LINE('',#1698,#1699);
#1698 = CARTESIAN_POINT('',(1.09,-3.371666666667,-1.6));
#1699 = VECTOR('',#1700,1.);
#1700 = DIRECTION('',(0.,0.,1.));
#1701 = ORIENTED_EDGE('',*,*,#1702,.F.);
#1702 = EDGE_CURVE('',#1703,#1695,#1705,.T.);
#1703 = VERTEX_POINT('',#1704);
#1704 = CARTESIAN_POINT('',(1.09,-3.225,-0.6));
#1705 = LINE('',#1706,#1707);
#1706 = CARTESIAN_POINT('',(1.09,-3.225,-0.6));
#1707 = VECTOR('',#1708,1.);
#1708 = DIRECTION('',(0.,-1.,0.));
#1709 = ORIENTED_EDGE('',*,*,#1710,.T.);
#1710 = EDGE_CURVE('',#1703,#1711,#1713,.T.);
#1711 = VERTEX_POINT('',#1712);
#1712 = CARTESIAN_POINT('',(1.09,-3.225,-0.469937890595));
#1713 = LINE('',#1714,#1715);
#1714 = CARTESIAN_POINT('',(1.09,-3.225,-0.6));
#1715 = VECTOR('',#1716,1.);
#1716 = DIRECTION('',(0.,0.,1.));
#1717 = ORIENTED_EDGE('',*,*,#1718,.T.);
#1718 = EDGE_CURVE('',#1711,#1719,#1721,.T.);
#1719 = VERTEX_POINT('',#1720);
#1720 = CARTESIAN_POINT('',(1.09,-3.65,-1.275));
#1721 = CIRCLE('',#1722,0.975);
#1722 = AXIS2_PLACEMENT_3D('',#1723,#1724,#1725);
#1723 = CARTESIAN_POINT('',(1.09,-2.675,-1.275));
#1724 = DIRECTION('',(1.,0.,0.));
#1725 = DIRECTION('',(0.,-0.564102564103,0.825704727595));
#1726 = ORIENTED_EDGE('',*,*,#1727,.T.);
#1727 = EDGE_CURVE('',#1719,#1728,#1730,.T.);
#1728 = VERTEX_POINT('',#1729);
#1729 = CARTESIAN_POINT('',(1.09,-3.65,-3.6));
#1730 = LINE('',#1731,#1732);
#1731 = CARTESIAN_POINT('',(1.09,-3.65,-1.275));
#1732 = VECTOR('',#1733,1.);
#1733 = DIRECTION('',(0.,0.,-1.));
#1734 = ORIENTED_EDGE('',*,*,#1735,.T.);
#1735 = EDGE_CURVE('',#1728,#1736,#1738,.T.);
#1736 = VERTEX_POINT('',#1737);
#1737 = CARTESIAN_POINT('',(1.09,-3.3,-3.6));
#1738 = LINE('',#1739,#1740);
#1739 = CARTESIAN_POINT('',(1.09,-3.65,-3.6));
#1740 = VECTOR('',#1741,1.);
#1741 = DIRECTION('',(0.,1.,0.));
#1742 = ORIENTED_EDGE('',*,*,#1743,.F.);
#1743 = EDGE_CURVE('',#1744,#1736,#1746,.T.);
#1744 = VERTEX_POINT('',#1745);
#1745 = CARTESIAN_POINT('',(1.09,-3.3,-1.6));
#1746 = LINE('',#1747,#1748);
#1747 = CARTESIAN_POINT('',(1.09,-3.3,-1.6));
#1748 = VECTOR('',#1749,1.);
#1749 = DIRECTION('',(0.,0.,-1.));
#1750 = ORIENTED_EDGE('',*,*,#1751,.F.);
#1751 = EDGE_CURVE('',#1693,#1744,#1752,.T.);
#1752 = LINE('',#1753,#1754);
#1753 = CARTESIAN_POINT('',(1.09,-3.371666666667,-1.6));
#1754 = VECTOR('',#1755,1.);
#1755 = DIRECTION('',(0.,1.,0.));
#1756 = PLANE('',#1757);
#1757 = AXIS2_PLACEMENT_3D('',#1758,#1759,#1760);
#1758 = CARTESIAN_POINT('',(1.09,-1.05,-0.475));
#1759 = DIRECTION('',(1.,0.,0.));
#1760 = DIRECTION('',(-0.,1.,0.));
#1761 = ADVANCED_FACE('',(#1762),#1780,.F.);
#1762 = FACE_BOUND('',#1763,.F.);
#1763 = EDGE_LOOP('',(#1764,#1765,#1773,#1779));
#1764 = ORIENTED_EDGE('',*,*,#1535,.T.);
#1765 = ORIENTED_EDGE('',*,*,#1766,.F.);
#1766 = EDGE_CURVE('',#1767,#1528,#1769,.T.);
#1767 = VERTEX_POINT('',#1768);
#1768 = CARTESIAN_POINT('',(1.41,-0.125,-0.775));
#1769 = LINE('',#1770,#1771);
#1770 = CARTESIAN_POINT('',(1.41,-0.125,-0.775));
#1771 = VECTOR('',#1772,1.);
#1772 = DIRECTION('',(0.,-1.,0.));
#1773 = ORIENTED_EDGE('',*,*,#1774,.F.);
#1774 = EDGE_CURVE('',#1670,#1767,#1775,.T.);
#1775 = LINE('',#1776,#1777);
#1776 = CARTESIAN_POINT('',(1.09,-0.125,-0.775));
#1777 = VECTOR('',#1778,1.);
#1778 = DIRECTION('',(1.,0.,0.));
#1779 = ORIENTED_EDGE('',*,*,#1669,.T.);
#1780 = PLANE('',#1781);
#1781 = AXIS2_PLACEMENT_3D('',#1782,#1783,#1784);
#1782 = CARTESIAN_POINT('',(1.25,-1.05,-0.775));
#1783 = DIRECTION('',(0.,0.,1.));
#1784 = DIRECTION('',(1.,0.,-0.));
#1785 = ADVANCED_FACE('',(#1786),#1797,.T.);
#1786 = FACE_BOUND('',#1787,.F.);
#1787 = EDGE_LOOP('',(#1788,#1789,#1790,#1796));
#1788 = ORIENTED_EDGE('',*,*,#1527,.T.);
#1789 = ORIENTED_EDGE('',*,*,#1654,.F.);
#1790 = ORIENTED_EDGE('',*,*,#1791,.F.);
#1791 = EDGE_CURVE('',#1767,#1647,#1792,.T.);
#1792 = LINE('',#1793,#1794);
#1793 = CARTESIAN_POINT('',(1.41,-0.125,-0.775));
#1794 = VECTOR('',#1795,1.);
#1795 = DIRECTION('',(0.,0.,1.));
#1796 = ORIENTED_EDGE('',*,*,#1766,.T.);
#1797 = PLANE('',#1798);
#1798 = AXIS2_PLACEMENT_3D('',#1799,#1800,#1801);
#1799 = CARTESIAN_POINT('',(1.41,-1.05,-0.475));
#1800 = DIRECTION('',(1.,0.,0.));
#1801 = DIRECTION('',(-0.,1.,0.));
#1802 = ADVANCED_FACE('',(#1803),#1870,.T.);
#1803 = FACE_BOUND('',#1804,.F.);
#1804 = EDGE_LOOP('',(#1805,#1815,#1823,#1831,#1839,#1847,#1856,#1864));
#1805 = ORIENTED_EDGE('',*,*,#1806,.F.);
#1806 = EDGE_CURVE('',#1807,#1809,#1811,.T.);
#1807 = VERTEX_POINT('',#1808);
#1808 = CARTESIAN_POINT('',(1.41,-3.371666666667,-1.6));
#1809 = VERTEX_POINT('',#1810);
#1810 = CARTESIAN_POINT('',(1.41,-3.371666666667,-0.6));
#1811 = LINE('',#1812,#1813);
#1812 = CARTESIAN_POINT('',(1.41,-3.371666666667,-1.6));
#1813 = VECTOR('',#1814,1.);
#1814 = DIRECTION('',(0.,0.,1.));
#1815 = ORIENTED_EDGE('',*,*,#1816,.T.);
#1816 = EDGE_CURVE('',#1807,#1817,#1819,.T.);
#1817 = VERTEX_POINT('',#1818);
#1818 = CARTESIAN_POINT('',(1.41,-3.3,-1.6));
#1819 = LINE('',#1820,#1821);
#1820 = CARTESIAN_POINT('',(1.41,-3.371666666667,-1.6));
#1821 = VECTOR('',#1822,1.);
#1822 = DIRECTION('',(0.,1.,0.));
#1823 = ORIENTED_EDGE('',*,*,#1824,.T.);
#1824 = EDGE_CURVE('',#1817,#1825,#1827,.T.);
#1825 = VERTEX_POINT('',#1826);
#1826 = CARTESIAN_POINT('',(1.41,-3.3,-3.6));
#1827 = LINE('',#1828,#1829);
#1828 = CARTESIAN_POINT('',(1.41,-3.3,-1.6));
#1829 = VECTOR('',#1830,1.);
#1830 = DIRECTION('',(0.,0.,-1.));
#1831 = ORIENTED_EDGE('',*,*,#1832,.T.);
#1832 = EDGE_CURVE('',#1825,#1833,#1835,.T.);
#1833 = VERTEX_POINT('',#1834);
#1834 = CARTESIAN_POINT('',(1.41,-3.65,-3.6));
#1835 = LINE('',#1836,#1837);
#1836 = CARTESIAN_POINT('',(1.41,-3.3,-3.6));
#1837 = VECTOR('',#1838,1.);
#1838 = DIRECTION('',(0.,-1.,0.));
#1839 = ORIENTED_EDGE('',*,*,#1840,.F.);
#1840 = EDGE_CURVE('',#1841,#1833,#1843,.T.);
#1841 = VERTEX_POINT('',#1842);
#1842 = CARTESIAN_POINT('',(1.41,-3.65,-1.275));
#1843 = LINE('',#1844,#1845);
#1844 = CARTESIAN_POINT('',(1.41,-3.65,-1.275));
#1845 = VECTOR('',#1846,1.);
#1846 = DIRECTION('',(0.,0.,-1.));
#1847 = ORIENTED_EDGE('',*,*,#1848,.F.);
#1848 = EDGE_CURVE('',#1849,#1841,#1851,.T.);
#1849 = VERTEX_POINT('',#1850);
#1850 = CARTESIAN_POINT('',(1.41,-3.225,-0.469937890595));
#1851 = CIRCLE('',#1852,0.975);
#1852 = AXIS2_PLACEMENT_3D('',#1853,#1854,#1855);
#1853 = CARTESIAN_POINT('',(1.41,-2.675,-1.275));
#1854 = DIRECTION('',(1.,0.,0.));
#1855 = DIRECTION('',(0.,-0.564102564103,0.825704727595));
#1856 = ORIENTED_EDGE('',*,*,#1857,.F.);
#1857 = EDGE_CURVE('',#1858,#1849,#1860,.T.);
#1858 = VERTEX_POINT('',#1859);
#1859 = CARTESIAN_POINT('',(1.41,-3.225,-0.6));
#1860 = LINE('',#1861,#1862);
#1861 = CARTESIAN_POINT('',(1.41,-3.225,-0.6));
#1862 = VECTOR('',#1863,1.);
#1863 = DIRECTION('',(0.,0.,1.));
#1864 = ORIENTED_EDGE('',*,*,#1865,.T.);
#1865 = EDGE_CURVE('',#1858,#1809,#1866,.T.);
#1866 = LINE('',#1867,#1868);
#1867 = CARTESIAN_POINT('',(1.41,-3.225,-0.6));
#1868 = VECTOR('',#1869,1.);
#1869 = DIRECTION('',(0.,-1.,0.));
#1870 = PLANE('',#1871);
#1871 = AXIS2_PLACEMENT_3D('',#1872,#1873,#1874);
#1872 = CARTESIAN_POINT('',(1.41,-1.05,-0.475));
#1873 = DIRECTION('',(1.,0.,0.));
#1874 = DIRECTION('',(-0.,1.,0.));
#1875 = ADVANCED_FACE('',(#1876),#1903,.T.);
#1876 = FACE_BOUND('',#1877,.T.);
#1877 = EDGE_LOOP('',(#1878,#1887,#1888,#1897));
#1878 = ORIENTED_EDGE('',*,*,#1879,.T.);
#1879 = EDGE_CURVE('',#1880,#1647,#1882,.T.);
#1880 = VERTEX_POINT('',#1881);
#1881 = CARTESIAN_POINT('',(1.35,0.275,-0.275));
#1882 = B_SPLINE_CURVE_WITH_KNOTS('',3,(#1883,#1884,#1885,#1886),
  .UNSPECIFIED.,.F.,.F.,(4,4),(0.,1.),.PIECEWISE_BEZIER_KNOTS.);
#1883 = CARTESIAN_POINT('',(1.35,0.275,-0.275));
#1884 = CARTESIAN_POINT('',(1.39,0.144413919445,-0.208333333333));
#1885 = CARTESIAN_POINT('',(1.41,1.108058611148E-02,-0.175));
#1886 = CARTESIAN_POINT('',(1.41,-0.125,-0.175));
#1887 = ORIENTED_EDGE('',*,*,#1791,.F.);
#1888 = ORIENTED_EDGE('',*,*,#1889,.F.);
#1889 = EDGE_CURVE('',#1890,#1767,#1892,.T.);
#1890 = VERTEX_POINT('',#1891);
#1891 = CARTESIAN_POINT('',(1.35,0.275,-0.675));
#1892 = B_SPLINE_CURVE_WITH_KNOTS('',3,(#1893,#1894,#1895,#1896),
  .UNSPECIFIED.,.F.,.F.,(4,4),(0.,1.),.PIECEWISE_BEZIER_KNOTS.);
#1893 = CARTESIAN_POINT('',(1.35,0.275,-0.675));
#1894 = CARTESIAN_POINT('',(1.39,0.144413919445,-0.741666666667));
#1895 = CARTESIAN_POINT('',(1.41,1.108058611148E-02,-0.775));
#1896 = CARTESIAN_POINT('',(1.41,-0.125,-0.775));
#1897 = ORIENTED_EDGE('',*,*,#1898,.T.);
#1898 = EDGE_CURVE('',#1890,#1880,#1899,.T.);
#1899 = LINE('',#1900,#1901);
#1900 = CARTESIAN_POINT('',(1.35,0.275,-0.675));
#1901 = VECTOR('',#1902,1.);
#1902 = DIRECTION('',(0.,0.,1.));
#1903 = B_SPLINE_SURFACE_WITH_KNOTS('',3,3,(
    (#1904,#1905,#1906,#1907)
    ,(#1908,#1909,#1910,#1911)
    ,(#1912,#1913,#1914,#1915)
    ,(#1916,#1917,#1918,#1919)
    ,(#1920,#1921,#1922,#1923)
    ,(#1924,#1925,#1926,#1927)
    ,(#1928,#1929,#1930,#1931
    )),.UNSPECIFIED.,.F.,.F.,.F.,(4,1,1,1,4),(4,4),(-2.914004317087E-02,
    0.25,0.5,0.75,1.029140043171),(-5.275194695766E-03,0.405796145351),
  .UNSPECIFIED.);
#1904 = CARTESIAN_POINT('',(1.348407006212,0.280155611579,
    -0.683846294595));
#1905 = CARTESIAN_POINT('',(1.390056260554,0.146278447688,
    -0.757307255398));
#1906 = CARTESIAN_POINT('',(1.410583059071,9.250674906567E-03,
    -0.793512425576));
#1907 = CARTESIAN_POINT('',(1.409987401762,-0.130927706766,
    -0.792461805129));
#1908 = CARTESIAN_POINT('',(1.348407006212,0.280186619119,
    -0.647121698122));
#1909 = CARTESIAN_POINT('',(1.390056260554,0.145493547206,
    -0.707664909309));
#1910 = CARTESIAN_POINT('',(1.410583059071,8.466809736288E-03,
    -0.737503577904));
#1911 = CARTESIAN_POINT('',(1.409987401762,-0.13089359329,
    -0.736637703909));
#1912 = CARTESIAN_POINT('',(1.348407006212,0.280230738598,-0.57750626659
    ));
#1913 = CARTESIAN_POINT('',(1.390056260554,0.144376741381,
    -0.613562490842));
#1914 = CARTESIAN_POINT('',(1.410583059071,7.3514770189E-03,
    -0.631332769379));
#1915 = CARTESIAN_POINT('',(1.409987401762,-0.130845054488,
    -0.630817102199));
#1916 = CARTESIAN_POINT('',(1.348407006212,0.280252298705,-0.475));
#1917 = CARTESIAN_POINT('',(1.390056260554,0.143830985783,-0.475));
#1918 = CARTESIAN_POINT('',(1.410583059071,6.806441291707E-03,-0.475));
#1919 = CARTESIAN_POINT('',(1.409987401762,-0.130821334767,-0.475));
#1920 = CARTESIAN_POINT('',(1.348407006212,0.280230738598,
    -0.372493733409));
#1921 = CARTESIAN_POINT('',(1.390056260554,0.144376741381,
    -0.336437509158));
#1922 = CARTESIAN_POINT('',(1.410583059071,7.3514770189E-03,
    -0.318667230621));
#1923 = CARTESIAN_POINT('',(1.409987401762,-0.130845054488,
    -0.319182897801));
#1924 = CARTESIAN_POINT('',(1.348407006212,0.280186619119,
    -0.302878301878));
#1925 = CARTESIAN_POINT('',(1.390056260554,0.145493547206,
    -0.242335090691));
#1926 = CARTESIAN_POINT('',(1.410583059071,8.466809736288E-03,
    -0.212496422096));
#1927 = CARTESIAN_POINT('',(1.409987401762,-0.13089359329,
    -0.213362296091));
#1928 = CARTESIAN_POINT('',(1.348407006212,0.280155611579,
    -0.266153705405));
#1929 = CARTESIAN_POINT('',(1.390056260554,0.146278447688,
    -0.192692744602));
#1930 = CARTESIAN_POINT('',(1.410583059071,9.250674906567E-03,
    -0.156487574424));
#1931 = CARTESIAN_POINT('',(1.409987401762,-0.130927706766,
    -0.157538194871));
#1932 = ADVANCED_FACE('',(#1933),#1958,.F.);
#1933 = FACE_BOUND('',#1934,.F.);
#1934 = EDGE_LOOP('',(#1935,#1943,#1951,#1957));
#1935 = ORIENTED_EDGE('',*,*,#1936,.T.);
#1936 = EDGE_CURVE('',#1880,#1937,#1939,.T.);
#1937 = VERTEX_POINT('',#1938);
#1938 = CARTESIAN_POINT('',(1.15,0.275,-0.275));
#1939 = LINE('',#1940,#1941);
#1940 = CARTESIAN_POINT('',(1.35,0.275,-0.275));
#1941 = VECTOR('',#1942,1.);
#1942 = DIRECTION('',(-1.,0.,0.));
#1943 = ORIENTED_EDGE('',*,*,#1944,.T.);
#1944 = EDGE_CURVE('',#1937,#1945,#1947,.T.);
#1945 = VERTEX_POINT('',#1946);
#1946 = CARTESIAN_POINT('',(1.15,0.275,-0.675));
#1947 = LINE('',#1948,#1949);
#1948 = CARTESIAN_POINT('',(1.15,0.275,-0.275));
#1949 = VECTOR('',#1950,1.);
#1950 = DIRECTION('',(0.,0.,-1.));
#1951 = ORIENTED_EDGE('',*,*,#1952,.T.);
#1952 = EDGE_CURVE('',#1945,#1890,#1953,.T.);
#1953 = LINE('',#1954,#1955);
#1954 = CARTESIAN_POINT('',(1.15,0.275,-0.675));
#1955 = VECTOR('',#1956,1.);
#1956 = DIRECTION('',(1.,0.,0.));
#1957 = ORIENTED_EDGE('',*,*,#1898,.T.);
#1958 = PLANE('',#1959);
#1959 = AXIS2_PLACEMENT_3D('',#1960,#1961,#1962);
#1960 = CARTESIAN_POINT('',(1.25,0.275,-0.475));
#1961 = DIRECTION('',(0.,-1.,0.));
#1962 = DIRECTION('',(0.,0.,-1.));
#1963 = ADVANCED_FACE('',(#1964),#1976,.T.);
#1964 = FACE_BOUND('',#1965,.T.);
#1965 = EDGE_LOOP('',(#1966,#1973,#1974,#1975));
#1966 = ORIENTED_EDGE('',*,*,#1967,.T.);
#1967 = EDGE_CURVE('',#1937,#1639,#1968,.T.);
#1968 = B_SPLINE_CURVE_WITH_KNOTS('',3,(#1969,#1970,#1971,#1972),
  .UNSPECIFIED.,.F.,.F.,(4,4),(0.,1.),.PIECEWISE_BEZIER_KNOTS.);
#1969 = CARTESIAN_POINT('',(1.15,0.275,-0.275));
#1970 = CARTESIAN_POINT('',(1.11,0.144413919445,-0.208333333333));
#1971 = CARTESIAN_POINT('',(1.09,1.108058611148E-02,-0.175));
#1972 = CARTESIAN_POINT('',(1.09,-0.125,-0.175));
#1973 = ORIENTED_EDGE('',*,*,#1646,.F.);
#1974 = ORIENTED_EDGE('',*,*,#1879,.F.);
#1975 = ORIENTED_EDGE('',*,*,#1936,.T.);
#1976 = B_SPLINE_SURFACE_WITH_KNOTS('',3,3,(
    (#1977,#1978,#1979,#1980)
    ,(#1981,#1982,#1983,#1984)
    ,(#1985,#1986,#1987,#1988)
    ,(#1989,#1990,#1991,#1992)
    ,(#1993,#1994,#1995,#1996)
    ,(#1997,#1998,#1999,#2000)
    ,(#2001,#2002,#2003,#2004
    )),.UNSPECIFIED.,.F.,.F.,.F.,(4,1,1,1,4),(4,4),(-5.828008634173E-02,
    0.25,0.5,0.75,1.058280086342),(-5.275194695766E-03,0.405853585693),
  .UNSPECIFIED.);
#1977 = CARTESIAN_POINT('',(1.359877343849,0.280158086262,
    -0.277654989647));
#1978 = CARTESIAN_POINT('',(1.406387740612,0.146197089323,
    -0.208229866098));
#1979 = CARTESIAN_POINT('',(1.429307052913,9.149820647092E-03,
    -0.174018674646));
#1980 = CARTESIAN_POINT('',(1.428635280753,-0.130983719767,
    -0.175021415291));
#1981 = CARTESIAN_POINT('',(1.339652730268,0.280171063174,
    -0.277654989647));
#1982 = CARTESIAN_POINT('',(1.377602173798,0.145868554259,
    -0.208229866098));
#1983 = CARTESIAN_POINT('',(1.396302834477,8.821766710846E-03,
    -0.174018674646));
#1984 = CARTESIAN_POINT('',(1.395754712306,-0.13096929947,
    -0.175021415291));
#1985 = CARTESIAN_POINT('',(1.303026948985,0.280188204787,
    -0.277654989647));
#1986 = CARTESIAN_POINT('',(1.325472926927,0.14543458191,-0.208229866098
    ));
#1987 = CARTESIAN_POINT('',(1.33653381684,8.388429899514E-03,
    -0.174018674646));
#1988 = CARTESIAN_POINT('',(1.336209618722,-0.130950251243,
    -0.175021415291));
#1989 = CARTESIAN_POINT('',(1.25,0.280195974937,-0.277654989647));
#1990 = CARTESIAN_POINT('',(1.25,0.145237865863,-0.208229866098));
#1991 = CARTESIAN_POINT('',(1.25,8.19200193734E-03,-0.174018674646));
#1992 = CARTESIAN_POINT('',(1.25,-0.130941616841,-0.175021415291));
#1993 = CARTESIAN_POINT('',(1.196973051015,0.280188204787,
    -0.277654989647));
#1994 = CARTESIAN_POINT('',(1.174527073073,0.14543458191,-0.208229866098
    ));
#1995 = CARTESIAN_POINT('',(1.16346618316,8.388429899514E-03,
    -0.174018674646));
#1996 = CARTESIAN_POINT('',(1.163790381278,-0.130950251243,
    -0.175021415291));
#1997 = CARTESIAN_POINT('',(1.160347269732,0.280171063174,
    -0.277654989647));
#1998 = CARTESIAN_POINT('',(1.122397826202,0.145868554259,
    -0.208229866098));
#1999 = CARTESIAN_POINT('',(1.103697165523,8.821766710846E-03,
    -0.174018674646));
#2000 = CARTESIAN_POINT('',(1.104245287694,-0.13096929947,
    -0.175021415291));
#2001 = CARTESIAN_POINT('',(1.140122656151,0.280158086262,
    -0.277654989647));
#2002 = CARTESIAN_POINT('',(1.093612259388,0.146197089323,
    -0.208229866098));
#2003 = CARTESIAN_POINT('',(1.070692947087,9.149820647092E-03,
    -0.174018674646));
#2004 = CARTESIAN_POINT('',(1.071364719247,-0.130983719767,
    -0.175021415291));
#2005 = ADVANCED_FACE('',(#2006),#2018,.T.);
#2006 = FACE_BOUND('',#2007,.T.);
#2007 = EDGE_LOOP('',(#2008,#2015,#2016,#2017));
#2008 = ORIENTED_EDGE('',*,*,#2009,.T.);
#2009 = EDGE_CURVE('',#1945,#1670,#2010,.T.);
#2010 = B_SPLINE_CURVE_WITH_KNOTS('',3,(#2011,#2012,#2013,#2014),
  .UNSPECIFIED.,.F.,.F.,(4,4),(0.,1.),.PIECEWISE_BEZIER_KNOTS.);
#2011 = CARTESIAN_POINT('',(1.15,0.275,-0.675));
#2012 = CARTESIAN_POINT('',(1.11,0.144413919445,-0.741666666667));
#2013 = CARTESIAN_POINT('',(1.09,1.108058611148E-02,-0.775));
#2014 = CARTESIAN_POINT('',(1.09,-0.125,-0.775));
#2015 = ORIENTED_EDGE('',*,*,#1677,.F.);
#2016 = ORIENTED_EDGE('',*,*,#1967,.F.);
#2017 = ORIENTED_EDGE('',*,*,#1944,.T.);
#2018 = B_SPLINE_SURFACE_WITH_KNOTS('',3,3,(
    (#2019,#2020,#2021,#2022)
    ,(#2023,#2024,#2025,#2026)
    ,(#2027,#2028,#2029,#2030)
    ,(#2031,#2032,#2033,#2034)
    ,(#2035,#2036,#2037,#2038)
    ,(#2039,#2040,#2041,#2042)
    ,(#2043,#2044,#2045,#2046
    )),.UNSPECIFIED.,.F.,.F.,.F.,(4,1,1,1,4),(4,4),(-2.914004317087E-02,
    0.25,0.5,0.75,1.029140043171),(-5.275194695766E-03,0.405796145351),
  .UNSPECIFIED.);
#2019 = CARTESIAN_POINT('',(1.151592993788,0.280155611579,
    -0.266153705405));
#2020 = CARTESIAN_POINT('',(1.109943739446,0.146278447688,
    -0.192692744602));
#2021 = CARTESIAN_POINT('',(1.089416940929,9.250674906567E-03,
    -0.156487574424));
#2022 = CARTESIAN_POINT('',(1.090012598238,-0.130927706766,
    -0.157538194871));
#2023 = CARTESIAN_POINT('',(1.151592993788,0.280186619119,
    -0.302878301878));
#2024 = CARTESIAN_POINT('',(1.109943739446,0.145493547206,
    -0.242335090691));
#2025 = CARTESIAN_POINT('',(1.089416940929,8.466809736288E-03,
    -0.212496422096));
#2026 = CARTESIAN_POINT('',(1.090012598238,-0.13089359329,
    -0.213362296091));
#2027 = CARTESIAN_POINT('',(1.151592993788,0.280230738598,
    -0.372493733409));
#2028 = CARTESIAN_POINT('',(1.109943739446,0.144376741381,
    -0.336437509158));
#2029 = CARTESIAN_POINT('',(1.089416940929,7.3514770189E-03,
    -0.318667230621));
#2030 = CARTESIAN_POINT('',(1.090012598238,-0.130845054488,
    -0.319182897801));
#2031 = CARTESIAN_POINT('',(1.151592993788,0.280252298705,-0.475));
#2032 = CARTESIAN_POINT('',(1.109943739446,0.143830985783,-0.475));
#2033 = CARTESIAN_POINT('',(1.089416940929,6.806441291708E-03,-0.475));
#2034 = CARTESIAN_POINT('',(1.090012598238,-0.130821334767,-0.475));
#2035 = CARTESIAN_POINT('',(1.151592993788,0.280230738598,-0.57750626659
    ));
#2036 = CARTESIAN_POINT('',(1.109943739446,0.144376741381,
    -0.613562490842));
#2037 = CARTESIAN_POINT('',(1.089416940929,7.3514770189E-03,
    -0.631332769379));
#2038 = CARTESIAN_POINT('',(1.090012598238,-0.130845054488,
    -0.630817102199));
#2039 = CARTESIAN_POINT('',(1.151592993788,0.280186619119,
    -0.647121698122));
#2040 = CARTESIAN_POINT('',(1.109943739446,0.145493547206,
    -0.707664909309));
#2041 = CARTESIAN_POINT('',(1.089416940929,8.466809736288E-03,
    -0.737503577904));
#2042 = CARTESIAN_POINT('',(1.090012598238,-0.13089359329,
    -0.736637703909));
#2043 = CARTESIAN_POINT('',(1.151592993788,0.280155611579,
    -0.683846294595));
#2044 = CARTESIAN_POINT('',(1.109943739446,0.146278447688,
    -0.757307255398));
#2045 = CARTESIAN_POINT('',(1.089416940929,9.250674906567E-03,
    -0.793512425576));
#2046 = CARTESIAN_POINT('',(1.090012598238,-0.130927706766,
    -0.792461805129));
#2047 = ADVANCED_FACE('',(#2048),#2054,.T.);
#2048 = FACE_BOUND('',#2049,.T.);
#2049 = EDGE_LOOP('',(#2050,#2051,#2052,#2053));
#2050 = ORIENTED_EDGE('',*,*,#1889,.T.);
#2051 = ORIENTED_EDGE('',*,*,#1774,.F.);
#2052 = ORIENTED_EDGE('',*,*,#2009,.F.);
#2053 = ORIENTED_EDGE('',*,*,#1952,.T.);
#2054 = B_SPLINE_SURFACE_WITH_KNOTS('',3,3,(
    (#2055,#2056,#2057,#2058)
    ,(#2059,#2060,#2061,#2062)
    ,(#2063,#2064,#2065,#2066)
    ,(#2067,#2068,#2069,#2070)
    ,(#2071,#2072,#2073,#2074)
    ,(#2075,#2076,#2077,#2078)
    ,(#2079,#2080,#2081,#2082
    )),.UNSPECIFIED.,.F.,.F.,.F.,(4,1,1,1,4),(4,4),(-5.828008634173E-02,
    0.25,0.5,0.75,1.058280086342),(-5.275194695766E-03,0.405853585693),
  .UNSPECIFIED.);
#2055 = CARTESIAN_POINT('',(1.140122656151,0.280158086262,
    -0.672345010353));
#2056 = CARTESIAN_POINT('',(1.093612259388,0.146197089323,
    -0.741770133902));
#2057 = CARTESIAN_POINT('',(1.070692947087,9.149820647092E-03,
    -0.775981325354));
#2058 = CARTESIAN_POINT('',(1.071364719247,-0.130983719767,
    -0.774978584709));
#2059 = CARTESIAN_POINT('',(1.160347269732,0.280171063174,
    -0.672345010353));
#2060 = CARTESIAN_POINT('',(1.122397826202,0.145868554259,
    -0.741770133902));
#2061 = CARTESIAN_POINT('',(1.103697165523,8.821766710846E-03,
    -0.775981325354));
#2062 = CARTESIAN_POINT('',(1.104245287694,-0.13096929947,
    -0.774978584709));
#2063 = CARTESIAN_POINT('',(1.196973051015,0.280188204787,
    -0.672345010353));
#2064 = CARTESIAN_POINT('',(1.174527073073,0.14543458191,-0.741770133902
    ));
#2065 = CARTESIAN_POINT('',(1.16346618316,8.388429899514E-03,
    -0.775981325354));
#2066 = CARTESIAN_POINT('',(1.163790381278,-0.130950251243,
    -0.774978584709));
#2067 = CARTESIAN_POINT('',(1.25,0.280195974937,-0.672345010353));
#2068 = CARTESIAN_POINT('',(1.25,0.145237865863,-0.741770133902));
#2069 = CARTESIAN_POINT('',(1.25,8.19200193734E-03,-0.775981325354));
#2070 = CARTESIAN_POINT('',(1.25,-0.130941616841,-0.774978584709));
#2071 = CARTESIAN_POINT('',(1.303026948985,0.280188204787,
    -0.672345010353));
#2072 = CARTESIAN_POINT('',(1.325472926927,0.14543458191,-0.741770133902
    ));
#2073 = CARTESIAN_POINT('',(1.33653381684,8.388429899514E-03,
    -0.775981325354));
#2074 = CARTESIAN_POINT('',(1.336209618722,-0.130950251243,
    -0.774978584709));
#2075 = CARTESIAN_POINT('',(1.339652730268,0.280171063174,
    -0.672345010353));
#2076 = CARTESIAN_POINT('',(1.377602173798,0.145868554259,
    -0.741770133902));
#2077 = CARTESIAN_POINT('',(1.396302834477,8.821766710846E-03,
    -0.775981325354));
#2078 = CARTESIAN_POINT('',(1.395754712306,-0.13096929947,
    -0.774978584709));
#2079 = CARTESIAN_POINT('',(1.359877343849,0.280158086262,
    -0.672345010353));
#2080 = CARTESIAN_POINT('',(1.406387740612,0.146197089323,
    -0.741770133902));
#2081 = CARTESIAN_POINT('',(1.429307052913,9.149820647092E-03,
    -0.775981325354));
#2082 = CARTESIAN_POINT('',(1.428635280753,-0.130983719767,
    -0.774978584709));
#2083 = ADVANCED_FACE('',(#2084),#2109,.F.);
#2084 = FACE_BOUND('',#2085,.F.);
#2085 = EDGE_LOOP('',(#2086,#2087,#2095,#2103));
#2086 = ORIENTED_EDGE('',*,*,#1806,.T.);
#2087 = ORIENTED_EDGE('',*,*,#2088,.T.);
#2088 = EDGE_CURVE('',#1809,#2089,#2091,.T.);
#2089 = VERTEX_POINT('',#2090);
#2090 = CARTESIAN_POINT('',(1.475,-3.675,-0.6));
#2091 = LINE('',#2092,#2093);
#2092 = CARTESIAN_POINT('',(1.41,-3.371666666667,-0.6));
#2093 = VECTOR('',#2094,1.);
#2094 = DIRECTION('',(0.209529088731,-0.977802414077,0.));
#2095 = ORIENTED_EDGE('',*,*,#2096,.F.);
#2096 = EDGE_CURVE('',#2097,#2089,#2099,.T.);
#2097 = VERTEX_POINT('',#2098);
#2098 = CARTESIAN_POINT('',(1.475,-3.675,-1.6));
#2099 = LINE('',#2100,#2101);
#2100 = CARTESIAN_POINT('',(1.475,-3.675,-1.6));
#2101 = VECTOR('',#2102,1.);
#2102 = DIRECTION('',(0.,0.,1.));
#2103 = ORIENTED_EDGE('',*,*,#2104,.F.);
#2104 = EDGE_CURVE('',#1807,#2097,#2105,.T.);
#2105 = LINE('',#2106,#2107);
#2106 = CARTESIAN_POINT('',(1.41,-3.371666666667,-1.6));
#2107 = VECTOR('',#2108,1.);
#2108 = DIRECTION('',(0.209529088731,-0.977802414077,0.));
#2109 = PLANE('',#2110);
#2110 = AXIS2_PLACEMENT_3D('',#2111,#2112,#2113);
#2111 = CARTESIAN_POINT('',(1.4,-3.325,-1.6));
#2112 = DIRECTION('',(0.977802414077,0.209529088731,0.));
#2113 = DIRECTION('',(0.209529088731,-0.977802414077,0.));
#2114 = ADVANCED_FACE('',(#2115),#2149,.F.);
#2115 = FACE_BOUND('',#2116,.F.);
#2116 = EDGE_LOOP('',(#2117,#2118,#2126,#2134,#2142,#2148));
#2117 = ORIENTED_EDGE('',*,*,#1865,.F.);
#2118 = ORIENTED_EDGE('',*,*,#2119,.F.);
#2119 = EDGE_CURVE('',#2120,#1858,#2122,.T.);
#2120 = VERTEX_POINT('',#2121);
#2121 = CARTESIAN_POINT('',(2.,-3.225,-0.6));
#2122 = LINE('',#2123,#2124);
#2123 = CARTESIAN_POINT('',(2.,-3.225,-0.6));
#2124 = VECTOR('',#2125,1.);
#2125 = DIRECTION('',(-1.,0.,0.));
#2126 = ORIENTED_EDGE('',*,*,#2127,.F.);
#2127 = EDGE_CURVE('',#2128,#2120,#2130,.T.);
#2128 = VERTEX_POINT('',#2129);
#2129 = CARTESIAN_POINT('',(2.,-3.825,-0.6));
#2130 = LINE('',#2131,#2132);
#2131 = CARTESIAN_POINT('',(2.,-3.825,-0.6));
#2132 = VECTOR('',#2133,1.);
#2133 = DIRECTION('',(0.,1.,0.));
#2134 = ORIENTED_EDGE('',*,*,#2135,.F.);
#2135 = EDGE_CURVE('',#2136,#2128,#2138,.T.);
#2136 = VERTEX_POINT('',#2137);
#2137 = CARTESIAN_POINT('',(1.575,-3.825,-0.6));
#2138 = LINE('',#2139,#2140);
#2139 = CARTESIAN_POINT('',(1.575,-3.825,-0.6));
#2140 = VECTOR('',#2141,1.);
#2141 = DIRECTION('',(1.,0.,0.));
#2142 = ORIENTED_EDGE('',*,*,#2143,.F.);
#2143 = EDGE_CURVE('',#2089,#2136,#2144,.T.);
#2144 = LINE('',#2145,#2146);
#2145 = CARTESIAN_POINT('',(1.475,-3.675,-0.6));
#2146 = VECTOR('',#2147,1.);
#2147 = DIRECTION('',(0.554700196225,-0.832050294338,0.));
#2148 = ORIENTED_EDGE('',*,*,#2088,.F.);
#2149 = PLANE('',#2150);
#2150 = AXIS2_PLACEMENT_3D('',#2151,#2152,#2153);
#2151 = CARTESIAN_POINT('',(2.,-3.825,-0.6));
#2152 = DIRECTION('',(0.,0.,-1.));
#2153 = DIRECTION('',(0.,1.,0.));
#2154 = ADVANCED_FACE('',(#2155),#2212,.F.);
#2155 = FACE_BOUND('',#2156,.F.);
#2156 = EDGE_LOOP('',(#2157,#2167,#2173,#2174,#2182,#2190,#2198,#2206));
#2157 = ORIENTED_EDGE('',*,*,#2158,.F.);
#2158 = EDGE_CURVE('',#2159,#2161,#2163,.T.);
#2159 = VERTEX_POINT('',#2160);
#2160 = CARTESIAN_POINT('',(0.16,-3.225,-0.6));
#2161 = VERTEX_POINT('',#2162);
#2162 = CARTESIAN_POINT('',(0.16,-3.371666666667,-0.6));
#2163 = LINE('',#2164,#2165);
#2164 = CARTESIAN_POINT('',(0.16,-3.225,-0.6));
#2165 = VECTOR('',#2166,1.);
#2166 = DIRECTION('',(0.,-1.,0.));
#2167 = ORIENTED_EDGE('',*,*,#2168,.F.);
#2168 = EDGE_CURVE('',#1703,#2159,#2169,.T.);
#2169 = LINE('',#2170,#2171);
#2170 = CARTESIAN_POINT('',(1.09,-3.225,-0.6));
#2171 = VECTOR('',#2172,1.);
#2172 = DIRECTION('',(-1.,0.,0.));
#2173 = ORIENTED_EDGE('',*,*,#1702,.T.);
#2174 = ORIENTED_EDGE('',*,*,#2175,.F.);
#2175 = EDGE_CURVE('',#2176,#1695,#2178,.T.);
#2176 = VERTEX_POINT('',#2177);
#2177 = CARTESIAN_POINT('',(1.025,-3.675,-0.6));
#2178 = LINE('',#2179,#2180);
#2179 = CARTESIAN_POINT('',(1.025,-3.675,-0.6));
#2180 = VECTOR('',#2181,1.);
#2181 = DIRECTION('',(0.209529088731,0.977802414077,0.));
#2182 = ORIENTED_EDGE('',*,*,#2183,.F.);
#2183 = EDGE_CURVE('',#2184,#2176,#2186,.T.);
#2184 = VERTEX_POINT('',#2185);
#2185 = CARTESIAN_POINT('',(0.925,-3.825,-0.6));
#2186 = LINE('',#2187,#2188);
#2187 = CARTESIAN_POINT('',(0.925,-3.825,-0.6));
#2188 = VECTOR('',#2189,1.);
#2189 = DIRECTION('',(0.554700196225,0.832050294338,0.));
#2190 = ORIENTED_EDGE('',*,*,#2191,.F.);
#2191 = EDGE_CURVE('',#2192,#2184,#2194,.T.);
#2192 = VERTEX_POINT('',#2193);
#2193 = CARTESIAN_POINT('',(0.325,-3.825,-0.6));
#2194 = LINE('',#2195,#2196);
#2195 = CARTESIAN_POINT('',(0.325,-3.825,-0.6));
#2196 = VECTOR('',#2197,1.);
#2197 = DIRECTION('',(1.,0.,0.));
#2198 = ORIENTED_EDGE('',*,*,#2199,.F.);
#2199 = EDGE_CURVE('',#2200,#2192,#2202,.T.);
#2200 = VERTEX_POINT('',#2201);
#2201 = CARTESIAN_POINT('',(0.225,-3.675,-0.6));
#2202 = LINE('',#2203,#2204);
#2203 = CARTESIAN_POINT('',(0.225,-3.675,-0.6));
#2204 = VECTOR('',#2205,1.);
#2205 = DIRECTION('',(0.554700196225,-0.832050294338,0.));
#2206 = ORIENTED_EDGE('',*,*,#2207,.F.);
#2207 = EDGE_CURVE('',#2161,#2200,#2208,.T.);
#2208 = LINE('',#2209,#2210);
#2209 = CARTESIAN_POINT('',(0.16,-3.371666666667,-0.6));
#2210 = VECTOR('',#2211,1.);
#2211 = DIRECTION('',(0.209529088731,-0.977802414077,0.));
#2212 = PLANE('',#2213);
#2213 = AXIS2_PLACEMENT_3D('',#2214,#2215,#2216);
#2214 = CARTESIAN_POINT('',(2.,-3.825,-0.6));
#2215 = DIRECTION('',(0.,0.,-1.));
#2216 = DIRECTION('',(0.,1.,0.));
#2217 = ADVANCED_FACE('',(#2218),#2268,.F.);
#2218 = FACE_BOUND('',#2219,.F.);
#2219 = EDGE_LOOP('',(#2220,#2230,#2238,#2246,#2254,#2262));
#2220 = ORIENTED_EDGE('',*,*,#2221,.T.);
#2221 = EDGE_CURVE('',#2222,#2224,#2226,.T.);
#2222 = VERTEX_POINT('',#2223);
#2223 = CARTESIAN_POINT('',(-1.41,-3.225,-0.6));
#2224 = VERTEX_POINT('',#2225);
#2225 = CARTESIAN_POINT('',(-1.41,-3.371666666667,-0.6));
#2226 = LINE('',#2227,#2228);
#2227 = CARTESIAN_POINT('',(-1.41,-3.225,-0.6));
#2228 = VECTOR('',#2229,1.);
#2229 = DIRECTION('',(0.,-1.,0.));
#2230 = ORIENTED_EDGE('',*,*,#2231,.F.);
#2231 = EDGE_CURVE('',#2232,#2224,#2234,.T.);
#2232 = VERTEX_POINT('',#2233);
#2233 = CARTESIAN_POINT('',(-1.475,-3.675,-0.6));
#2234 = LINE('',#2235,#2236);
#2235 = CARTESIAN_POINT('',(-1.475,-3.675,-0.6));
#2236 = VECTOR('',#2237,1.);
#2237 = DIRECTION('',(0.209529088731,0.977802414077,0.));
#2238 = ORIENTED_EDGE('',*,*,#2239,.F.);
#2239 = EDGE_CURVE('',#2240,#2232,#2242,.T.);
#2240 = VERTEX_POINT('',#2241);
#2241 = CARTESIAN_POINT('',(-1.575,-3.825,-0.6));
#2242 = LINE('',#2243,#2244);
#2243 = CARTESIAN_POINT('',(-1.575,-3.825,-0.6));
#2244 = VECTOR('',#2245,1.);
#2245 = DIRECTION('',(0.554700196225,0.832050294338,0.));
#2246 = ORIENTED_EDGE('',*,*,#2247,.F.);
#2247 = EDGE_CURVE('',#2248,#2240,#2250,.T.);
#2248 = VERTEX_POINT('',#2249);
#2249 = CARTESIAN_POINT('',(-2.,-3.825,-0.6));
#2250 = LINE('',#2251,#2252);
#2251 = CARTESIAN_POINT('',(-2.,-3.825,-0.6));
#2252 = VECTOR('',#2253,1.);
#2253 = DIRECTION('',(1.,0.,0.));
#2254 = ORIENTED_EDGE('',*,*,#2255,.T.);
#2255 = EDGE_CURVE('',#2248,#2256,#2258,.T.);
#2256 = VERTEX_POINT('',#2257);
#2257 = CARTESIAN_POINT('',(-2.,-3.225,-0.6));
#2258 = LINE('',#2259,#2260);
#2259 = CARTESIAN_POINT('',(-2.,-3.825,-0.6));
#2260 = VECTOR('',#2261,1.);
#2261 = DIRECTION('',(0.,1.,0.));
#2262 = ORIENTED_EDGE('',*,*,#2263,.F.);
#2263 = EDGE_CURVE('',#2222,#2256,#2264,.T.);
#2264 = LINE('',#2265,#2266);
#2265 = CARTESIAN_POINT('',(-1.41,-3.225,-0.6));
#2266 = VECTOR('',#2267,1.);
#2267 = DIRECTION('',(-1.,0.,0.));
#2268 = PLANE('',#2269);
#2269 = AXIS2_PLACEMENT_3D('',#2270,#2271,#2272);
#2270 = CARTESIAN_POINT('',(2.,-3.825,-0.6));
#2271 = DIRECTION('',(0.,0.,-1.));
#2272 = DIRECTION('',(0.,1.,0.));
#2273 = ADVANCED_FACE('',(#2274),#2340,.F.);
#2274 = FACE_BOUND('',#2275,.F.);
#2275 = EDGE_LOOP('',(#2276,#2286,#2294,#2302,#2310,#2318,#2326,#2334));
#2276 = ORIENTED_EDGE('',*,*,#2277,.F.);
#2277 = EDGE_CURVE('',#2278,#2280,#2282,.T.);
#2278 = VERTEX_POINT('',#2279);
#2279 = CARTESIAN_POINT('',(-1.09,-3.225,-0.6));
#2280 = VERTEX_POINT('',#2281);
#2281 = CARTESIAN_POINT('',(-1.09,-3.371666666667,-0.6));
#2282 = LINE('',#2283,#2284);
#2283 = CARTESIAN_POINT('',(-1.09,-3.225,-0.6));
#2284 = VECTOR('',#2285,1.);
#2285 = DIRECTION('',(0.,-1.,0.));
#2286 = ORIENTED_EDGE('',*,*,#2287,.F.);
#2287 = EDGE_CURVE('',#2288,#2278,#2290,.T.);
#2288 = VERTEX_POINT('',#2289);
#2289 = CARTESIAN_POINT('',(-0.16,-3.225,-0.6));
#2290 = LINE('',#2291,#2292);
#2291 = CARTESIAN_POINT('',(-0.16,-3.225,-0.6));
#2292 = VECTOR('',#2293,1.);
#2293 = DIRECTION('',(-1.,0.,0.));
#2294 = ORIENTED_EDGE('',*,*,#2295,.T.);
#2295 = EDGE_CURVE('',#2288,#2296,#2298,.T.);
#2296 = VERTEX_POINT('',#2297);
#2297 = CARTESIAN_POINT('',(-0.16,-3.371666666667,-0.6));
#2298 = LINE('',#2299,#2300);
#2299 = CARTESIAN_POINT('',(-0.16,-3.225,-0.6));
#2300 = VECTOR('',#2301,1.);
#2301 = DIRECTION('',(0.,-1.,0.));
#2302 = ORIENTED_EDGE('',*,*,#2303,.F.);
#2303 = EDGE_CURVE('',#2304,#2296,#2306,.T.);
#2304 = VERTEX_POINT('',#2305);
#2305 = CARTESIAN_POINT('',(-0.225,-3.675,-0.6));
#2306 = LINE('',#2307,#2308);
#2307 = CARTESIAN_POINT('',(-0.225,-3.675,-0.6));
#2308 = VECTOR('',#2309,1.);
#2309 = DIRECTION('',(0.209529088731,0.977802414077,0.));
#2310 = ORIENTED_EDGE('',*,*,#2311,.F.);
#2311 = EDGE_CURVE('',#2312,#2304,#2314,.T.);
#2312 = VERTEX_POINT('',#2313);
#2313 = CARTESIAN_POINT('',(-0.325,-3.825,-0.6));
#2314 = LINE('',#2315,#2316);
#2315 = CARTESIAN_POINT('',(-0.325,-3.825,-0.6));
#2316 = VECTOR('',#2317,1.);
#2317 = DIRECTION('',(0.554700196225,0.832050294338,0.));
#2318 = ORIENTED_EDGE('',*,*,#2319,.F.);
#2319 = EDGE_CURVE('',#2320,#2312,#2322,.T.);
#2320 = VERTEX_POINT('',#2321);
#2321 = CARTESIAN_POINT('',(-0.925,-3.825,-0.6));
#2322 = LINE('',#2323,#2324);
#2323 = CARTESIAN_POINT('',(-0.925,-3.825,-0.6));
#2324 = VECTOR('',#2325,1.);
#2325 = DIRECTION('',(1.,0.,0.));
#2326 = ORIENTED_EDGE('',*,*,#2327,.F.);
#2327 = EDGE_CURVE('',#2328,#2320,#2330,.T.);
#2328 = VERTEX_POINT('',#2329);
#2329 = CARTESIAN_POINT('',(-1.025,-3.675,-0.6));
#2330 = LINE('',#2331,#2332);
#2331 = CARTESIAN_POINT('',(-1.025,-3.675,-0.6));
#2332 = VECTOR('',#2333,1.);
#2333 = DIRECTION('',(0.554700196225,-0.832050294338,0.));
#2334 = ORIENTED_EDGE('',*,*,#2335,.F.);
#2335 = EDGE_CURVE('',#2280,#2328,#2336,.T.);
#2336 = LINE('',#2337,#2338);
#2337 = CARTESIAN_POINT('',(-1.09,-3.371666666667,-0.6));
#2338 = VECTOR('',#2339,1.);
#2339 = DIRECTION('',(0.209529088731,-0.977802414077,0.));
#2340 = PLANE('',#2341);
#2341 = AXIS2_PLACEMENT_3D('',#2342,#2343,#2344);
#2342 = CARTESIAN_POINT('',(2.,-3.825,-0.6));
#2343 = DIRECTION('',(0.,0.,-1.));
#2344 = DIRECTION('',(0.,1.,0.));
#2345 = ADVANCED_FACE('',(#2346),#2504,.F.);
#2346 = FACE_BOUND('',#2347,.F.);
#2347 = EDGE_LOOP('',(#2348,#2349,#2350,#2356,#2357,#2365,#2373,#2379,
    #2380,#2388,#2396,#2402,#2403,#2411,#2419,#2425,#2426,#2432,#2433,
    #2434,#2435,#2441,#2442,#2443,#2449,#2450,#2451,#2459,#2467,#2473,
    #2474,#2482,#2490,#2496,#2497,#2503));
#2348 = ORIENTED_EDGE('',*,*,#234,.F.);
#2349 = ORIENTED_EDGE('',*,*,#313,.T.);
#2350 = ORIENTED_EDGE('',*,*,#2351,.F.);
#2351 = EDGE_CURVE('',#506,#306,#2352,.T.);
#2352 = LINE('',#2353,#2354);
#2353 = CARTESIAN_POINT('',(-2.25,-3.225,1.6));
#2354 = VECTOR('',#2355,1.);
#2355 = DIRECTION('',(0.,0.,-1.));
#2356 = ORIENTED_EDGE('',*,*,#505,.T.);
#2357 = ORIENTED_EDGE('',*,*,#2358,.T.);
#2358 = EDGE_CURVE('',#498,#2359,#2361,.T.);
#2359 = VERTEX_POINT('',#2360);
#2360 = CARTESIAN_POINT('',(-1.55,-3.225,1.));
#2361 = LINE('',#2362,#2363);
#2362 = CARTESIAN_POINT('',(-1.55,-3.225,1.6));
#2363 = VECTOR('',#2364,1.);
#2364 = DIRECTION('',(0.,0.,-1.));
#2365 = ORIENTED_EDGE('',*,*,#2366,.T.);
#2366 = EDGE_CURVE('',#2359,#2367,#2369,.T.);
#2367 = VERTEX_POINT('',#2368);
#2368 = CARTESIAN_POINT('',(-0.95,-3.225,1.));
#2369 = LINE('',#2370,#2371);
#2370 = CARTESIAN_POINT('',(-1.55,-3.225,1.));
#2371 = VECTOR('',#2372,1.);
#2372 = DIRECTION('',(1.,0.,0.));
#2373 = ORIENTED_EDGE('',*,*,#2374,.F.);
#2374 = EDGE_CURVE('',#474,#2367,#2375,.T.);
#2375 = LINE('',#2376,#2377);
#2376 = CARTESIAN_POINT('',(-0.95,-3.225,1.6));
#2377 = VECTOR('',#2378,1.);
#2378 = DIRECTION('',(0.,0.,-1.));
#2379 = ORIENTED_EDGE('',*,*,#473,.T.);
#2380 = ORIENTED_EDGE('',*,*,#2381,.T.);
#2381 = EDGE_CURVE('',#466,#2382,#2384,.T.);
#2382 = VERTEX_POINT('',#2383);
#2383 = CARTESIAN_POINT('',(-0.3,-3.225,1.));
#2384 = LINE('',#2385,#2386);
#2385 = CARTESIAN_POINT('',(-0.3,-3.225,1.6));
#2386 = VECTOR('',#2387,1.);
#2387 = DIRECTION('',(0.,0.,-1.));
#2388 = ORIENTED_EDGE('',*,*,#2389,.T.);
#2389 = EDGE_CURVE('',#2382,#2390,#2392,.T.);
#2390 = VERTEX_POINT('',#2391);
#2391 = CARTESIAN_POINT('',(0.3,-3.225,1.));
#2392 = LINE('',#2393,#2394);
#2393 = CARTESIAN_POINT('',(-0.3,-3.225,1.));
#2394 = VECTOR('',#2395,1.);
#2395 = DIRECTION('',(1.,0.,0.));
#2396 = ORIENTED_EDGE('',*,*,#2397,.F.);
#2397 = EDGE_CURVE('',#442,#2390,#2398,.T.);
#2398 = LINE('',#2399,#2400);
#2399 = CARTESIAN_POINT('',(0.3,-3.225,1.6));
#2400 = VECTOR('',#2401,1.);
#2401 = DIRECTION('',(0.,0.,-1.));
#2402 = ORIENTED_EDGE('',*,*,#441,.T.);
#2403 = ORIENTED_EDGE('',*,*,#2404,.T.);
#2404 = EDGE_CURVE('',#434,#2405,#2407,.T.);
#2405 = VERTEX_POINT('',#2406);
#2406 = CARTESIAN_POINT('',(0.95,-3.225,1.));
#2407 = LINE('',#2408,#2409);
#2408 = CARTESIAN_POINT('',(0.95,-3.225,1.6));
#2409 = VECTOR('',#2410,1.);
#2410 = DIRECTION('',(0.,0.,-1.));
#2411 = ORIENTED_EDGE('',*,*,#2412,.T.);
#2412 = EDGE_CURVE('',#2405,#2413,#2415,.T.);
#2413 = VERTEX_POINT('',#2414);
#2414 = CARTESIAN_POINT('',(1.55,-3.225,1.));
#2415 = LINE('',#2416,#2417);
#2416 = CARTESIAN_POINT('',(0.95,-3.225,1.));
#2417 = VECTOR('',#2418,1.);
#2418 = DIRECTION('',(1.,0.,0.));
#2419 = ORIENTED_EDGE('',*,*,#2420,.F.);
#2420 = EDGE_CURVE('',#410,#2413,#2421,.T.);
#2421 = LINE('',#2422,#2423);
#2422 = CARTESIAN_POINT('',(1.55,-3.225,1.6));
#2423 = VECTOR('',#2424,1.);
#2424 = DIRECTION('',(0.,0.,-1.));
#2425 = ORIENTED_EDGE('',*,*,#409,.T.);
#2426 = ORIENTED_EDGE('',*,*,#2427,.T.);
#2427 = EDGE_CURVE('',#402,#338,#2428,.T.);
#2428 = LINE('',#2429,#2430);
#2429 = CARTESIAN_POINT('',(2.25,-3.225,1.6));
#2430 = VECTOR('',#2431,1.);
#2431 = DIRECTION('',(0.,0.,-1.));
#2432 = ORIENTED_EDGE('',*,*,#337,.T.);
#2433 = ORIENTED_EDGE('',*,*,#632,.T.);
#2434 = ORIENTED_EDGE('',*,*,#202,.T.);
#2435 = ORIENTED_EDGE('',*,*,#2436,.F.);
#2436 = EDGE_CURVE('',#2120,#195,#2437,.T.);
#2437 = LINE('',#2438,#2439);
#2438 = CARTESIAN_POINT('',(2.,-3.225,-0.6));
#2439 = VECTOR('',#2440,1.);
#2440 = DIRECTION('',(0.,0.,1.));
#2441 = ORIENTED_EDGE('',*,*,#2119,.T.);
#2442 = ORIENTED_EDGE('',*,*,#1857,.T.);
#2443 = ORIENTED_EDGE('',*,*,#2444,.F.);
#2444 = EDGE_CURVE('',#1711,#1849,#2445,.T.);
#2445 = LINE('',#2446,#2447);
#2446 = CARTESIAN_POINT('',(1.09,-3.225,-0.469937890595));
#2447 = VECTOR('',#2448,1.);
#2448 = DIRECTION('',(1.,0.,0.));
#2449 = ORIENTED_EDGE('',*,*,#1710,.F.);
#2450 = ORIENTED_EDGE('',*,*,#2168,.T.);
#2451 = ORIENTED_EDGE('',*,*,#2452,.T.);
#2452 = EDGE_CURVE('',#2159,#2453,#2455,.T.);
#2453 = VERTEX_POINT('',#2454);
#2454 = CARTESIAN_POINT('',(0.16,-3.225,-0.469937890595));
#2455 = LINE('',#2456,#2457);
#2456 = CARTESIAN_POINT('',(0.16,-3.225,-0.6));
#2457 = VECTOR('',#2458,1.);
#2458 = DIRECTION('',(0.,0.,1.));
#2459 = ORIENTED_EDGE('',*,*,#2460,.F.);
#2460 = EDGE_CURVE('',#2461,#2453,#2463,.T.);
#2461 = VERTEX_POINT('',#2462);
#2462 = CARTESIAN_POINT('',(-0.16,-3.225,-0.469937890595));
#2463 = LINE('',#2464,#2465);
#2464 = CARTESIAN_POINT('',(-0.16,-3.225,-0.469937890595));
#2465 = VECTOR('',#2466,1.);
#2466 = DIRECTION('',(1.,0.,0.));
#2467 = ORIENTED_EDGE('',*,*,#2468,.F.);
#2468 = EDGE_CURVE('',#2288,#2461,#2469,.T.);
#2469 = LINE('',#2470,#2471);
#2470 = CARTESIAN_POINT('',(-0.16,-3.225,-0.6));
#2471 = VECTOR('',#2472,1.);
#2472 = DIRECTION('',(0.,0.,1.));
#2473 = ORIENTED_EDGE('',*,*,#2287,.T.);
#2474 = ORIENTED_EDGE('',*,*,#2475,.T.);
#2475 = EDGE_CURVE('',#2278,#2476,#2478,.T.);
#2476 = VERTEX_POINT('',#2477);
#2477 = CARTESIAN_POINT('',(-1.09,-3.225,-0.469937890595));
#2478 = LINE('',#2479,#2480);
#2479 = CARTESIAN_POINT('',(-1.09,-3.225,-0.6));
#2480 = VECTOR('',#2481,1.);
#2481 = DIRECTION('',(0.,0.,1.));
#2482 = ORIENTED_EDGE('',*,*,#2483,.F.);
#2483 = EDGE_CURVE('',#2484,#2476,#2486,.T.);
#2484 = VERTEX_POINT('',#2485);
#2485 = CARTESIAN_POINT('',(-1.41,-3.225,-0.469937890595));
#2486 = LINE('',#2487,#2488);
#2487 = CARTESIAN_POINT('',(-1.41,-3.225,-0.469937890595));
#2488 = VECTOR('',#2489,1.);
#2489 = DIRECTION('',(1.,0.,0.));
#2490 = ORIENTED_EDGE('',*,*,#2491,.F.);
#2491 = EDGE_CURVE('',#2222,#2484,#2492,.T.);
#2492 = LINE('',#2493,#2494);
#2493 = CARTESIAN_POINT('',(-1.41,-3.225,-0.6));
#2494 = VECTOR('',#2495,1.);
#2495 = DIRECTION('',(0.,0.,1.));
#2496 = ORIENTED_EDGE('',*,*,#2263,.T.);
#2497 = ORIENTED_EDGE('',*,*,#2498,.T.);
#2498 = EDGE_CURVE('',#2256,#172,#2499,.T.);
#2499 = LINE('',#2500,#2501);
#2500 = CARTESIAN_POINT('',(-2.,-3.225,-0.6));
#2501 = VECTOR('',#2502,1.);
#2502 = DIRECTION('',(0.,0.,1.));
#2503 = ORIENTED_EDGE('',*,*,#171,.T.);
#2504 = PLANE('',#2505);
#2505 = AXIS2_PLACEMENT_3D('',#2506,#2507,#2508);
#2506 = CARTESIAN_POINT('',(2.,-3.225,-0.6));
#2507 = DIRECTION('',(0.,1.,0.));
#2508 = DIRECTION('',(0.,-0.,1.));
#2509 = ADVANCED_FACE('',(#2510),#2516,.F.);
#2510 = FACE_BOUND('',#2511,.F.);
#2511 = EDGE_LOOP('',(#2512,#2513,#2514,#2515));
#2512 = ORIENTED_EDGE('',*,*,#513,.F.);
#2513 = ORIENTED_EDGE('',*,*,#2351,.T.);
#2514 = ORIENTED_EDGE('',*,*,#305,.T.);
#2515 = ORIENTED_EDGE('',*,*,#376,.F.);
#2516 = PLANE('',#2517);
#2517 = AXIS2_PLACEMENT_3D('',#2518,#2519,#2520);
#2518 = CARTESIAN_POINT('',(-2.25,-3.225,1.6));
#2519 = DIRECTION('',(1.,0.,0.));
#2520 = DIRECTION('',(-0.,1.,0.));
#2521 = ADVANCED_FACE('',(#2522),#2540,.F.);
#2522 = FACE_BOUND('',#2523,.F.);
#2523 = EDGE_LOOP('',(#2524,#2525,#2533,#2539));
#2524 = ORIENTED_EDGE('',*,*,#497,.T.);
#2525 = ORIENTED_EDGE('',*,*,#2526,.T.);
#2526 = EDGE_CURVE('',#490,#2527,#2529,.T.);
#2527 = VERTEX_POINT('',#2528);
#2528 = CARTESIAN_POINT('',(-1.55,-2.925,1.));
#2529 = LINE('',#2530,#2531);
#2530 = CARTESIAN_POINT('',(-1.55,-2.925,1.6));
#2531 = VECTOR('',#2532,1.);
#2532 = DIRECTION('',(0.,0.,-1.));
#2533 = ORIENTED_EDGE('',*,*,#2534,.T.);
#2534 = EDGE_CURVE('',#2527,#2359,#2535,.T.);
#2535 = LINE('',#2536,#2537);
#2536 = CARTESIAN_POINT('',(-1.55,-2.925,1.));
#2537 = VECTOR('',#2538,1.);
#2538 = DIRECTION('',(0.,-1.,0.));
#2539 = ORIENTED_EDGE('',*,*,#2358,.F.);
#2540 = PLANE('',#2541);
#2541 = AXIS2_PLACEMENT_3D('',#2542,#2543,#2544);
#2542 = CARTESIAN_POINT('',(-1.55,-2.925,1.6));
#2543 = DIRECTION('',(-1.,0.,0.));
#2544 = DIRECTION('',(0.,-1.,0.));
#2545 = ADVANCED_FACE('',(#2546),#2564,.F.);
#2546 = FACE_BOUND('',#2547,.F.);
#2547 = EDGE_LOOP('',(#2548,#2549,#2557,#2563));
#2548 = ORIENTED_EDGE('',*,*,#489,.F.);
#2549 = ORIENTED_EDGE('',*,*,#2550,.T.);
#2550 = EDGE_CURVE('',#482,#2551,#2553,.T.);
#2551 = VERTEX_POINT('',#2552);
#2552 = CARTESIAN_POINT('',(-0.95,-2.925,1.));
#2553 = LINE('',#2554,#2555);
#2554 = CARTESIAN_POINT('',(-0.95,-2.925,1.6));
#2555 = VECTOR('',#2556,1.);
#2556 = DIRECTION('',(0.,0.,-1.));
#2557 = ORIENTED_EDGE('',*,*,#2558,.T.);
#2558 = EDGE_CURVE('',#2551,#2527,#2559,.T.);
#2559 = LINE('',#2560,#2561);
#2560 = CARTESIAN_POINT('',(-0.95,-2.925,1.));
#2561 = VECTOR('',#2562,1.);
#2562 = DIRECTION('',(-1.,0.,0.));
#2563 = ORIENTED_EDGE('',*,*,#2526,.F.);
#2564 = PLANE('',#2565);
#2565 = AXIS2_PLACEMENT_3D('',#2566,#2567,#2568);
#2566 = CARTESIAN_POINT('',(-0.95,-2.925,1.6));
#2567 = DIRECTION('',(0.,1.,0.));
#2568 = DIRECTION('',(-1.,0.,0.));
#2569 = ADVANCED_FACE('',(#2570),#2581,.F.);
#2570 = FACE_BOUND('',#2571,.F.);
#2571 = EDGE_LOOP('',(#2572,#2573,#2574,#2580));
#2572 = ORIENTED_EDGE('',*,*,#481,.F.);
#2573 = ORIENTED_EDGE('',*,*,#2374,.T.);
#2574 = ORIENTED_EDGE('',*,*,#2575,.T.);
#2575 = EDGE_CURVE('',#2367,#2551,#2576,.T.);
#2576 = LINE('',#2577,#2578);
#2577 = CARTESIAN_POINT('',(-0.95,-3.225,1.));
#2578 = VECTOR('',#2579,1.);
#2579 = DIRECTION('',(0.,1.,0.));
#2580 = ORIENTED_EDGE('',*,*,#2550,.F.);
#2581 = PLANE('',#2582);
#2582 = AXIS2_PLACEMENT_3D('',#2583,#2584,#2585);
#2583 = CARTESIAN_POINT('',(-0.95,-3.225,1.6));
#2584 = DIRECTION('',(1.,0.,0.));
#2585 = DIRECTION('',(-0.,1.,0.));
#2586 = ADVANCED_FACE('',(#2587),#2593,.T.);
#2587 = FACE_BOUND('',#2588,.F.);
#2588 = EDGE_LOOP('',(#2589,#2590,#2591,#2592));
#2589 = ORIENTED_EDGE('',*,*,#2575,.F.);
#2590 = ORIENTED_EDGE('',*,*,#2366,.F.);
#2591 = ORIENTED_EDGE('',*,*,#2534,.F.);
#2592 = ORIENTED_EDGE('',*,*,#2558,.F.);
#2593 = PLANE('',#2594);
#2594 = AXIS2_PLACEMENT_3D('',#2595,#2596,#2597);
#2595 = CARTESIAN_POINT('',(-2.75,-4.525,1.));
#2596 = DIRECTION('',(0.,0.,1.));
#2597 = DIRECTION('',(1.,0.,-0.));
#2598 = ADVANCED_FACE('',(#2599),#2617,.F.);
#2599 = FACE_BOUND('',#2600,.F.);
#2600 = EDGE_LOOP('',(#2601,#2602,#2610,#2616));
#2601 = ORIENTED_EDGE('',*,*,#465,.T.);
#2602 = ORIENTED_EDGE('',*,*,#2603,.T.);
#2603 = EDGE_CURVE('',#458,#2604,#2606,.T.);
#2604 = VERTEX_POINT('',#2605);
#2605 = CARTESIAN_POINT('',(-0.3,-2.925,1.));
#2606 = LINE('',#2607,#2608);
#2607 = CARTESIAN_POINT('',(-0.3,-2.925,1.6));
#2608 = VECTOR('',#2609,1.);
#2609 = DIRECTION('',(0.,0.,-1.));
#2610 = ORIENTED_EDGE('',*,*,#2611,.T.);
#2611 = EDGE_CURVE('',#2604,#2382,#2612,.T.);
#2612 = LINE('',#2613,#2614);
#2613 = CARTESIAN_POINT('',(-0.3,-2.925,1.));
#2614 = VECTOR('',#2615,1.);
#2615 = DIRECTION('',(0.,-1.,0.));
#2616 = ORIENTED_EDGE('',*,*,#2381,.F.);
#2617 = PLANE('',#2618);
#2618 = AXIS2_PLACEMENT_3D('',#2619,#2620,#2621);
#2619 = CARTESIAN_POINT('',(-0.3,-2.925,1.6));
#2620 = DIRECTION('',(-1.,0.,0.));
#2621 = DIRECTION('',(0.,-1.,0.));
#2622 = ADVANCED_FACE('',(#2623),#2641,.F.);
#2623 = FACE_BOUND('',#2624,.F.);
#2624 = EDGE_LOOP('',(#2625,#2626,#2634,#2640));
#2625 = ORIENTED_EDGE('',*,*,#457,.F.);
#2626 = ORIENTED_EDGE('',*,*,#2627,.T.);
#2627 = EDGE_CURVE('',#450,#2628,#2630,.T.);
#2628 = VERTEX_POINT('',#2629);
#2629 = CARTESIAN_POINT('',(0.3,-2.925,1.));
#2630 = LINE('',#2631,#2632);
#2631 = CARTESIAN_POINT('',(0.3,-2.925,1.6));
#2632 = VECTOR('',#2633,1.);
#2633 = DIRECTION('',(0.,0.,-1.));
#2634 = ORIENTED_EDGE('',*,*,#2635,.T.);
#2635 = EDGE_CURVE('',#2628,#2604,#2636,.T.);
#2636 = LINE('',#2637,#2638);
#2637 = CARTESIAN_POINT('',(0.3,-2.925,1.));
#2638 = VECTOR('',#2639,1.);
#2639 = DIRECTION('',(-1.,0.,0.));
#2640 = ORIENTED_EDGE('',*,*,#2603,.F.);
#2641 = PLANE('',#2642);
#2642 = AXIS2_PLACEMENT_3D('',#2643,#2644,#2645);
#2643 = CARTESIAN_POINT('',(0.3,-2.925,1.6));
#2644 = DIRECTION('',(0.,1.,0.));
#2645 = DIRECTION('',(-1.,0.,0.));
#2646 = ADVANCED_FACE('',(#2647),#2658,.F.);
#2647 = FACE_BOUND('',#2648,.F.);
#2648 = EDGE_LOOP('',(#2649,#2650,#2651,#2657));
#2649 = ORIENTED_EDGE('',*,*,#449,.F.);
#2650 = ORIENTED_EDGE('',*,*,#2397,.T.);
#2651 = ORIENTED_EDGE('',*,*,#2652,.T.);
#2652 = EDGE_CURVE('',#2390,#2628,#2653,.T.);
#2653 = LINE('',#2654,#2655);
#2654 = CARTESIAN_POINT('',(0.3,-3.225,1.));
#2655 = VECTOR('',#2656,1.);
#2656 = DIRECTION('',(0.,1.,0.));
#2657 = ORIENTED_EDGE('',*,*,#2627,.F.);
#2658 = PLANE('',#2659);
#2659 = AXIS2_PLACEMENT_3D('',#2660,#2661,#2662);
#2660 = CARTESIAN_POINT('',(0.3,-3.225,1.6));
#2661 = DIRECTION('',(1.,0.,0.));
#2662 = DIRECTION('',(-0.,1.,0.));
#2663 = ADVANCED_FACE('',(#2664),#2670,.T.);
#2664 = FACE_BOUND('',#2665,.F.);
#2665 = EDGE_LOOP('',(#2666,#2667,#2668,#2669));
#2666 = ORIENTED_EDGE('',*,*,#2652,.F.);
#2667 = ORIENTED_EDGE('',*,*,#2389,.F.);
#2668 = ORIENTED_EDGE('',*,*,#2611,.F.);
#2669 = ORIENTED_EDGE('',*,*,#2635,.F.);
#2670 = PLANE('',#2671);
#2671 = AXIS2_PLACEMENT_3D('',#2672,#2673,#2674);
#2672 = CARTESIAN_POINT('',(-2.75,-4.525,1.));
#2673 = DIRECTION('',(0.,0.,1.));
#2674 = DIRECTION('',(1.,0.,-0.));
#2675 = ADVANCED_FACE('',(#2676),#2694,.F.);
#2676 = FACE_BOUND('',#2677,.F.);
#2677 = EDGE_LOOP('',(#2678,#2679,#2687,#2693));
#2678 = ORIENTED_EDGE('',*,*,#433,.T.);
#2679 = ORIENTED_EDGE('',*,*,#2680,.T.);
#2680 = EDGE_CURVE('',#426,#2681,#2683,.T.);
#2681 = VERTEX_POINT('',#2682);
#2682 = CARTESIAN_POINT('',(0.95,-2.925,1.));
#2683 = LINE('',#2684,#2685);
#2684 = CARTESIAN_POINT('',(0.95,-2.925,1.6));
#2685 = VECTOR('',#2686,1.);
#2686 = DIRECTION('',(0.,0.,-1.));
#2687 = ORIENTED_EDGE('',*,*,#2688,.T.);
#2688 = EDGE_CURVE('',#2681,#2405,#2689,.T.);
#2689 = LINE('',#2690,#2691);
#2690 = CARTESIAN_POINT('',(0.95,-2.925,1.));
#2691 = VECTOR('',#2692,1.);
#2692 = DIRECTION('',(0.,-1.,0.));
#2693 = ORIENTED_EDGE('',*,*,#2404,.F.);
#2694 = PLANE('',#2695);
#2695 = AXIS2_PLACEMENT_3D('',#2696,#2697,#2698);
#2696 = CARTESIAN_POINT('',(0.95,-2.925,1.6));
#2697 = DIRECTION('',(-1.,0.,0.));
#2698 = DIRECTION('',(0.,-1.,0.));
#2699 = ADVANCED_FACE('',(#2700),#2718,.F.);
#2700 = FACE_BOUND('',#2701,.F.);
#2701 = EDGE_LOOP('',(#2702,#2703,#2711,#2717));
#2702 = ORIENTED_EDGE('',*,*,#425,.F.);
#2703 = ORIENTED_EDGE('',*,*,#2704,.T.);
#2704 = EDGE_CURVE('',#418,#2705,#2707,.T.);
#2705 = VERTEX_POINT('',#2706);
#2706 = CARTESIAN_POINT('',(1.55,-2.925,1.));
#2707 = LINE('',#2708,#2709);
#2708 = CARTESIAN_POINT('',(1.55,-2.925,1.6));
#2709 = VECTOR('',#2710,1.);
#2710 = DIRECTION('',(0.,0.,-1.));
#2711 = ORIENTED_EDGE('',*,*,#2712,.T.);
#2712 = EDGE_CURVE('',#2705,#2681,#2713,.T.);
#2713 = LINE('',#2714,#2715);
#2714 = CARTESIAN_POINT('',(1.55,-2.925,1.));
#2715 = VECTOR('',#2716,1.);
#2716 = DIRECTION('',(-1.,0.,0.));
#2717 = ORIENTED_EDGE('',*,*,#2680,.F.);
#2718 = PLANE('',#2719);
#2719 = AXIS2_PLACEMENT_3D('',#2720,#2721,#2722);
#2720 = CARTESIAN_POINT('',(1.55,-2.925,1.6));
#2721 = DIRECTION('',(0.,1.,0.));
#2722 = DIRECTION('',(-1.,0.,0.));
#2723 = ADVANCED_FACE('',(#2724),#2735,.F.);
#2724 = FACE_BOUND('',#2725,.F.);
#2725 = EDGE_LOOP('',(#2726,#2727,#2728,#2734));
#2726 = ORIENTED_EDGE('',*,*,#417,.F.);
#2727 = ORIENTED_EDGE('',*,*,#2420,.T.);
#2728 = ORIENTED_EDGE('',*,*,#2729,.T.);
#2729 = EDGE_CURVE('',#2413,#2705,#2730,.T.);
#2730 = LINE('',#2731,#2732);
#2731 = CARTESIAN_POINT('',(1.55,-3.225,1.));
#2732 = VECTOR('',#2733,1.);
#2733 = DIRECTION('',(0.,1.,0.));
#2734 = ORIENTED_EDGE('',*,*,#2704,.F.);
#2735 = PLANE('',#2736);
#2736 = AXIS2_PLACEMENT_3D('',#2737,#2738,#2739);
#2737 = CARTESIAN_POINT('',(1.55,-3.225,1.6));
#2738 = DIRECTION('',(1.,0.,0.));
#2739 = DIRECTION('',(-0.,1.,0.));
#2740 = ADVANCED_FACE('',(#2741),#2747,.T.);
#2741 = FACE_BOUND('',#2742,.F.);
#2742 = EDGE_LOOP('',(#2743,#2744,#2745,#2746));
#2743 = ORIENTED_EDGE('',*,*,#2729,.F.);
#2744 = ORIENTED_EDGE('',*,*,#2412,.F.);
#2745 = ORIENTED_EDGE('',*,*,#2688,.F.);
#2746 = ORIENTED_EDGE('',*,*,#2712,.F.);
#2747 = PLANE('',#2748);
#2748 = AXIS2_PLACEMENT_3D('',#2749,#2750,#2751);
#2749 = CARTESIAN_POINT('',(-2.75,-4.525,1.));
#2750 = DIRECTION('',(0.,0.,1.));
#2751 = DIRECTION('',(1.,0.,-0.));
#2752 = ADVANCED_FACE('',(#2753),#2759,.F.);
#2753 = FACE_BOUND('',#2754,.F.);
#2754 = EDGE_LOOP('',(#2755,#2756,#2757,#2758));
#2755 = ORIENTED_EDGE('',*,*,#401,.T.);
#2756 = ORIENTED_EDGE('',*,*,#583,.T.);
#2757 = ORIENTED_EDGE('',*,*,#345,.T.);
#2758 = ORIENTED_EDGE('',*,*,#2427,.F.);
#2759 = PLANE('',#2760);
#2760 = AXIS2_PLACEMENT_3D('',#2761,#2762,#2763);
#2761 = CARTESIAN_POINT('',(2.25,-2.975,1.6));
#2762 = DIRECTION('',(-1.,0.,0.));
#2763 = DIRECTION('',(0.,-1.,0.));
#2764 = ADVANCED_FACE('',(#2765),#2792,.F.);
#2765 = FACE_BOUND('',#2766,.F.);
#2766 = EDGE_LOOP('',(#2767,#2768,#2769,#2775,#2776,#2784,#2790,#2791));
#2767 = ORIENTED_EDGE('',*,*,#194,.F.);
#2768 = ORIENTED_EDGE('',*,*,#148,.T.);
#2769 = ORIENTED_EDGE('',*,*,#2770,.T.);
#2770 = EDGE_CURVE('',#141,#1030,#2771,.T.);
#2771 = LINE('',#2772,#2773);
#2772 = CARTESIAN_POINT('',(2.,-4.525,-1.9));
#2773 = VECTOR('',#2774,1.);
#2774 = DIRECTION('',(0.,1.,0.));
#2775 = ORIENTED_EDGE('',*,*,#1029,.T.);
#2776 = ORIENTED_EDGE('',*,*,#2777,.T.);
#2777 = EDGE_CURVE('',#1022,#2778,#2780,.T.);
#2778 = VERTEX_POINT('',#2779);
#2779 = CARTESIAN_POINT('',(2.,-3.825,-1.6));
#2780 = LINE('',#2781,#2782);
#2781 = CARTESIAN_POINT('',(2.,0.975,-1.6));
#2782 = VECTOR('',#2783,1.);
#2783 = DIRECTION('',(0.,-1.,0.));
#2784 = ORIENTED_EDGE('',*,*,#2785,.T.);
#2785 = EDGE_CURVE('',#2778,#2128,#2786,.T.);
#2786 = LINE('',#2787,#2788);
#2787 = CARTESIAN_POINT('',(2.,-3.825,-1.6));
#2788 = VECTOR('',#2789,1.);
#2789 = DIRECTION('',(0.,0.,1.));
#2790 = ORIENTED_EDGE('',*,*,#2127,.T.);
#2791 = ORIENTED_EDGE('',*,*,#2436,.T.);
#2792 = PLANE('',#2793);
#2793 = AXIS2_PLACEMENT_3D('',#2794,#2795,#2796);
#2794 = CARTESIAN_POINT('',(2.,0.975,-1.6));
#2795 = DIRECTION('',(1.,0.,0.));
#2796 = DIRECTION('',(0.,0.,-1.));
#2797 = ADVANCED_FACE('',(#2798),#2809,.T.);
#2798 = FACE_BOUND('',#2799,.F.);
#2799 = EDGE_LOOP('',(#2800,#2806,#2807,#2808));
#2800 = ORIENTED_EDGE('',*,*,#2801,.T.);
#2801 = EDGE_CURVE('',#93,#1006,#2802,.T.);
#2802 = LINE('',#2803,#2804);
#2803 = CARTESIAN_POINT('',(-2.,-4.525,-1.9));
#2804 = VECTOR('',#2805,1.);
#2805 = DIRECTION('',(0.,1.,0.));
#2806 = ORIENTED_EDGE('',*,*,#1005,.T.);
#2807 = ORIENTED_EDGE('',*,*,#242,.F.);
#2808 = ORIENTED_EDGE('',*,*,#100,.F.);
#2809 = PLANE('',#2810);
#2810 = AXIS2_PLACEMENT_3D('',#2811,#2812,#2813);
#2811 = CARTESIAN_POINT('',(2.75,-4.525,-1.9));
#2812 = DIRECTION('',(0.,0.,-1.));
#2813 = DIRECTION('',(-1.,0.,0.));
#2814 = ADVANCED_FACE('',(#2815),#2821,.T.);
#2815 = FACE_BOUND('',#2816,.F.);
#2816 = EDGE_LOOP('',(#2817,#2818,#2819,#2820));
#2817 = ORIENTED_EDGE('',*,*,#2770,.F.);
#2818 = ORIENTED_EDGE('',*,*,#140,.F.);
#2819 = ORIENTED_EDGE('',*,*,#624,.T.);
#2820 = ORIENTED_EDGE('',*,*,#1037,.T.);
#2821 = PLANE('',#2822);
#2822 = AXIS2_PLACEMENT_3D('',#2823,#2824,#2825);
#2823 = CARTESIAN_POINT('',(2.75,-4.525,-1.9));
#2824 = DIRECTION('',(0.,0.,-1.));
#2825 = DIRECTION('',(-1.,0.,0.));
#2826 = ADVANCED_FACE('',(#2827),#2849,.F.);
#2827 = FACE_BOUND('',#2828,.F.);
#2828 = EDGE_LOOP('',(#2829,#2830,#2831,#2832,#2840,#2846,#2847,#2848));
#2829 = ORIENTED_EDGE('',*,*,#179,.T.);
#2830 = ORIENTED_EDGE('',*,*,#2498,.F.);
#2831 = ORIENTED_EDGE('',*,*,#2255,.F.);
#2832 = ORIENTED_EDGE('',*,*,#2833,.F.);
#2833 = EDGE_CURVE('',#2834,#2248,#2836,.T.);
#2834 = VERTEX_POINT('',#2835);
#2835 = CARTESIAN_POINT('',(-2.,-3.825,-1.6));
#2836 = LINE('',#2837,#2838);
#2837 = CARTESIAN_POINT('',(-2.,-3.825,-1.6));
#2838 = VECTOR('',#2839,1.);
#2839 = DIRECTION('',(0.,0.,1.));
#2840 = ORIENTED_EDGE('',*,*,#2841,.F.);
#2841 = EDGE_CURVE('',#1014,#2834,#2842,.T.);
#2842 = LINE('',#2843,#2844);
#2843 = CARTESIAN_POINT('',(-2.,0.975,-1.6));
#2844 = VECTOR('',#2845,1.);
#2845 = DIRECTION('',(0.,-1.,0.));
#2846 = ORIENTED_EDGE('',*,*,#1013,.F.);
#2847 = ORIENTED_EDGE('',*,*,#2801,.F.);
#2848 = ORIENTED_EDGE('',*,*,#92,.T.);
#2849 = PLANE('',#2850);
#2850 = AXIS2_PLACEMENT_3D('',#2851,#2852,#2853);
#2851 = CARTESIAN_POINT('',(-2.,0.975,-1.9));
#2852 = DIRECTION('',(-1.,0.,0.));
#2853 = DIRECTION('',(0.,0.,1.));
#2854 = ADVANCED_FACE('',(#2855),#2873,.F.);
#2855 = FACE_BOUND('',#2856,.F.);
#2856 = EDGE_LOOP('',(#2857,#2858,#2866,#2872));
#2857 = ORIENTED_EDGE('',*,*,#2247,.T.);
#2858 = ORIENTED_EDGE('',*,*,#2859,.F.);
#2859 = EDGE_CURVE('',#2860,#2240,#2862,.T.);
#2860 = VERTEX_POINT('',#2861);
#2861 = CARTESIAN_POINT('',(-1.575,-3.825,-1.6));
#2862 = LINE('',#2863,#2864);
#2863 = CARTESIAN_POINT('',(-1.575,-3.825,-1.6));
#2864 = VECTOR('',#2865,1.);
#2865 = DIRECTION('',(0.,0.,1.));
#2866 = ORIENTED_EDGE('',*,*,#2867,.F.);
#2867 = EDGE_CURVE('',#2834,#2860,#2868,.T.);
#2868 = LINE('',#2869,#2870);
#2869 = CARTESIAN_POINT('',(-2.,-3.825,-1.6));
#2870 = VECTOR('',#2871,1.);
#2871 = DIRECTION('',(1.,0.,0.));
#2872 = ORIENTED_EDGE('',*,*,#2833,.T.);
#2873 = PLANE('',#2874);
#2874 = AXIS2_PLACEMENT_3D('',#2875,#2876,#2877);
#2875 = CARTESIAN_POINT('',(2.,-3.825,-1.9));
#2876 = DIRECTION('',(0.,1.,0.));
#2877 = DIRECTION('',(0.,-0.,1.));
#2878 = ADVANCED_FACE('',(#2879),#2904,.F.);
#2879 = FACE_BOUND('',#2880,.F.);
#2880 = EDGE_LOOP('',(#2881,#2882,#2890,#2898));
#2881 = ORIENTED_EDGE('',*,*,#2319,.T.);
#2882 = ORIENTED_EDGE('',*,*,#2883,.F.);
#2883 = EDGE_CURVE('',#2884,#2312,#2886,.T.);
#2884 = VERTEX_POINT('',#2885);
#2885 = CARTESIAN_POINT('',(-0.325,-3.825,-1.6));
#2886 = LINE('',#2887,#2888);
#2887 = CARTESIAN_POINT('',(-0.325,-3.825,-1.6));
#2888 = VECTOR('',#2889,1.);
#2889 = DIRECTION('',(0.,0.,1.));
#2890 = ORIENTED_EDGE('',*,*,#2891,.F.);
#2891 = EDGE_CURVE('',#2892,#2884,#2894,.T.);
#2892 = VERTEX_POINT('',#2893);
#2893 = CARTESIAN_POINT('',(-0.925,-3.825,-1.6));
#2894 = LINE('',#2895,#2896);
#2895 = CARTESIAN_POINT('',(-0.925,-3.825,-1.6));
#2896 = VECTOR('',#2897,1.);
#2897 = DIRECTION('',(1.,0.,0.));
#2898 = ORIENTED_EDGE('',*,*,#2899,.T.);
#2899 = EDGE_CURVE('',#2892,#2320,#2900,.T.);
#2900 = LINE('',#2901,#2902);
#2901 = CARTESIAN_POINT('',(-0.925,-3.825,-1.6));
#2902 = VECTOR('',#2903,1.);
#2903 = DIRECTION('',(0.,0.,1.));
#2904 = PLANE('',#2905);
#2905 = AXIS2_PLACEMENT_3D('',#2906,#2907,#2908);
#2906 = CARTESIAN_POINT('',(2.,-3.825,-1.9));
#2907 = DIRECTION('',(0.,1.,0.));
#2908 = DIRECTION('',(0.,-0.,1.));
#2909 = ADVANCED_FACE('',(#2910),#2935,.F.);
#2910 = FACE_BOUND('',#2911,.F.);
#2911 = EDGE_LOOP('',(#2912,#2913,#2921,#2929));
#2912 = ORIENTED_EDGE('',*,*,#2191,.T.);
#2913 = ORIENTED_EDGE('',*,*,#2914,.F.);
#2914 = EDGE_CURVE('',#2915,#2184,#2917,.T.);
#2915 = VERTEX_POINT('',#2916);
#2916 = CARTESIAN_POINT('',(0.925,-3.825,-1.6));
#2917 = LINE('',#2918,#2919);
#2918 = CARTESIAN_POINT('',(0.925,-3.825,-1.6));
#2919 = VECTOR('',#2920,1.);
#2920 = DIRECTION('',(0.,0.,1.));
#2921 = ORIENTED_EDGE('',*,*,#2922,.F.);
#2922 = EDGE_CURVE('',#2923,#2915,#2925,.T.);
#2923 = VERTEX_POINT('',#2924);
#2924 = CARTESIAN_POINT('',(0.325,-3.825,-1.6));
#2925 = LINE('',#2926,#2927);
#2926 = CARTESIAN_POINT('',(0.325,-3.825,-1.6));
#2927 = VECTOR('',#2928,1.);
#2928 = DIRECTION('',(1.,0.,0.));
#2929 = ORIENTED_EDGE('',*,*,#2930,.T.);
#2930 = EDGE_CURVE('',#2923,#2192,#2931,.T.);
#2931 = LINE('',#2932,#2933);
#2932 = CARTESIAN_POINT('',(0.325,-3.825,-1.6));
#2933 = VECTOR('',#2934,1.);
#2934 = DIRECTION('',(0.,0.,1.));
#2935 = PLANE('',#2936);
#2936 = AXIS2_PLACEMENT_3D('',#2937,#2938,#2939);
#2937 = CARTESIAN_POINT('',(2.,-3.825,-1.9));
#2938 = DIRECTION('',(0.,1.,0.));
#2939 = DIRECTION('',(0.,-0.,1.));
#2940 = ADVANCED_FACE('',(#2941),#2959,.F.);
#2941 = FACE_BOUND('',#2942,.F.);
#2942 = EDGE_LOOP('',(#2943,#2944,#2945,#2953));
#2943 = ORIENTED_EDGE('',*,*,#2135,.T.);
#2944 = ORIENTED_EDGE('',*,*,#2785,.F.);
#2945 = ORIENTED_EDGE('',*,*,#2946,.F.);
#2946 = EDGE_CURVE('',#2947,#2778,#2949,.T.);
#2947 = VERTEX_POINT('',#2948);
#2948 = CARTESIAN_POINT('',(1.575,-3.825,-1.6));
#2949 = LINE('',#2950,#2951);
#2950 = CARTESIAN_POINT('',(1.575,-3.825,-1.6));
#2951 = VECTOR('',#2952,1.);
#2952 = DIRECTION('',(1.,0.,0.));
#2953 = ORIENTED_EDGE('',*,*,#2954,.F.);
#2954 = EDGE_CURVE('',#2136,#2947,#2955,.T.);
#2955 = LINE('',#2956,#2957);
#2956 = CARTESIAN_POINT('',(1.575,-3.825,-0.6));
#2957 = VECTOR('',#2958,1.);
#2958 = DIRECTION('',(0.,0.,-1.));
#2959 = PLANE('',#2960);
#2960 = AXIS2_PLACEMENT_3D('',#2961,#2962,#2963);
#2961 = CARTESIAN_POINT('',(2.,-3.825,-1.9));
#2962 = DIRECTION('',(0.,1.,0.));
#2963 = DIRECTION('',(0.,-0.,1.));
#2964 = ADVANCED_FACE('',(#2965),#2983,.F.);
#2965 = FACE_BOUND('',#2966,.F.);
#2966 = EDGE_LOOP('',(#2967,#2968,#2976,#2982));
#2967 = ORIENTED_EDGE('',*,*,#2239,.T.);
#2968 = ORIENTED_EDGE('',*,*,#2969,.F.);
#2969 = EDGE_CURVE('',#2970,#2232,#2972,.T.);
#2970 = VERTEX_POINT('',#2971);
#2971 = CARTESIAN_POINT('',(-1.475,-3.675,-1.6));
#2972 = LINE('',#2973,#2974);
#2973 = CARTESIAN_POINT('',(-1.475,-3.675,-1.6));
#2974 = VECTOR('',#2975,1.);
#2975 = DIRECTION('',(0.,0.,1.));
#2976 = ORIENTED_EDGE('',*,*,#2977,.F.);
#2977 = EDGE_CURVE('',#2860,#2970,#2978,.T.);
#2978 = LINE('',#2979,#2980);
#2979 = CARTESIAN_POINT('',(-1.575,-3.825,-1.6));
#2980 = VECTOR('',#2981,1.);
#2981 = DIRECTION('',(0.554700196225,0.832050294338,0.));
#2982 = ORIENTED_EDGE('',*,*,#2859,.T.);
#2983 = PLANE('',#2984);
#2984 = AXIS2_PLACEMENT_3D('',#2985,#2986,#2987);
#2985 = CARTESIAN_POINT('',(-1.575,-3.825,-1.6));
#2986 = DIRECTION('',(-0.832050294338,0.554700196225,0.));
#2987 = DIRECTION('',(0.554700196225,0.832050294338,0.));
#2988 = ADVANCED_FACE('',(#2989),#3007,.F.);
#2989 = FACE_BOUND('',#2990,.F.);
#2990 = EDGE_LOOP('',(#2991,#2999,#3005,#3006));
#2991 = ORIENTED_EDGE('',*,*,#2992,.F.);
#2992 = EDGE_CURVE('',#2993,#2224,#2995,.T.);
#2993 = VERTEX_POINT('',#2994);
#2994 = CARTESIAN_POINT('',(-1.41,-3.371666666667,-1.6));
#2995 = LINE('',#2996,#2997);
#2996 = CARTESIAN_POINT('',(-1.41,-3.371666666667,-1.6));
#2997 = VECTOR('',#2998,1.);
#2998 = DIRECTION('',(0.,0.,1.));
#2999 = ORIENTED_EDGE('',*,*,#3000,.F.);
#3000 = EDGE_CURVE('',#2970,#2993,#3001,.T.);
#3001 = LINE('',#3002,#3003);
#3002 = CARTESIAN_POINT('',(-1.475,-3.675,-1.6));
#3003 = VECTOR('',#3004,1.);
#3004 = DIRECTION('',(0.209529088731,0.977802414077,0.));
#3005 = ORIENTED_EDGE('',*,*,#2969,.T.);
#3006 = ORIENTED_EDGE('',*,*,#2231,.T.);
#3007 = PLANE('',#3008);
#3008 = AXIS2_PLACEMENT_3D('',#3009,#3010,#3011);
#3009 = CARTESIAN_POINT('',(-1.475,-3.675,-1.6));
#3010 = DIRECTION('',(-0.977802414077,0.209529088731,0.));
#3011 = DIRECTION('',(0.209529088731,0.977802414077,0.));
#3012 = ADVANCED_FACE('',(#3013),#3038,.F.);
#3013 = FACE_BOUND('',#3014,.F.);
#3014 = EDGE_LOOP('',(#3015,#3016,#3024,#3032));
#3015 = ORIENTED_EDGE('',*,*,#1611,.F.);
#3016 = ORIENTED_EDGE('',*,*,#3017,.F.);
#3017 = EDGE_CURVE('',#3018,#1604,#3020,.T.);
#3018 = VERTEX_POINT('',#3019);
#3019 = CARTESIAN_POINT('',(-1.41,-0.125,-0.775));
#3020 = LINE('',#3021,#3022);
#3021 = CARTESIAN_POINT('',(-1.41,-0.125,-0.775));
#3022 = VECTOR('',#3023,1.);
#3023 = DIRECTION('',(0.,-1.,0.));
#3024 = ORIENTED_EDGE('',*,*,#3025,.F.);
#3025 = EDGE_CURVE('',#3026,#3018,#3028,.T.);
#3026 = VERTEX_POINT('',#3027);
#3027 = CARTESIAN_POINT('',(-1.41,-0.125,-0.175));
#3028 = LINE('',#3029,#3030);
#3029 = CARTESIAN_POINT('',(-1.41,-0.125,-0.175));
#3030 = VECTOR('',#3031,1.);
#3031 = DIRECTION('',(0.,0.,-1.));
#3032 = ORIENTED_EDGE('',*,*,#3033,.T.);
#3033 = EDGE_CURVE('',#3026,#1586,#3034,.T.);
#3034 = LINE('',#3035,#3036);
#3035 = CARTESIAN_POINT('',(-1.41,-0.125,-0.175));
#3036 = VECTOR('',#3037,1.);
#3037 = DIRECTION('',(0.,-1.,0.));
#3038 = PLANE('',#3039);
#3039 = AXIS2_PLACEMENT_3D('',#3040,#3041,#3042);
#3040 = CARTESIAN_POINT('',(-1.41,-1.05,-0.475));
#3041 = DIRECTION('',(1.,0.,0.));
#3042 = DIRECTION('',(-0.,1.,0.));
#3043 = ADVANCED_FACE('',(#3044),#3088,.F.);
#3044 = FACE_BOUND('',#3045,.F.);
#3045 = EDGE_LOOP('',(#3046,#3047,#3048,#3049,#3058,#3066,#3074,#3082));
#3046 = ORIENTED_EDGE('',*,*,#2992,.T.);
#3047 = ORIENTED_EDGE('',*,*,#2221,.F.);
#3048 = ORIENTED_EDGE('',*,*,#2491,.T.);
#3049 = ORIENTED_EDGE('',*,*,#3050,.T.);
#3050 = EDGE_CURVE('',#2484,#3051,#3053,.T.);
#3051 = VERTEX_POINT('',#3052);
#3052 = CARTESIAN_POINT('',(-1.41,-3.65,-1.275));
#3053 = CIRCLE('',#3054,0.975);
#3054 = AXIS2_PLACEMENT_3D('',#3055,#3056,#3057);
#3055 = CARTESIAN_POINT('',(-1.41,-2.675,-1.275));
#3056 = DIRECTION('',(1.,0.,0.));
#3057 = DIRECTION('',(0.,-0.564102564103,0.825704727595));
#3058 = ORIENTED_EDGE('',*,*,#3059,.T.);
#3059 = EDGE_CURVE('',#3051,#3060,#3062,.T.);
#3060 = VERTEX_POINT('',#3061);
#3061 = CARTESIAN_POINT('',(-1.41,-3.65,-3.6));
#3062 = LINE('',#3063,#3064);
#3063 = CARTESIAN_POINT('',(-1.41,-3.65,-1.275));
#3064 = VECTOR('',#3065,1.);
#3065 = DIRECTION('',(0.,0.,-1.));
#3066 = ORIENTED_EDGE('',*,*,#3067,.T.);
#3067 = EDGE_CURVE('',#3060,#3068,#3070,.T.);
#3068 = VERTEX_POINT('',#3069);
#3069 = CARTESIAN_POINT('',(-1.41,-3.3,-3.6));
#3070 = LINE('',#3071,#3072);
#3071 = CARTESIAN_POINT('',(-1.41,-3.65,-3.6));
#3072 = VECTOR('',#3073,1.);
#3073 = DIRECTION('',(0.,1.,0.));
#3074 = ORIENTED_EDGE('',*,*,#3075,.F.);
#3075 = EDGE_CURVE('',#3076,#3068,#3078,.T.);
#3076 = VERTEX_POINT('',#3077);
#3077 = CARTESIAN_POINT('',(-1.41,-3.3,-1.6));
#3078 = LINE('',#3079,#3080);
#3079 = CARTESIAN_POINT('',(-1.41,-3.3,-1.6));
#3080 = VECTOR('',#3081,1.);
#3081 = DIRECTION('',(0.,0.,-1.));
#3082 = ORIENTED_EDGE('',*,*,#3083,.F.);
#3083 = EDGE_CURVE('',#2993,#3076,#3084,.T.);
#3084 = LINE('',#3085,#3086);
#3085 = CARTESIAN_POINT('',(-1.41,-3.371666666667,-1.6));
#3086 = VECTOR('',#3087,1.);
#3087 = DIRECTION('',(0.,1.,0.));
#3088 = PLANE('',#3089);
#3089 = AXIS2_PLACEMENT_3D('',#3090,#3091,#3092);
#3090 = CARTESIAN_POINT('',(-1.41,-1.05,-0.475));
#3091 = DIRECTION('',(1.,0.,0.));
#3092 = DIRECTION('',(-0.,1.,0.));
#3093 = ADVANCED_FACE('',(#3094),#3112,.F.);
#3094 = FACE_BOUND('',#3095,.F.);
#3095 = EDGE_LOOP('',(#3096,#3097,#3105,#3111));
#3096 = ORIENTED_EDGE('',*,*,#1603,.T.);
#3097 = ORIENTED_EDGE('',*,*,#3098,.F.);
#3098 = EDGE_CURVE('',#3099,#1596,#3101,.T.);
#3099 = VERTEX_POINT('',#3100);
#3100 = CARTESIAN_POINT('',(-1.09,-0.125,-0.775));
#3101 = LINE('',#3102,#3103);
#3102 = CARTESIAN_POINT('',(-1.09,-0.125,-0.775));
#3103 = VECTOR('',#3104,1.);
#3104 = DIRECTION('',(0.,-1.,0.));
#3105 = ORIENTED_EDGE('',*,*,#3106,.F.);
#3106 = EDGE_CURVE('',#3018,#3099,#3107,.T.);
#3107 = LINE('',#3108,#3109);
#3108 = CARTESIAN_POINT('',(-1.41,-0.125,-0.775));
#3109 = VECTOR('',#3110,1.);
#3110 = DIRECTION('',(1.,0.,0.));
#3111 = ORIENTED_EDGE('',*,*,#3017,.T.);
#3112 = PLANE('',#3113);
#3113 = AXIS2_PLACEMENT_3D('',#3114,#3115,#3116);
#3114 = CARTESIAN_POINT('',(-1.25,-1.05,-0.775));
#3115 = DIRECTION('',(0.,0.,1.));
#3116 = DIRECTION('',(1.,0.,-0.));
#3117 = ADVANCED_FACE('',(#3118),#3136,.T.);
#3118 = FACE_BOUND('',#3119,.F.);
#3119 = EDGE_LOOP('',(#3120,#3121,#3129,#3135));
#3120 = ORIENTED_EDGE('',*,*,#1595,.T.);
#3121 = ORIENTED_EDGE('',*,*,#3122,.F.);
#3122 = EDGE_CURVE('',#3123,#1588,#3125,.T.);
#3123 = VERTEX_POINT('',#3124);
#3124 = CARTESIAN_POINT('',(-1.09,-0.125,-0.175));
#3125 = LINE('',#3126,#3127);
#3126 = CARTESIAN_POINT('',(-1.09,-0.125,-0.175));
#3127 = VECTOR('',#3128,1.);
#3128 = DIRECTION('',(0.,-1.,0.));
#3129 = ORIENTED_EDGE('',*,*,#3130,.F.);
#3130 = EDGE_CURVE('',#3099,#3123,#3131,.T.);
#3131 = LINE('',#3132,#3133);
#3132 = CARTESIAN_POINT('',(-1.09,-0.125,-0.775));
#3133 = VECTOR('',#3134,1.);
#3134 = DIRECTION('',(0.,0.,1.));
#3135 = ORIENTED_EDGE('',*,*,#3098,.T.);
#3136 = PLANE('',#3137);
#3137 = AXIS2_PLACEMENT_3D('',#3138,#3139,#3140);
#3138 = CARTESIAN_POINT('',(-1.09,-1.05,-0.475));
#3139 = DIRECTION('',(1.,0.,0.));
#3140 = DIRECTION('',(-0.,1.,0.));
#3141 = ADVANCED_FACE('',(#3142),#3193,.T.);
#3142 = FACE_BOUND('',#3143,.F.);
#3143 = EDGE_LOOP('',(#3144,#3152,#3160,#3168,#3176,#3184,#3191,#3192));
#3144 = ORIENTED_EDGE('',*,*,#3145,.F.);
#3145 = EDGE_CURVE('',#3146,#2280,#3148,.T.);
#3146 = VERTEX_POINT('',#3147);
#3147 = CARTESIAN_POINT('',(-1.09,-3.371666666667,-1.6));
#3148 = LINE('',#3149,#3150);
#3149 = CARTESIAN_POINT('',(-1.09,-3.371666666667,-1.6));
#3150 = VECTOR('',#3151,1.);
#3151 = DIRECTION('',(0.,0.,1.));
#3152 = ORIENTED_EDGE('',*,*,#3153,.T.);
#3153 = EDGE_CURVE('',#3146,#3154,#3156,.T.);
#3154 = VERTEX_POINT('',#3155);
#3155 = CARTESIAN_POINT('',(-1.09,-3.3,-1.6));
#3156 = LINE('',#3157,#3158);
#3157 = CARTESIAN_POINT('',(-1.09,-3.371666666667,-1.6));
#3158 = VECTOR('',#3159,1.);
#3159 = DIRECTION('',(0.,1.,0.));
#3160 = ORIENTED_EDGE('',*,*,#3161,.T.);
#3161 = EDGE_CURVE('',#3154,#3162,#3164,.T.);
#3162 = VERTEX_POINT('',#3163);
#3163 = CARTESIAN_POINT('',(-1.09,-3.3,-3.6));
#3164 = LINE('',#3165,#3166);
#3165 = CARTESIAN_POINT('',(-1.09,-3.3,-1.6));
#3166 = VECTOR('',#3167,1.);
#3167 = DIRECTION('',(0.,0.,-1.));
#3168 = ORIENTED_EDGE('',*,*,#3169,.T.);
#3169 = EDGE_CURVE('',#3162,#3170,#3172,.T.);
#3170 = VERTEX_POINT('',#3171);
#3171 = CARTESIAN_POINT('',(-1.09,-3.65,-3.6));
#3172 = LINE('',#3173,#3174);
#3173 = CARTESIAN_POINT('',(-1.09,-3.3,-3.6));
#3174 = VECTOR('',#3175,1.);
#3175 = DIRECTION('',(0.,-1.,0.));
#3176 = ORIENTED_EDGE('',*,*,#3177,.F.);
#3177 = EDGE_CURVE('',#3178,#3170,#3180,.T.);
#3178 = VERTEX_POINT('',#3179);
#3179 = CARTESIAN_POINT('',(-1.09,-3.65,-1.275));
#3180 = LINE('',#3181,#3182);
#3181 = CARTESIAN_POINT('',(-1.09,-3.65,-1.275));
#3182 = VECTOR('',#3183,1.);
#3183 = DIRECTION('',(0.,0.,-1.));
#3184 = ORIENTED_EDGE('',*,*,#3185,.F.);
#3185 = EDGE_CURVE('',#2476,#3178,#3186,.T.);
#3186 = CIRCLE('',#3187,0.975);
#3187 = AXIS2_PLACEMENT_3D('',#3188,#3189,#3190);
#3188 = CARTESIAN_POINT('',(-1.09,-2.675,-1.275));
#3189 = DIRECTION('',(1.,0.,0.));
#3190 = DIRECTION('',(0.,-0.564102564103,0.825704727595));
#3191 = ORIENTED_EDGE('',*,*,#2475,.F.);
#3192 = ORIENTED_EDGE('',*,*,#2277,.T.);
#3193 = PLANE('',#3194);
#3194 = AXIS2_PLACEMENT_3D('',#3195,#3196,#3197);
#3195 = CARTESIAN_POINT('',(-1.09,-1.05,-0.475));
#3196 = DIRECTION('',(1.,0.,0.));
#3197 = DIRECTION('',(-0.,1.,0.));
#3198 = ADVANCED_FACE('',(#3199),#3210,.T.);
#3199 = FACE_BOUND('',#3200,.F.);
#3200 = EDGE_LOOP('',(#3201,#3202,#3203,#3209));
#3201 = ORIENTED_EDGE('',*,*,#1585,.F.);
#3202 = ORIENTED_EDGE('',*,*,#3033,.F.);
#3203 = ORIENTED_EDGE('',*,*,#3204,.F.);
#3204 = EDGE_CURVE('',#3123,#3026,#3205,.T.);
#3205 = LINE('',#3206,#3207);
#3206 = CARTESIAN_POINT('',(-1.09,-0.125,-0.175));
#3207 = VECTOR('',#3208,1.);
#3208 = DIRECTION('',(-1.,0.,0.));
#3209 = ORIENTED_EDGE('',*,*,#3122,.T.);
#3210 = PLANE('',#3211);
#3211 = AXIS2_PLACEMENT_3D('',#3212,#3213,#3214);
#3212 = CARTESIAN_POINT('',(-1.25,-1.05,-0.175));
#3213 = DIRECTION('',(0.,0.,1.));
#3214 = DIRECTION('',(1.,0.,-0.));
#3215 = ADVANCED_FACE('',(#3216),#3243,.T.);
#3216 = FACE_BOUND('',#3217,.T.);
#3217 = EDGE_LOOP('',(#3218,#3227,#3228,#3237));
#3218 = ORIENTED_EDGE('',*,*,#3219,.T.);
#3219 = EDGE_CURVE('',#3220,#3026,#3222,.T.);
#3220 = VERTEX_POINT('',#3221);
#3221 = CARTESIAN_POINT('',(-1.35,0.275,-0.275));
#3222 = B_SPLINE_CURVE_WITH_KNOTS('',3,(#3223,#3224,#3225,#3226),
  .UNSPECIFIED.,.F.,.F.,(4,4),(0.,1.),.PIECEWISE_BEZIER_KNOTS.);
#3223 = CARTESIAN_POINT('',(-1.35,0.275,-0.275));
#3224 = CARTESIAN_POINT('',(-1.39,0.144413919445,-0.208333333333));
#3225 = CARTESIAN_POINT('',(-1.41,1.108058611148E-02,-0.175));
#3226 = CARTESIAN_POINT('',(-1.41,-0.125,-0.175));
#3227 = ORIENTED_EDGE('',*,*,#3204,.F.);
#3228 = ORIENTED_EDGE('',*,*,#3229,.F.);
#3229 = EDGE_CURVE('',#3230,#3123,#3232,.T.);
#3230 = VERTEX_POINT('',#3231);
#3231 = CARTESIAN_POINT('',(-1.15,0.275,-0.275));
#3232 = B_SPLINE_CURVE_WITH_KNOTS('',3,(#3233,#3234,#3235,#3236),
  .UNSPECIFIED.,.F.,.F.,(4,4),(0.,1.),.PIECEWISE_BEZIER_KNOTS.);
#3233 = CARTESIAN_POINT('',(-1.15,0.275,-0.275));
#3234 = CARTESIAN_POINT('',(-1.11,0.144413919445,-0.208333333333));
#3235 = CARTESIAN_POINT('',(-1.09,1.108058611148E-02,-0.175));
#3236 = CARTESIAN_POINT('',(-1.09,-0.125,-0.175));
#3237 = ORIENTED_EDGE('',*,*,#3238,.T.);
#3238 = EDGE_CURVE('',#3230,#3220,#3239,.T.);
#3239 = LINE('',#3240,#3241);
#3240 = CARTESIAN_POINT('',(-1.15,0.275,-0.275));
#3241 = VECTOR('',#3242,1.);
#3242 = DIRECTION('',(-1.,0.,0.));
#3243 = B_SPLINE_SURFACE_WITH_KNOTS('',3,3,(
    (#3244,#3245,#3246,#3247)
    ,(#3248,#3249,#3250,#3251)
    ,(#3252,#3253,#3254,#3255)
    ,(#3256,#3257,#3258,#3259)
    ,(#3260,#3261,#3262,#3263)
    ,(#3264,#3265,#3266,#3267)
    ,(#3268,#3269,#3270,#3271
    )),.UNSPECIFIED.,.F.,.F.,.F.,(4,1,1,1,4),(4,4),(-5.828008634173E-02,
    0.25,0.5,0.75,1.058280086342),(-5.275194695766E-03,0.405853585693),
  .UNSPECIFIED.);
#3244 = CARTESIAN_POINT('',(-1.140122656151,0.280158086262,
    -0.277654989647));
#3245 = CARTESIAN_POINT('',(-1.093612259388,0.146197089323,
    -0.208229866098));
#3246 = CARTESIAN_POINT('',(-1.070692947087,9.149820647092E-03,
    -0.174018674646));
#3247 = CARTESIAN_POINT('',(-1.071364719247,-0.130983719767,
    -0.175021415291));
#3248 = CARTESIAN_POINT('',(-1.160347269732,0.280171063174,
    -0.277654989647));
#3249 = CARTESIAN_POINT('',(-1.122397826202,0.145868554259,
    -0.208229866098));
#3250 = CARTESIAN_POINT('',(-1.103697165523,8.821766710846E-03,
    -0.174018674646));
#3251 = CARTESIAN_POINT('',(-1.104245287694,-0.13096929947,
    -0.175021415291));
#3252 = CARTESIAN_POINT('',(-1.196973051015,0.280188204787,
    -0.277654989647));
#3253 = CARTESIAN_POINT('',(-1.174527073073,0.14543458191,
    -0.208229866098));
#3254 = CARTESIAN_POINT('',(-1.16346618316,8.388429899514E-03,
    -0.174018674646));
#3255 = CARTESIAN_POINT('',(-1.163790381278,-0.130950251243,
    -0.175021415291));
#3256 = CARTESIAN_POINT('',(-1.25,0.280195974937,-0.277654989647));
#3257 = CARTESIAN_POINT('',(-1.25,0.145237865863,-0.208229866098));
#3258 = CARTESIAN_POINT('',(-1.25,8.19200193734E-03,-0.174018674646));
#3259 = CARTESIAN_POINT('',(-1.25,-0.130941616841,-0.175021415291));
#3260 = CARTESIAN_POINT('',(-1.303026948985,0.280188204787,
    -0.277654989647));
#3261 = CARTESIAN_POINT('',(-1.325472926927,0.14543458191,
    -0.208229866098));
#3262 = CARTESIAN_POINT('',(-1.33653381684,8.388429899514E-03,
    -0.174018674646));
#3263 = CARTESIAN_POINT('',(-1.336209618722,-0.130950251243,
    -0.175021415291));
#3264 = CARTESIAN_POINT('',(-1.339652730268,0.280171063174,
    -0.277654989647));
#3265 = CARTESIAN_POINT('',(-1.377602173798,0.145868554259,
    -0.208229866098));
#3266 = CARTESIAN_POINT('',(-1.396302834477,8.821766710846E-03,
    -0.174018674646));
#3267 = CARTESIAN_POINT('',(-1.395754712306,-0.13096929947,
    -0.175021415291));
#3268 = CARTESIAN_POINT('',(-1.359877343849,0.280158086262,
    -0.277654989647));
#3269 = CARTESIAN_POINT('',(-1.406387740612,0.146197089323,
    -0.208229866098));
#3270 = CARTESIAN_POINT('',(-1.429307052913,9.149820647092E-03,
    -0.174018674646));
#3271 = CARTESIAN_POINT('',(-1.428635280753,-0.130983719767,
    -0.175021415291));
#3272 = ADVANCED_FACE('',(#3273),#3298,.F.);
#3273 = FACE_BOUND('',#3274,.F.);
#3274 = EDGE_LOOP('',(#3275,#3276,#3284,#3292));
#3275 = ORIENTED_EDGE('',*,*,#3238,.T.);
#3276 = ORIENTED_EDGE('',*,*,#3277,.T.);
#3277 = EDGE_CURVE('',#3220,#3278,#3280,.T.);
#3278 = VERTEX_POINT('',#3279);
#3279 = CARTESIAN_POINT('',(-1.35,0.275,-0.675));
#3280 = LINE('',#3281,#3282);
#3281 = CARTESIAN_POINT('',(-1.35,0.275,-0.275));
#3282 = VECTOR('',#3283,1.);
#3283 = DIRECTION('',(0.,0.,-1.));
#3284 = ORIENTED_EDGE('',*,*,#3285,.T.);
#3285 = EDGE_CURVE('',#3278,#3286,#3288,.T.);
#3286 = VERTEX_POINT('',#3287);
#3287 = CARTESIAN_POINT('',(-1.15,0.275,-0.675));
#3288 = LINE('',#3289,#3290);
#3289 = CARTESIAN_POINT('',(-1.35,0.275,-0.675));
#3290 = VECTOR('',#3291,1.);
#3291 = DIRECTION('',(1.,0.,0.));
#3292 = ORIENTED_EDGE('',*,*,#3293,.T.);
#3293 = EDGE_CURVE('',#3286,#3230,#3294,.T.);
#3294 = LINE('',#3295,#3296);
#3295 = CARTESIAN_POINT('',(-1.15,0.275,-0.675));
#3296 = VECTOR('',#3297,1.);
#3297 = DIRECTION('',(0.,0.,1.));
#3298 = PLANE('',#3299);
#3299 = AXIS2_PLACEMENT_3D('',#3300,#3301,#3302);
#3300 = CARTESIAN_POINT('',(-1.25,0.275,-0.475));
#3301 = DIRECTION('',(0.,-1.,0.));
#3302 = DIRECTION('',(0.,0.,-1.));
#3303 = ADVANCED_FACE('',(#3304),#3316,.T.);
#3304 = FACE_BOUND('',#3305,.T.);
#3305 = EDGE_LOOP('',(#3306,#3313,#3314,#3315));
#3306 = ORIENTED_EDGE('',*,*,#3307,.T.);
#3307 = EDGE_CURVE('',#3278,#3018,#3308,.T.);
#3308 = B_SPLINE_CURVE_WITH_KNOTS('',3,(#3309,#3310,#3311,#3312),
  .UNSPECIFIED.,.F.,.F.,(4,4),(0.,1.),.PIECEWISE_BEZIER_KNOTS.);
#3309 = CARTESIAN_POINT('',(-1.35,0.275,-0.675));
#3310 = CARTESIAN_POINT('',(-1.39,0.144413919445,-0.741666666667));
#3311 = CARTESIAN_POINT('',(-1.41,1.108058611148E-02,-0.775));
#3312 = CARTESIAN_POINT('',(-1.41,-0.125,-0.775));
#3313 = ORIENTED_EDGE('',*,*,#3025,.F.);
#3314 = ORIENTED_EDGE('',*,*,#3219,.F.);
#3315 = ORIENTED_EDGE('',*,*,#3277,.T.);
#3316 = B_SPLINE_SURFACE_WITH_KNOTS('',3,3,(
    (#3317,#3318,#3319,#3320)
    ,(#3321,#3322,#3323,#3324)
    ,(#3325,#3326,#3327,#3328)
    ,(#3329,#3330,#3331,#3332)
    ,(#3333,#3334,#3335,#3336)
    ,(#3337,#3338,#3339,#3340)
    ,(#3341,#3342,#3343,#3344
    )),.UNSPECIFIED.,.F.,.F.,.F.,(4,1,1,1,4),(4,4),(-2.914004317087E-02,
    0.25,0.5,0.75,1.029140043171),(-5.275194695766E-03,0.405796145351),
  .UNSPECIFIED.);
#3317 = CARTESIAN_POINT('',(-1.348407006212,0.280155611579,
    -0.266153705405));
#3318 = CARTESIAN_POINT('',(-1.390056260554,0.146278447688,
    -0.192692744602));
#3319 = CARTESIAN_POINT('',(-1.410583059071,9.250674906567E-03,
    -0.156487574424));
#3320 = CARTESIAN_POINT('',(-1.409987401762,-0.130927706766,
    -0.157538194871));
#3321 = CARTESIAN_POINT('',(-1.348407006212,0.280186619119,
    -0.302878301878));
#3322 = CARTESIAN_POINT('',(-1.390056260554,0.145493547206,
    -0.242335090691));
#3323 = CARTESIAN_POINT('',(-1.410583059071,8.466809736288E-03,
    -0.212496422096));
#3324 = CARTESIAN_POINT('',(-1.409987401762,-0.13089359329,
    -0.213362296091));
#3325 = CARTESIAN_POINT('',(-1.348407006212,0.280230738598,
    -0.372493733409));
#3326 = CARTESIAN_POINT('',(-1.390056260554,0.144376741381,
    -0.336437509158));
#3327 = CARTESIAN_POINT('',(-1.410583059071,7.3514770189E-03,
    -0.318667230621));
#3328 = CARTESIAN_POINT('',(-1.409987401762,-0.130845054488,
    -0.319182897801));
#3329 = CARTESIAN_POINT('',(-1.348407006212,0.280252298705,-0.475));
#3330 = CARTESIAN_POINT('',(-1.390056260554,0.143830985783,-0.475));
#3331 = CARTESIAN_POINT('',(-1.410583059071,6.806441291707E-03,-0.475));
#3332 = CARTESIAN_POINT('',(-1.409987401762,-0.130821334767,-0.475));
#3333 = CARTESIAN_POINT('',(-1.348407006212,0.280230738598,
    -0.57750626659));
#3334 = CARTESIAN_POINT('',(-1.390056260554,0.144376741381,
    -0.613562490842));
#3335 = CARTESIAN_POINT('',(-1.410583059071,7.3514770189E-03,
    -0.631332769379));
#3336 = CARTESIAN_POINT('',(-1.409987401762,-0.130845054488,
    -0.630817102199));
#3337 = CARTESIAN_POINT('',(-1.348407006212,0.280186619119,
    -0.647121698122));
#3338 = CARTESIAN_POINT('',(-1.390056260554,0.145493547206,
    -0.707664909309));
#3339 = CARTESIAN_POINT('',(-1.410583059071,8.466809736288E-03,
    -0.737503577904));
#3340 = CARTESIAN_POINT('',(-1.409987401762,-0.13089359329,
    -0.736637703909));
#3341 = CARTESIAN_POINT('',(-1.348407006212,0.280155611579,
    -0.683846294595));
#3342 = CARTESIAN_POINT('',(-1.390056260554,0.146278447688,
    -0.757307255398));
#3343 = CARTESIAN_POINT('',(-1.410583059071,9.250674906567E-03,
    -0.793512425576));
#3344 = CARTESIAN_POINT('',(-1.409987401762,-0.130927706766,
    -0.792461805129));
#3345 = ADVANCED_FACE('',(#3346),#3358,.T.);
#3346 = FACE_BOUND('',#3347,.T.);
#3347 = EDGE_LOOP('',(#3348,#3355,#3356,#3357));
#3348 = ORIENTED_EDGE('',*,*,#3349,.T.);
#3349 = EDGE_CURVE('',#3286,#3099,#3350,.T.);
#3350 = B_SPLINE_CURVE_WITH_KNOTS('',3,(#3351,#3352,#3353,#3354),
  .UNSPECIFIED.,.F.,.F.,(4,4),(0.,1.),.PIECEWISE_BEZIER_KNOTS.);
#3351 = CARTESIAN_POINT('',(-1.15,0.275,-0.675));
#3352 = CARTESIAN_POINT('',(-1.11,0.144413919445,-0.741666666667));
#3353 = CARTESIAN_POINT('',(-1.09,1.108058611148E-02,-0.775));
#3354 = CARTESIAN_POINT('',(-1.09,-0.125,-0.775));
#3355 = ORIENTED_EDGE('',*,*,#3106,.F.);
#3356 = ORIENTED_EDGE('',*,*,#3307,.F.);
#3357 = ORIENTED_EDGE('',*,*,#3285,.T.);
#3358 = B_SPLINE_SURFACE_WITH_KNOTS('',3,3,(
    (#3359,#3360,#3361,#3362)
    ,(#3363,#3364,#3365,#3366)
    ,(#3367,#3368,#3369,#3370)
    ,(#3371,#3372,#3373,#3374)
    ,(#3375,#3376,#3377,#3378)
    ,(#3379,#3380,#3381,#3382)
    ,(#3383,#3384,#3385,#3386
    )),.UNSPECIFIED.,.F.,.F.,.F.,(4,1,1,1,4),(4,4),(-5.828008634173E-02,
    0.25,0.5,0.75,1.058280086342),(-5.275194695766E-03,0.405853585693),
  .UNSPECIFIED.);
#3359 = CARTESIAN_POINT('',(-1.359877343849,0.280158086262,
    -0.672345010353));
#3360 = CARTESIAN_POINT('',(-1.406387740612,0.146197089323,
    -0.741770133902));
#3361 = CARTESIAN_POINT('',(-1.429307052913,9.149820647092E-03,
    -0.775981325354));
#3362 = CARTESIAN_POINT('',(-1.428635280753,-0.130983719767,
    -0.774978584709));
#3363 = CARTESIAN_POINT('',(-1.339652730268,0.280171063174,
    -0.672345010353));
#3364 = CARTESIAN_POINT('',(-1.377602173798,0.145868554259,
    -0.741770133902));
#3365 = CARTESIAN_POINT('',(-1.396302834477,8.821766710846E-03,
    -0.775981325354));
#3366 = CARTESIAN_POINT('',(-1.395754712306,-0.13096929947,
    -0.774978584709));
#3367 = CARTESIAN_POINT('',(-1.303026948985,0.280188204787,
    -0.672345010353));
#3368 = CARTESIAN_POINT('',(-1.325472926927,0.14543458191,
    -0.741770133902));
#3369 = CARTESIAN_POINT('',(-1.33653381684,8.388429899514E-03,
    -0.775981325354));
#3370 = CARTESIAN_POINT('',(-1.336209618722,-0.130950251243,
    -0.774978584709));
#3371 = CARTESIAN_POINT('',(-1.25,0.280195974937,-0.672345010353));
#3372 = CARTESIAN_POINT('',(-1.25,0.145237865863,-0.741770133902));
#3373 = CARTESIAN_POINT('',(-1.25,8.19200193734E-03,-0.775981325354));
#3374 = CARTESIAN_POINT('',(-1.25,-0.130941616841,-0.774978584709));
#3375 = CARTESIAN_POINT('',(-1.196973051015,0.280188204787,
    -0.672345010353));
#3376 = CARTESIAN_POINT('',(-1.174527073073,0.14543458191,
    -0.741770133902));
#3377 = CARTESIAN_POINT('',(-1.16346618316,8.388429899514E-03,
    -0.775981325354));
#3378 = CARTESIAN_POINT('',(-1.163790381278,-0.130950251243,
    -0.774978584709));
#3379 = CARTESIAN_POINT('',(-1.160347269732,0.280171063174,
    -0.672345010353));
#3380 = CARTESIAN_POINT('',(-1.122397826202,0.145868554259,
    -0.741770133902));
#3381 = CARTESIAN_POINT('',(-1.103697165523,8.821766710846E-03,
    -0.775981325354));
#3382 = CARTESIAN_POINT('',(-1.104245287694,-0.13096929947,
    -0.774978584709));
#3383 = CARTESIAN_POINT('',(-1.140122656151,0.280158086262,
    -0.672345010353));
#3384 = CARTESIAN_POINT('',(-1.093612259388,0.146197089323,
    -0.741770133902));
#3385 = CARTESIAN_POINT('',(-1.070692947087,9.149820647092E-03,
    -0.775981325354));
#3386 = CARTESIAN_POINT('',(-1.071364719247,-0.130983719767,
    -0.774978584709));
#3387 = ADVANCED_FACE('',(#3388),#3394,.T.);
#3388 = FACE_BOUND('',#3389,.T.);
#3389 = EDGE_LOOP('',(#3390,#3391,#3392,#3393));
#3390 = ORIENTED_EDGE('',*,*,#3229,.T.);
#3391 = ORIENTED_EDGE('',*,*,#3130,.F.);
#3392 = ORIENTED_EDGE('',*,*,#3349,.F.);
#3393 = ORIENTED_EDGE('',*,*,#3293,.T.);
#3394 = B_SPLINE_SURFACE_WITH_KNOTS('',3,3,(
    (#3395,#3396,#3397,#3398)
    ,(#3399,#3400,#3401,#3402)
    ,(#3403,#3404,#3405,#3406)
    ,(#3407,#3408,#3409,#3410)
    ,(#3411,#3412,#3413,#3414)
    ,(#3415,#3416,#3417,#3418)
    ,(#3419,#3420,#3421,#3422
    )),.UNSPECIFIED.,.F.,.F.,.F.,(4,1,1,1,4),(4,4),(-2.914004317087E-02,
    0.25,0.5,0.75,1.029140043171),(-5.275194695766E-03,0.405796145351),
  .UNSPECIFIED.);
#3395 = CARTESIAN_POINT('',(-1.151592993788,0.280155611579,
    -0.683846294595));
#3396 = CARTESIAN_POINT('',(-1.109943739446,0.146278447688,
    -0.757307255398));
#3397 = CARTESIAN_POINT('',(-1.089416940929,9.250674906567E-03,
    -0.793512425576));
#3398 = CARTESIAN_POINT('',(-1.090012598238,-0.130927706766,
    -0.792461805129));
#3399 = CARTESIAN_POINT('',(-1.151592993788,0.280186619119,
    -0.647121698122));
#3400 = CARTESIAN_POINT('',(-1.109943739446,0.145493547206,
    -0.707664909309));
#3401 = CARTESIAN_POINT('',(-1.089416940929,8.466809736288E-03,
    -0.737503577904));
#3402 = CARTESIAN_POINT('',(-1.090012598238,-0.13089359329,
    -0.736637703909));
#3403 = CARTESIAN_POINT('',(-1.151592993788,0.280230738598,
    -0.57750626659));
#3404 = CARTESIAN_POINT('',(-1.109943739446,0.144376741381,
    -0.613562490842));
#3405 = CARTESIAN_POINT('',(-1.089416940929,7.3514770189E-03,
    -0.631332769379));
#3406 = CARTESIAN_POINT('',(-1.090012598238,-0.130845054488,
    -0.630817102199));
#3407 = CARTESIAN_POINT('',(-1.151592993788,0.280252298705,-0.475));
#3408 = CARTESIAN_POINT('',(-1.109943739446,0.143830985783,-0.475));
#3409 = CARTESIAN_POINT('',(-1.089416940929,6.806441291707E-03,-0.475));
#3410 = CARTESIAN_POINT('',(-1.090012598238,-0.130821334767,-0.475));
#3411 = CARTESIAN_POINT('',(-1.151592993788,0.280230738598,
    -0.372493733409));
#3412 = CARTESIAN_POINT('',(-1.109943739446,0.144376741381,
    -0.336437509158));
#3413 = CARTESIAN_POINT('',(-1.089416940929,7.3514770189E-03,
    -0.318667230621));
#3414 = CARTESIAN_POINT('',(-1.090012598238,-0.130845054488,
    -0.319182897801));
#3415 = CARTESIAN_POINT('',(-1.151592993788,0.280186619119,
    -0.302878301878));
#3416 = CARTESIAN_POINT('',(-1.109943739446,0.145493547206,
    -0.242335090691));
#3417 = CARTESIAN_POINT('',(-1.089416940929,8.466809736288E-03,
    -0.212496422096));
#3418 = CARTESIAN_POINT('',(-1.090012598238,-0.13089359329,
    -0.213362296091));
#3419 = CARTESIAN_POINT('',(-1.151592993788,0.280155611579,
    -0.266153705405));
#3420 = CARTESIAN_POINT('',(-1.109943739446,0.146278447688,
    -0.192692744602));
#3421 = CARTESIAN_POINT('',(-1.089416940929,9.250674906567E-03,
    -0.156487574424));
#3422 = CARTESIAN_POINT('',(-1.090012598238,-0.130927706766,
    -0.157538194871));
#3423 = ADVANCED_FACE('',(#3424),#3442,.F.);
#3424 = FACE_BOUND('',#3425,.F.);
#3425 = EDGE_LOOP('',(#3426,#3427,#3428,#3436));
#3426 = ORIENTED_EDGE('',*,*,#3145,.T.);
#3427 = ORIENTED_EDGE('',*,*,#2335,.T.);
#3428 = ORIENTED_EDGE('',*,*,#3429,.F.);
#3429 = EDGE_CURVE('',#3430,#2328,#3432,.T.);
#3430 = VERTEX_POINT('',#3431);
#3431 = CARTESIAN_POINT('',(-1.025,-3.675,-1.6));
#3432 = LINE('',#3433,#3434);
#3433 = CARTESIAN_POINT('',(-1.025,-3.675,-1.6));
#3434 = VECTOR('',#3435,1.);
#3435 = DIRECTION('',(0.,0.,1.));
#3436 = ORIENTED_EDGE('',*,*,#3437,.F.);
#3437 = EDGE_CURVE('',#3146,#3430,#3438,.T.);
#3438 = LINE('',#3439,#3440);
#3439 = CARTESIAN_POINT('',(-1.09,-3.371666666667,-1.6));
#3440 = VECTOR('',#3441,1.);
#3441 = DIRECTION('',(0.209529088731,-0.977802414077,0.));
#3442 = PLANE('',#3443);
#3443 = AXIS2_PLACEMENT_3D('',#3444,#3445,#3446);
#3444 = CARTESIAN_POINT('',(-1.1,-3.325,-1.6));
#3445 = DIRECTION('',(0.977802414077,0.209529088731,0.));
#3446 = DIRECTION('',(0.209529088731,-0.977802414077,0.));
#3447 = ADVANCED_FACE('',(#3448),#3459,.F.);
#3448 = FACE_BOUND('',#3449,.F.);
#3449 = EDGE_LOOP('',(#3450,#3451,#3452,#3458));
#3450 = ORIENTED_EDGE('',*,*,#2327,.T.);
#3451 = ORIENTED_EDGE('',*,*,#2899,.F.);
#3452 = ORIENTED_EDGE('',*,*,#3453,.F.);
#3453 = EDGE_CURVE('',#3430,#2892,#3454,.T.);
#3454 = LINE('',#3455,#3456);
#3455 = CARTESIAN_POINT('',(-1.025,-3.675,-1.6));
#3456 = VECTOR('',#3457,1.);
#3457 = DIRECTION('',(0.554700196225,-0.832050294338,0.));
#3458 = ORIENTED_EDGE('',*,*,#3429,.T.);
#3459 = PLANE('',#3460);
#3460 = AXIS2_PLACEMENT_3D('',#3461,#3462,#3463);
#3461 = CARTESIAN_POINT('',(-1.025,-3.675,-1.6));
#3462 = DIRECTION('',(0.832050294338,0.554700196225,0.));
#3463 = DIRECTION('',(0.554700196225,-0.832050294338,0.));
#3464 = ADVANCED_FACE('',(#3465,#3569),#3603,.F.);
#3465 = FACE_BOUND('',#3466,.F.);
#3466 = EDGE_LOOP('',(#3467,#3468,#3474,#3475,#3476,#3477,#3478,#3486,
    #3494,#3502,#3510,#3518,#3526,#3532,#3533,#3541,#3547,#3548,#3554,
    #3555,#3556,#3562,#3563,#3564,#3565,#3566,#3567,#3568));
#3467 = ORIENTED_EDGE('',*,*,#3083,.T.);
#3468 = ORIENTED_EDGE('',*,*,#3469,.T.);
#3469 = EDGE_CURVE('',#3076,#3154,#3470,.T.);
#3470 = LINE('',#3471,#3472);
#3471 = CARTESIAN_POINT('',(-1.41,-3.3,-1.6));
#3472 = VECTOR('',#3473,1.);
#3473 = DIRECTION('',(1.,0.,0.));
#3474 = ORIENTED_EDGE('',*,*,#3153,.F.);
#3475 = ORIENTED_EDGE('',*,*,#3437,.T.);
#3476 = ORIENTED_EDGE('',*,*,#3453,.T.);
#3477 = ORIENTED_EDGE('',*,*,#2891,.T.);
#3478 = ORIENTED_EDGE('',*,*,#3479,.T.);
#3479 = EDGE_CURVE('',#2884,#3480,#3482,.T.);
#3480 = VERTEX_POINT('',#3481);
#3481 = CARTESIAN_POINT('',(-0.225,-3.675,-1.6));
#3482 = LINE('',#3483,#3484);
#3483 = CARTESIAN_POINT('',(-0.325,-3.825,-1.6));
#3484 = VECTOR('',#3485,1.);
#3485 = DIRECTION('',(0.554700196225,0.832050294338,0.));
#3486 = ORIENTED_EDGE('',*,*,#3487,.T.);
#3487 = EDGE_CURVE('',#3480,#3488,#3490,.T.);
#3488 = VERTEX_POINT('',#3489);
#3489 = CARTESIAN_POINT('',(-0.16,-3.371666666667,-1.6));
#3490 = LINE('',#3491,#3492);
#3491 = CARTESIAN_POINT('',(-0.225,-3.675,-1.6));
#3492 = VECTOR('',#3493,1.);
#3493 = DIRECTION('',(0.209529088731,0.977802414077,0.));
#3494 = ORIENTED_EDGE('',*,*,#3495,.T.);
#3495 = EDGE_CURVE('',#3488,#3496,#3498,.T.);
#3496 = VERTEX_POINT('',#3497);
#3497 = CARTESIAN_POINT('',(-0.16,-3.3,-1.6));
#3498 = LINE('',#3499,#3500);
#3499 = CARTESIAN_POINT('',(-0.16,-3.371666666667,-1.6));
#3500 = VECTOR('',#3501,1.);
#3501 = DIRECTION('',(0.,1.,0.));
#3502 = ORIENTED_EDGE('',*,*,#3503,.T.);
#3503 = EDGE_CURVE('',#3496,#3504,#3506,.T.);
#3504 = VERTEX_POINT('',#3505);
#3505 = CARTESIAN_POINT('',(0.16,-3.3,-1.6));
#3506 = LINE('',#3507,#3508);
#3507 = CARTESIAN_POINT('',(-0.16,-3.3,-1.6));
#3508 = VECTOR('',#3509,1.);
#3509 = DIRECTION('',(1.,0.,0.));
#3510 = ORIENTED_EDGE('',*,*,#3511,.F.);
#3511 = EDGE_CURVE('',#3512,#3504,#3514,.T.);
#3512 = VERTEX_POINT('',#3513);
#3513 = CARTESIAN_POINT('',(0.16,-3.371666666667,-1.6));
#3514 = LINE('',#3515,#3516);
#3515 = CARTESIAN_POINT('',(0.16,-3.371666666667,-1.6));
#3516 = VECTOR('',#3517,1.);
#3517 = DIRECTION('',(0.,1.,0.));
#3518 = ORIENTED_EDGE('',*,*,#3519,.T.);
#3519 = EDGE_CURVE('',#3512,#3520,#3522,.T.);
#3520 = VERTEX_POINT('',#3521);
#3521 = CARTESIAN_POINT('',(0.225,-3.675,-1.6));
#3522 = LINE('',#3523,#3524);
#3523 = CARTESIAN_POINT('',(0.16,-3.371666666667,-1.6));
#3524 = VECTOR('',#3525,1.);
#3525 = DIRECTION('',(0.209529088731,-0.977802414077,0.));
#3526 = ORIENTED_EDGE('',*,*,#3527,.T.);
#3527 = EDGE_CURVE('',#3520,#2923,#3528,.T.);
#3528 = LINE('',#3529,#3530);
#3529 = CARTESIAN_POINT('',(0.225,-3.675,-1.6));
#3530 = VECTOR('',#3531,1.);
#3531 = DIRECTION('',(0.554700196225,-0.832050294338,0.));
#3532 = ORIENTED_EDGE('',*,*,#2922,.T.);
#3533 = ORIENTED_EDGE('',*,*,#3534,.T.);
#3534 = EDGE_CURVE('',#2915,#3535,#3537,.T.);
#3535 = VERTEX_POINT('',#3536);
#3536 = CARTESIAN_POINT('',(1.025,-3.675,-1.6));
#3537 = LINE('',#3538,#3539);
#3538 = CARTESIAN_POINT('',(0.925,-3.825,-1.6));
#3539 = VECTOR('',#3540,1.);
#3540 = DIRECTION('',(0.554700196225,0.832050294338,0.));
#3541 = ORIENTED_EDGE('',*,*,#3542,.T.);
#3542 = EDGE_CURVE('',#3535,#1693,#3543,.T.);
#3543 = LINE('',#3544,#3545);
#3544 = CARTESIAN_POINT('',(1.025,-3.675,-1.6));
#3545 = VECTOR('',#3546,1.);
#3546 = DIRECTION('',(0.209529088731,0.977802414077,0.));
#3547 = ORIENTED_EDGE('',*,*,#1751,.T.);
#3548 = ORIENTED_EDGE('',*,*,#3549,.T.);
#3549 = EDGE_CURVE('',#1744,#1817,#3550,.T.);
#3550 = LINE('',#3551,#3552);
#3551 = CARTESIAN_POINT('',(1.09,-3.3,-1.6));
#3552 = VECTOR('',#3553,1.);
#3553 = DIRECTION('',(1.,0.,0.));
#3554 = ORIENTED_EDGE('',*,*,#1816,.F.);
#3555 = ORIENTED_EDGE('',*,*,#2104,.T.);
#3556 = ORIENTED_EDGE('',*,*,#3557,.T.);
#3557 = EDGE_CURVE('',#2097,#2947,#3558,.T.);
#3558 = LINE('',#3559,#3560);
#3559 = CARTESIAN_POINT('',(1.475,-3.675,-1.6));
#3560 = VECTOR('',#3561,1.);
#3561 = DIRECTION('',(0.554700196225,-0.832050294338,0.));
#3562 = ORIENTED_EDGE('',*,*,#2946,.T.);
#3563 = ORIENTED_EDGE('',*,*,#2777,.F.);
#3564 = ORIENTED_EDGE('',*,*,#1021,.F.);
#3565 = ORIENTED_EDGE('',*,*,#2841,.T.);
#3566 = ORIENTED_EDGE('',*,*,#2867,.T.);
#3567 = ORIENTED_EDGE('',*,*,#2977,.T.);
#3568 = ORIENTED_EDGE('',*,*,#3000,.T.);
#3569 = FACE_BOUND('',#3570,.F.);
#3570 = EDGE_LOOP('',(#3571,#3581,#3589,#3597));
#3571 = ORIENTED_EDGE('',*,*,#3572,.T.);
#3572 = EDGE_CURVE('',#3573,#3575,#3577,.T.);
#3573 = VERTEX_POINT('',#3574);
#3574 = CARTESIAN_POINT('',(7.5E-02,-0.475,-1.6));
#3575 = VERTEX_POINT('',#3576);
#3576 = CARTESIAN_POINT('',(1.175,-0.475,-1.6));
#3577 = LINE('',#3578,#3579);
#3578 = CARTESIAN_POINT('',(7.5E-02,-0.475,-1.6));
#3579 = VECTOR('',#3580,1.);
#3580 = DIRECTION('',(1.,0.,0.));
#3581 = ORIENTED_EDGE('',*,*,#3582,.F.);
#3582 = EDGE_CURVE('',#3583,#3575,#3585,.T.);
#3583 = VERTEX_POINT('',#3584);
#3584 = CARTESIAN_POINT('',(1.175,-1.625,-1.6));
#3585 = LINE('',#3586,#3587);
#3586 = CARTESIAN_POINT('',(1.175,-1.625,-1.6));
#3587 = VECTOR('',#3588,1.);
#3588 = DIRECTION('',(0.,1.,0.));
#3589 = ORIENTED_EDGE('',*,*,#3590,.F.);
#3590 = EDGE_CURVE('',#3591,#3583,#3593,.T.);
#3591 = VERTEX_POINT('',#3592);
#3592 = CARTESIAN_POINT('',(7.5E-02,-1.625,-1.6));
#3593 = LINE('',#3594,#3595);
#3594 = CARTESIAN_POINT('',(7.5E-02,-1.625,-1.6));
#3595 = VECTOR('',#3596,1.);
#3596 = DIRECTION('',(1.,0.,0.));
#3597 = ORIENTED_EDGE('',*,*,#3598,.T.);
#3598 = EDGE_CURVE('',#3591,#3573,#3599,.T.);
#3599 = LINE('',#3600,#3601);
#3600 = CARTESIAN_POINT('',(7.5E-02,-1.625,-1.6));
#3601 = VECTOR('',#3602,1.);
#3602 = DIRECTION('',(0.,1.,0.));
#3603 = PLANE('',#3604);
#3604 = AXIS2_PLACEMENT_3D('',#3605,#3606,#3607);
#3605 = CARTESIAN_POINT('',(-2.,0.975,-1.6));
#3606 = DIRECTION('',(0.,0.,1.));
#3607 = DIRECTION('',(1.,0.,-0.));
#3608 = ADVANCED_FACE('',(#3609),#3625,.F.);
#3609 = FACE_BOUND('',#3610,.F.);
#3610 = EDGE_LOOP('',(#3611,#3612,#3618,#3619));
#3611 = ORIENTED_EDGE('',*,*,#1311,.T.);
#3612 = ORIENTED_EDGE('',*,*,#3613,.T.);
#3613 = EDGE_CURVE('',#1314,#3575,#3614,.T.);
#3614 = LINE('',#3615,#3616);
#3615 = CARTESIAN_POINT('',(1.175,-0.475,-1.2));
#3616 = VECTOR('',#3617,1.);
#3617 = DIRECTION('',(0.,0.,-1.));
#3618 = ORIENTED_EDGE('',*,*,#3572,.F.);
#3619 = ORIENTED_EDGE('',*,*,#3620,.T.);
#3620 = EDGE_CURVE('',#3573,#1312,#3621,.T.);
#3621 = LINE('',#3622,#3623);
#3622 = CARTESIAN_POINT('',(7.5E-02,-0.475,-1.6));
#3623 = VECTOR('',#3624,1.);
#3624 = DIRECTION('',(0.,0.,1.));
#3625 = PLANE('',#3626);
#3626 = AXIS2_PLACEMENT_3D('',#3627,#3628,#3629);
#3627 = CARTESIAN_POINT('',(0.,-0.475,0.));
#3628 = DIRECTION('',(0.,1.,0.));
#3629 = DIRECTION('',(1.,0.,0.));
#3630 = ADVANCED_FACE('',(#3631),#3642,.F.);
#3631 = FACE_BOUND('',#3632,.F.);
#3632 = EDGE_LOOP('',(#3633,#3634,#3640,#3641));
#3633 = ORIENTED_EDGE('',*,*,#1337,.F.);
#3634 = ORIENTED_EDGE('',*,*,#3635,.T.);
#3635 = EDGE_CURVE('',#1330,#3583,#3636,.T.);
#3636 = LINE('',#3637,#3638);
#3637 = CARTESIAN_POINT('',(1.175,-1.625,-1.2));
#3638 = VECTOR('',#3639,1.);
#3639 = DIRECTION('',(0.,0.,-1.));
#3640 = ORIENTED_EDGE('',*,*,#3582,.T.);
#3641 = ORIENTED_EDGE('',*,*,#3613,.F.);
#3642 = PLANE('',#3643);
#3643 = AXIS2_PLACEMENT_3D('',#3644,#3645,#3646);
#3644 = CARTESIAN_POINT('',(1.175,-0.475,-1.2));
#3645 = DIRECTION('',(1.,0.,0.));
#3646 = DIRECTION('',(0.,0.,-1.));
#3647 = ADVANCED_FACE('',(#3648),#3659,.T.);
#3648 = FACE_BOUND('',#3649,.F.);
#3649 = EDGE_LOOP('',(#3650,#3651,#3652,#3653));
#3650 = ORIENTED_EDGE('',*,*,#3590,.T.);
#3651 = ORIENTED_EDGE('',*,*,#3635,.F.);
#3652 = ORIENTED_EDGE('',*,*,#1329,.F.);
#3653 = ORIENTED_EDGE('',*,*,#3654,.F.);
#3654 = EDGE_CURVE('',#3591,#1322,#3655,.T.);
#3655 = LINE('',#3656,#3657);
#3656 = CARTESIAN_POINT('',(7.5E-02,-1.625,-1.6));
#3657 = VECTOR('',#3658,1.);
#3658 = DIRECTION('',(0.,0.,1.));
#3659 = PLANE('',#3660);
#3660 = AXIS2_PLACEMENT_3D('',#3661,#3662,#3663);
#3661 = CARTESIAN_POINT('',(0.,-1.625,0.));
#3662 = DIRECTION('',(0.,1.,0.));
#3663 = DIRECTION('',(1.,0.,0.));
#3664 = ADVANCED_FACE('',(#3665),#3671,.F.);
#3665 = FACE_BOUND('',#3666,.F.);
#3666 = EDGE_LOOP('',(#3667,#3668,#3669,#3670));
#3667 = ORIENTED_EDGE('',*,*,#1321,.T.);
#3668 = ORIENTED_EDGE('',*,*,#3620,.F.);
#3669 = ORIENTED_EDGE('',*,*,#3598,.F.);
#3670 = ORIENTED_EDGE('',*,*,#3654,.T.);
#3671 = PLANE('',#3672);
#3672 = AXIS2_PLACEMENT_3D('',#3673,#3674,#3675);
#3673 = CARTESIAN_POINT('',(7.5E-02,-0.475,-1.6));
#3674 = DIRECTION('',(-1.,0.,0.));
#3675 = DIRECTION('',(0.,0.,1.));
#3676 = ADVANCED_FACE('',(#3677),#3688,.T.);
#3677 = FACE_BOUND('',#3678,.F.);
#3678 = EDGE_LOOP('',(#3679,#3680,#3681,#3687));
#3679 = ORIENTED_EDGE('',*,*,#3469,.F.);
#3680 = ORIENTED_EDGE('',*,*,#3075,.T.);
#3681 = ORIENTED_EDGE('',*,*,#3682,.T.);
#3682 = EDGE_CURVE('',#3068,#3162,#3683,.T.);
#3683 = LINE('',#3684,#3685);
#3684 = CARTESIAN_POINT('',(-1.41,-3.3,-3.6));
#3685 = VECTOR('',#3686,1.);
#3686 = DIRECTION('',(1.,0.,0.));
#3687 = ORIENTED_EDGE('',*,*,#3161,.F.);
#3688 = PLANE('',#3689);
#3689 = AXIS2_PLACEMENT_3D('',#3690,#3691,#3692);
#3690 = CARTESIAN_POINT('',(-1.25,-3.3,-2.4375));
#3691 = DIRECTION('',(0.,1.,0.));
#3692 = DIRECTION('',(1.,0.,0.));
#3693 = ADVANCED_FACE('',(#3694),#3721,.T.);
#3694 = FACE_BOUND('',#3695,.T.);
#3695 = EDGE_LOOP('',(#3696,#3705,#3713,#3720));
#3696 = ORIENTED_EDGE('',*,*,#3697,.T.);
#3697 = EDGE_CURVE('',#3162,#3698,#3700,.T.);
#3698 = VERTEX_POINT('',#3699);
#3699 = CARTESIAN_POINT('',(-1.15,-3.35,-4.2));
#3700 = B_SPLINE_CURVE_WITH_KNOTS('',3,(#3701,#3702,#3703,#3704),
  .UNSPECIFIED.,.F.,.F.,(4,4),(0.,1.),.PIECEWISE_BEZIER_KNOTS.);
#3701 = CARTESIAN_POINT('',(-1.09,-3.3,-3.6));
#3702 = CARTESIAN_POINT('',(-1.09,-3.3,-3.80084189143));
#3703 = CARTESIAN_POINT('',(-1.11,-3.316666666667,-4.00084189143));
#3704 = CARTESIAN_POINT('',(-1.15,-3.35,-4.2));
#3705 = ORIENTED_EDGE('',*,*,#3706,.F.);
#3706 = EDGE_CURVE('',#3707,#3698,#3709,.T.);
#3707 = VERTEX_POINT('',#3708);
#3708 = CARTESIAN_POINT('',(-1.35,-3.35,-4.2));
#3709 = LINE('',#3710,#3711);
#3710 = CARTESIAN_POINT('',(-1.35,-3.35,-4.2));
#3711 = VECTOR('',#3712,1.);
#3712 = DIRECTION('',(1.,0.,0.));
#3713 = ORIENTED_EDGE('',*,*,#3714,.F.);
#3714 = EDGE_CURVE('',#3068,#3707,#3715,.T.);
#3715 = B_SPLINE_CURVE_WITH_KNOTS('',3,(#3716,#3717,#3718,#3719),
  .UNSPECIFIED.,.F.,.F.,(4,4),(0.,1.),.PIECEWISE_BEZIER_KNOTS.);
#3716 = CARTESIAN_POINT('',(-1.41,-3.3,-3.6));
#3717 = CARTESIAN_POINT('',(-1.41,-3.3,-3.80084189143));
#3718 = CARTESIAN_POINT('',(-1.39,-3.316666666667,-4.00084189143));
#3719 = CARTESIAN_POINT('',(-1.35,-3.35,-4.2));
#3720 = ORIENTED_EDGE('',*,*,#3682,.T.);
#3721 = B_SPLINE_SURFACE_WITH_KNOTS('',3,3,(
    (#3722,#3723,#3724,#3725)
    ,(#3726,#3727,#3728,#3729)
    ,(#3730,#3731,#3732,#3733)
    ,(#3734,#3735,#3736,#3737)
    ,(#3738,#3739,#3740,#3741)
    ,(#3742,#3743,#3744,#3745)
    ,(#3746,#3747,#3748,#3749
    )),.UNSPECIFIED.,.F.,.F.,.F.,(4,1,1,1,4),(4,4),(-5.828008634173E-02,
    0.25,0.5,0.75,1.058280086342),(6.525619898435,7.137533446306),
  .UNSPECIFIED.);
#3722 = CARTESIAN_POINT('',(-1.428642889886,-3.300005028646,
    -3.593953550986));
#3723 = CARTESIAN_POINT('',(-1.42909968502,-3.299664104242,
    -3.798927334633));
#3724 = CARTESIAN_POINT('',(-1.406329659589,-3.316658281231,
    -4.002898715109));
#3725 = CARTESIAN_POINT('',(-1.360332813593,-3.350987559611,
    -4.205867692413));
#3726 = CARTESIAN_POINT('',(-1.395760920862,-3.300005028646,
    -3.593960436432));
#3727 = CARTESIAN_POINT('',(-1.396133635831,-3.299664104242,
    -3.798698498161));
#3728 = CARTESIAN_POINT('',(-1.37755478348,-3.316658281231,
    -4.002669832119));
#3729 = CARTESIAN_POINT('',(-1.340024363806,-3.350987559611,
    -4.205874438308));
#3730 = CARTESIAN_POINT('',(-1.3362132909,-3.300005028646,
    -3.593969495132));
#3731 = CARTESIAN_POINT('',(-1.336433740825,-3.299664104242,
    -3.798397434019));
#3732 = CARTESIAN_POINT('',(-1.32544489695,-3.316658281231,
    -4.002368706778));
#3733 = CARTESIAN_POINT('',(-1.303246759275,-3.350987559611,
    -4.20588331341));
#3734 = CARTESIAN_POINT('',(-1.25,-3.300005028646,-3.593973575053));
#3735 = CARTESIAN_POINT('',(-1.25,-3.299664104242,-3.798261838625));
#3736 = CARTESIAN_POINT('',(-1.25,-3.316658281231,-4.002233083821));
#3737 = CARTESIAN_POINT('',(-1.25,-3.350987559611,-4.205887310641));
#3738 = CARTESIAN_POINT('',(-1.1637867091,-3.300005028646,
    -3.593969495132));
#3739 = CARTESIAN_POINT('',(-1.163566259175,-3.299664104242,
    -3.798397434019));
#3740 = CARTESIAN_POINT('',(-1.17455510305,-3.316658281231,
    -4.002368706778));
#3741 = CARTESIAN_POINT('',(-1.196753240725,-3.350987559611,
    -4.20588331341));
#3742 = CARTESIAN_POINT('',(-1.104239079138,-3.300005028646,
    -3.593960436432));
#3743 = CARTESIAN_POINT('',(-1.103866364169,-3.299664104242,
    -3.798698498161));
#3744 = CARTESIAN_POINT('',(-1.12244521652,-3.316658281231,
    -4.002669832119));
#3745 = CARTESIAN_POINT('',(-1.159975636194,-3.350987559611,
    -4.205874438308));
#3746 = CARTESIAN_POINT('',(-1.071357110114,-3.300005028646,
    -3.593953550986));
#3747 = CARTESIAN_POINT('',(-1.07090031498,-3.299664104242,
    -3.798927334633));
#3748 = CARTESIAN_POINT('',(-1.093670340411,-3.316658281231,
    -4.002898715109));
#3749 = CARTESIAN_POINT('',(-1.139667186407,-3.350987559611,
    -4.205867692413));
#3750 = ADVANCED_FACE('',(#3751),#3770,.T.);
#3751 = FACE_BOUND('',#3752,.T.);
#3752 = EDGE_LOOP('',(#3753,#3754,#3762,#3769));
#3753 = ORIENTED_EDGE('',*,*,#3714,.T.);
#3754 = ORIENTED_EDGE('',*,*,#3755,.F.);
#3755 = EDGE_CURVE('',#3756,#3707,#3758,.T.);
#3756 = VERTEX_POINT('',#3757);
#3757 = CARTESIAN_POINT('',(-1.35,-3.6,-4.2));
#3758 = LINE('',#3759,#3760);
#3759 = CARTESIAN_POINT('',(-1.35,-3.6,-4.2));
#3760 = VECTOR('',#3761,1.);
#3761 = DIRECTION('',(0.,1.,0.));
#3762 = ORIENTED_EDGE('',*,*,#3763,.F.);
#3763 = EDGE_CURVE('',#3060,#3756,#3764,.T.);
#3764 = B_SPLINE_CURVE_WITH_KNOTS('',3,(#3765,#3766,#3767,#3768),
  .UNSPECIFIED.,.F.,.F.,(4,4),(0.,1.),.PIECEWISE_BEZIER_KNOTS.);
#3765 = CARTESIAN_POINT('',(-1.41,-3.65,-3.6));
#3766 = CARTESIAN_POINT('',(-1.41,-3.65,-3.80084189143));
#3767 = CARTESIAN_POINT('',(-1.39,-3.633333333333,-4.00084189143));
#3768 = CARTESIAN_POINT('',(-1.35,-3.6,-4.2));
#3769 = ORIENTED_EDGE('',*,*,#3067,.T.);
#3770 = B_SPLINE_SURFACE_WITH_KNOTS('',3,3,(
    (#3771,#3772,#3773,#3774)
    ,(#3775,#3776,#3777,#3778)
    ,(#3779,#3780,#3781,#3782)
    ,(#3783,#3784,#3785,#3786)
    ,(#3787,#3788,#3789,#3790)
    ,(#3791,#3792,#3793,#3794)
    ,(#3795,#3796,#3797,#3798
    )),.UNSPECIFIED.,.F.,.F.,.F.,(4,1,1,1,4),(4,4),(-4.662406907339E-02,
    0.25,0.5,0.75,1.046624069073),(6.525612405478,7.137533446306),
  .UNSPECIFIED.);
#3771 = CARTESIAN_POINT('',(-1.409993950587,-3.666312912918,
    -3.593947691849));
#3772 = CARTESIAN_POINT('',(-1.410403574336,-3.666686096585,
    -3.798866885296));
#3773 = CARTESIAN_POINT('',(-1.390010566963,-3.6481072488,
    -4.002840763729));
#3774 = CARTESIAN_POINT('',(-1.348814928467,-3.610576369562,
    -4.205869327148));
#3775 = CARTESIAN_POINT('',(-1.409993950587,-3.631707768415,
    -3.593952202938));
#3776 = CARTESIAN_POINT('',(-1.410403574336,-3.632013449715,
    -3.798717148428));
#3777 = CARTESIAN_POINT('',(-1.390010566963,-3.616795189056,
    -4.002690994534));
#3778 = CARTESIAN_POINT('',(-1.348814928467,-3.58605298644,
    -4.205873741257));
#3779 = CARTESIAN_POINT('',(-1.409993950587,-3.567936797443,
    -3.593958274814));
#3780 = CARTESIAN_POINT('',(-1.410403574336,-3.568118084186,
    -3.798515604259));
#3781 = CARTESIAN_POINT('',(-1.390010566963,-3.559092772789,
    -4.002489406854));
#3782 = CARTESIAN_POINT('',(-1.348814928467,-3.540860863252,
    -4.205879682599));
#3783 = CARTESIAN_POINT('',(-1.409993950587,-3.475,-3.593961062832));
#3784 = CARTESIAN_POINT('',(-1.410403574336,-3.475,-3.798423061403));
#3785 = CARTESIAN_POINT('',(-1.390010566963,-3.475,-4.002396844018));
#3786 = CARTESIAN_POINT('',(-1.348814928467,-3.475,-4.20588241068));
#3787 = CARTESIAN_POINT('',(-1.409993950587,-3.382063202557,
    -3.593958274814));
#3788 = CARTESIAN_POINT('',(-1.410403574336,-3.381881915814,
    -3.798515604259));
#3789 = CARTESIAN_POINT('',(-1.390010566963,-3.390907227211,
    -4.002489406854));
#3790 = CARTESIAN_POINT('',(-1.348814928467,-3.409139136748,
    -4.205879682599));
#3791 = CARTESIAN_POINT('',(-1.409993950587,-3.318292231585,
    -3.593952202938));
#3792 = CARTESIAN_POINT('',(-1.410403574336,-3.317986550285,
    -3.798717148428));
#3793 = CARTESIAN_POINT('',(-1.390010566963,-3.333204810944,
    -4.002690994534));
#3794 = CARTESIAN_POINT('',(-1.348814928467,-3.36394701356,
    -4.205873741257));
#3795 = CARTESIAN_POINT('',(-1.409993950587,-3.283687087082,
    -3.593947691849));
#3796 = CARTESIAN_POINT('',(-1.410403574336,-3.283313903415,
    -3.798866885296));
#3797 = CARTESIAN_POINT('',(-1.390010566963,-3.3018927512,
    -4.002840763729));
#3798 = CARTESIAN_POINT('',(-1.348814928467,-3.339423630438,
    -4.205869327148));
#3799 = ADVANCED_FACE('',(#3800),#3824,.T.);
#3800 = FACE_BOUND('',#3801,.T.);
#3801 = EDGE_LOOP('',(#3802,#3803,#3811,#3818));
#3802 = ORIENTED_EDGE('',*,*,#3763,.T.);
#3803 = ORIENTED_EDGE('',*,*,#3804,.F.);
#3804 = EDGE_CURVE('',#3805,#3756,#3807,.T.);
#3805 = VERTEX_POINT('',#3806);
#3806 = CARTESIAN_POINT('',(-1.15,-3.6,-4.2));
#3807 = LINE('',#3808,#3809);
#3808 = CARTESIAN_POINT('',(-1.15,-3.6,-4.2));
#3809 = VECTOR('',#3810,1.);
#3810 = DIRECTION('',(-1.,0.,0.));
#3811 = ORIENTED_EDGE('',*,*,#3812,.F.);
#3812 = EDGE_CURVE('',#3170,#3805,#3813,.T.);
#3813 = B_SPLINE_CURVE_WITH_KNOTS('',3,(#3814,#3815,#3816,#3817),
  .UNSPECIFIED.,.F.,.F.,(4,4),(0.,1.),.PIECEWISE_BEZIER_KNOTS.);
#3814 = CARTESIAN_POINT('',(-1.09,-3.65,-3.6));
#3815 = CARTESIAN_POINT('',(-1.09,-3.65,-3.80084189143));
#3816 = CARTESIAN_POINT('',(-1.11,-3.633333333333,-4.00084189143));
#3817 = CARTESIAN_POINT('',(-1.15,-3.6,-4.2));
#3818 = ORIENTED_EDGE('',*,*,#3819,.T.);
#3819 = EDGE_CURVE('',#3170,#3060,#3820,.T.);
#3820 = LINE('',#3821,#3822);
#3821 = CARTESIAN_POINT('',(-1.09,-3.65,-3.6));
#3822 = VECTOR('',#3823,1.);
#3823 = DIRECTION('',(-1.,0.,0.));
#3824 = B_SPLINE_SURFACE_WITH_KNOTS('',3,3,(
    (#3825,#3826,#3827,#3828)
    ,(#3829,#3830,#3831,#3832)
    ,(#3833,#3834,#3835,#3836)
    ,(#3837,#3838,#3839,#3840)
    ,(#3841,#3842,#3843,#3844)
    ,(#3845,#3846,#3847,#3848)
    ,(#3849,#3850,#3851,#3852
    )),.UNSPECIFIED.,.F.,.F.,.F.,(4,1,1,1,4),(4,4),(-5.828008634173E-02,
    0.25,0.5,0.75,1.058280086342),(6.525619898435,7.137533446306),
  .UNSPECIFIED.);
#3825 = CARTESIAN_POINT('',(-1.071357110114,-3.649994971354,
    -3.593953550986));
#3826 = CARTESIAN_POINT('',(-1.07090031498,-3.650335895758,
    -3.798927334633));
#3827 = CARTESIAN_POINT('',(-1.093670340411,-3.633341718769,
    -4.002898715109));
#3828 = CARTESIAN_POINT('',(-1.139667186407,-3.599012440389,
    -4.205867692413));
#3829 = CARTESIAN_POINT('',(-1.104239079138,-3.649994971354,
    -3.593960436432));
#3830 = CARTESIAN_POINT('',(-1.103866364169,-3.650335895758,
    -3.798698498161));
#3831 = CARTESIAN_POINT('',(-1.12244521652,-3.633341718769,
    -4.002669832119));
#3832 = CARTESIAN_POINT('',(-1.159975636194,-3.599012440389,
    -4.205874438308));
#3833 = CARTESIAN_POINT('',(-1.1637867091,-3.649994971354,
    -3.593969495132));
#3834 = CARTESIAN_POINT('',(-1.163566259175,-3.650335895758,
    -3.798397434019));
#3835 = CARTESIAN_POINT('',(-1.17455510305,-3.633341718769,
    -4.002368706778));
#3836 = CARTESIAN_POINT('',(-1.196753240725,-3.599012440389,
    -4.20588331341));
#3837 = CARTESIAN_POINT('',(-1.25,-3.649994971354,-3.593973575053));
#3838 = CARTESIAN_POINT('',(-1.25,-3.650335895758,-3.798261838625));
#3839 = CARTESIAN_POINT('',(-1.25,-3.633341718769,-4.002233083821));
#3840 = CARTESIAN_POINT('',(-1.25,-3.599012440389,-4.205887310641));
#3841 = CARTESIAN_POINT('',(-1.3362132909,-3.649994971354,
    -3.593969495132));
#3842 = CARTESIAN_POINT('',(-1.336433740825,-3.650335895758,
    -3.798397434019));
#3843 = CARTESIAN_POINT('',(-1.32544489695,-3.633341718769,
    -4.002368706778));
#3844 = CARTESIAN_POINT('',(-1.303246759275,-3.599012440389,
    -4.20588331341));
#3845 = CARTESIAN_POINT('',(-1.395760920862,-3.649994971354,
    -3.593960436432));
#3846 = CARTESIAN_POINT('',(-1.396133635831,-3.650335895758,
    -3.798698498161));
#3847 = CARTESIAN_POINT('',(-1.37755478348,-3.633341718769,
    -4.002669832119));
#3848 = CARTESIAN_POINT('',(-1.340024363806,-3.599012440389,
    -4.205874438308));
#3849 = CARTESIAN_POINT('',(-1.428642889886,-3.649994971354,
    -3.593953550986));
#3850 = CARTESIAN_POINT('',(-1.42909968502,-3.650335895758,
    -3.798927334633));
#3851 = CARTESIAN_POINT('',(-1.406329659589,-3.633341718769,
    -4.002898715109));
#3852 = CARTESIAN_POINT('',(-1.360332813593,-3.599012440389,
    -4.205867692413));
#3853 = ADVANCED_FACE('',(#3854),#3865,.F.);
#3854 = FACE_BOUND('',#3855,.F.);
#3855 = EDGE_LOOP('',(#3856,#3862,#3863,#3864));
#3856 = ORIENTED_EDGE('',*,*,#3857,.F.);
#3857 = EDGE_CURVE('',#3178,#3051,#3858,.T.);
#3858 = LINE('',#3859,#3860);
#3859 = CARTESIAN_POINT('',(-1.09,-3.65,-1.275));
#3860 = VECTOR('',#3861,1.);
#3861 = DIRECTION('',(-1.,0.,0.));
#3862 = ORIENTED_EDGE('',*,*,#3177,.T.);
#3863 = ORIENTED_EDGE('',*,*,#3819,.T.);
#3864 = ORIENTED_EDGE('',*,*,#3059,.F.);
#3865 = PLANE('',#3866);
#3866 = AXIS2_PLACEMENT_3D('',#3867,#3868,#3869);
#3867 = CARTESIAN_POINT('',(-1.25,-3.65,-2.4375));
#3868 = DIRECTION('',(0.,1.,0.));
#3869 = DIRECTION('',(1.,0.,0.));
#3870 = ADVANCED_FACE('',(#3871),#3877,.T.);
#3871 = FACE_BOUND('',#3872,.T.);
#3872 = EDGE_LOOP('',(#3873,#3874,#3875,#3876));
#3873 = ORIENTED_EDGE('',*,*,#2483,.F.);
#3874 = ORIENTED_EDGE('',*,*,#3050,.T.);
#3875 = ORIENTED_EDGE('',*,*,#3857,.F.);
#3876 = ORIENTED_EDGE('',*,*,#3185,.F.);
#3877 = CYLINDRICAL_SURFACE('',#3878,0.975);
#3878 = AXIS2_PLACEMENT_3D('',#3879,#3880,#3881);
#3879 = CARTESIAN_POINT('',(-1.25,-2.675,-1.275));
#3880 = DIRECTION('',(1.,0.,0.));
#3881 = DIRECTION('',(0.,0.,1.));
#3882 = ADVANCED_FACE('',(#3883),#3894,.T.);
#3883 = FACE_BOUND('',#3884,.T.);
#3884 = EDGE_LOOP('',(#3885,#3886,#3892,#3893));
#3885 = ORIENTED_EDGE('',*,*,#3812,.T.);
#3886 = ORIENTED_EDGE('',*,*,#3887,.F.);
#3887 = EDGE_CURVE('',#3698,#3805,#3888,.T.);
#3888 = LINE('',#3889,#3890);
#3889 = CARTESIAN_POINT('',(-1.15,-3.35,-4.2));
#3890 = VECTOR('',#3891,1.);
#3891 = DIRECTION('',(0.,-1.,0.));
#3892 = ORIENTED_EDGE('',*,*,#3697,.F.);
#3893 = ORIENTED_EDGE('',*,*,#3169,.T.);
#3894 = B_SPLINE_SURFACE_WITH_KNOTS('',3,3,(
    (#3895,#3896,#3897,#3898)
    ,(#3899,#3900,#3901,#3902)
    ,(#3903,#3904,#3905,#3906)
    ,(#3907,#3908,#3909,#3910)
    ,(#3911,#3912,#3913,#3914)
    ,(#3915,#3916,#3917,#3918)
    ,(#3919,#3920,#3921,#3922
    )),.UNSPECIFIED.,.F.,.F.,.F.,(4,1,1,1,4),(4,4),(-4.662406907339E-02,
    0.25,0.5,0.75,1.046624069073),(6.525612405478,7.137533446306),
  .UNSPECIFIED.);
#3895 = CARTESIAN_POINT('',(-1.090006049413,-3.283687087082,
    -3.593947691849));
#3896 = CARTESIAN_POINT('',(-1.089596425664,-3.283313903415,
    -3.798866885296));
#3897 = CARTESIAN_POINT('',(-1.109989433037,-3.3018927512,
    -4.002840763729));
#3898 = CARTESIAN_POINT('',(-1.151185071533,-3.339423630438,
    -4.205869327148));
#3899 = CARTESIAN_POINT('',(-1.090006049413,-3.318292231585,
    -3.593952202938));
#3900 = CARTESIAN_POINT('',(-1.089596425664,-3.317986550285,
    -3.798717148428));
#3901 = CARTESIAN_POINT('',(-1.109989433037,-3.333204810944,
    -4.002690994534));
#3902 = CARTESIAN_POINT('',(-1.151185071533,-3.36394701356,
    -4.205873741257));
#3903 = CARTESIAN_POINT('',(-1.090006049413,-3.382063202557,
    -3.593958274814));
#3904 = CARTESIAN_POINT('',(-1.089596425664,-3.381881915814,
    -3.798515604259));
#3905 = CARTESIAN_POINT('',(-1.109989433037,-3.390907227211,
    -4.002489406854));
#3906 = CARTESIAN_POINT('',(-1.151185071533,-3.409139136748,
    -4.205879682599));
#3907 = CARTESIAN_POINT('',(-1.090006049413,-3.475,-3.593961062832));
#3908 = CARTESIAN_POINT('',(-1.089596425664,-3.475,-3.798423061403));
#3909 = CARTESIAN_POINT('',(-1.109989433037,-3.475,-4.002396844018));
#3910 = CARTESIAN_POINT('',(-1.151185071533,-3.475,-4.20588241068));
#3911 = CARTESIAN_POINT('',(-1.090006049413,-3.567936797443,
    -3.593958274814));
#3912 = CARTESIAN_POINT('',(-1.089596425664,-3.568118084186,
    -3.798515604259));
#3913 = CARTESIAN_POINT('',(-1.109989433037,-3.559092772789,
    -4.002489406854));
#3914 = CARTESIAN_POINT('',(-1.151185071533,-3.540860863252,
    -4.205879682599));
#3915 = CARTESIAN_POINT('',(-1.090006049413,-3.631707768415,
    -3.593952202938));
#3916 = CARTESIAN_POINT('',(-1.089596425664,-3.632013449715,
    -3.798717148428));
#3917 = CARTESIAN_POINT('',(-1.109989433037,-3.616795189056,
    -4.002690994534));
#3918 = CARTESIAN_POINT('',(-1.151185071533,-3.58605298644,
    -4.205873741257));
#3919 = CARTESIAN_POINT('',(-1.090006049413,-3.666312912918,
    -3.593947691849));
#3920 = CARTESIAN_POINT('',(-1.089596425664,-3.666686096585,
    -3.798866885296));
#3921 = CARTESIAN_POINT('',(-1.109989433037,-3.6481072488,
    -4.002840763729));
#3922 = CARTESIAN_POINT('',(-1.151185071533,-3.610576369562,
    -4.205869327148));
#3923 = ADVANCED_FACE('',(#3924),#3930,.T.);
#3924 = FACE_BOUND('',#3925,.F.);
#3925 = EDGE_LOOP('',(#3926,#3927,#3928,#3929));
#3926 = ORIENTED_EDGE('',*,*,#3804,.F.);
#3927 = ORIENTED_EDGE('',*,*,#3887,.F.);
#3928 = ORIENTED_EDGE('',*,*,#3706,.F.);
#3929 = ORIENTED_EDGE('',*,*,#3755,.F.);
#3930 = PLANE('',#3931);
#3931 = AXIS2_PLACEMENT_3D('',#3932,#3933,#3934);
#3932 = CARTESIAN_POINT('',(-1.25,-3.475,-4.2));
#3933 = DIRECTION('',(0.,0.,-1.));
#3934 = DIRECTION('',(0.,1.,0.));
#3935 = ADVANCED_FACE('',(#3936),#3947,.F.);
#3936 = FACE_BOUND('',#3937,.F.);
#3937 = EDGE_LOOP('',(#3938,#3939,#3945,#3946));
#3938 = ORIENTED_EDGE('',*,*,#2311,.T.);
#3939 = ORIENTED_EDGE('',*,*,#3940,.F.);
#3940 = EDGE_CURVE('',#3480,#2304,#3941,.T.);
#3941 = LINE('',#3942,#3943);
#3942 = CARTESIAN_POINT('',(-0.225,-3.675,-1.6));
#3943 = VECTOR('',#3944,1.);
#3944 = DIRECTION('',(0.,0.,1.));
#3945 = ORIENTED_EDGE('',*,*,#3479,.F.);
#3946 = ORIENTED_EDGE('',*,*,#2883,.T.);
#3947 = PLANE('',#3948);
#3948 = AXIS2_PLACEMENT_3D('',#3949,#3950,#3951);
#3949 = CARTESIAN_POINT('',(-0.325,-3.825,-1.6));
#3950 = DIRECTION('',(-0.832050294338,0.554700196225,0.));
#3951 = DIRECTION('',(0.554700196225,0.832050294338,0.));
#3952 = ADVANCED_FACE('',(#3953),#3964,.F.);
#3953 = FACE_BOUND('',#3954,.F.);
#3954 = EDGE_LOOP('',(#3955,#3961,#3962,#3963));
#3955 = ORIENTED_EDGE('',*,*,#3956,.F.);
#3956 = EDGE_CURVE('',#3488,#2296,#3957,.T.);
#3957 = LINE('',#3958,#3959);
#3958 = CARTESIAN_POINT('',(-0.16,-3.371666666667,-1.6));
#3959 = VECTOR('',#3960,1.);
#3960 = DIRECTION('',(0.,0.,1.));
#3961 = ORIENTED_EDGE('',*,*,#3487,.F.);
#3962 = ORIENTED_EDGE('',*,*,#3940,.T.);
#3963 = ORIENTED_EDGE('',*,*,#2303,.T.);
#3964 = PLANE('',#3965);
#3965 = AXIS2_PLACEMENT_3D('',#3966,#3967,#3968);
#3966 = CARTESIAN_POINT('',(-0.225,-3.675,-1.6));
#3967 = DIRECTION('',(-0.977802414077,0.209529088731,0.));
#3968 = DIRECTION('',(0.209529088731,0.977802414077,0.));
#3969 = ADVANCED_FACE('',(#3970),#3995,.F.);
#3970 = FACE_BOUND('',#3971,.F.);
#3971 = EDGE_LOOP('',(#3972,#3973,#3981,#3989));
#3972 = ORIENTED_EDGE('',*,*,#1577,.F.);
#3973 = ORIENTED_EDGE('',*,*,#3974,.F.);
#3974 = EDGE_CURVE('',#3975,#1570,#3977,.T.);
#3975 = VERTEX_POINT('',#3976);
#3976 = CARTESIAN_POINT('',(-0.16,-0.125,-0.775));
#3977 = LINE('',#3978,#3979);
#3978 = CARTESIAN_POINT('',(-0.16,-0.125,-0.775));
#3979 = VECTOR('',#3980,1.);
#3980 = DIRECTION('',(0.,-1.,0.));
#3981 = ORIENTED_EDGE('',*,*,#3982,.F.);
#3982 = EDGE_CURVE('',#3983,#3975,#3985,.T.);
#3983 = VERTEX_POINT('',#3984);
#3984 = CARTESIAN_POINT('',(-0.16,-0.125,-0.175));
#3985 = LINE('',#3986,#3987);
#3986 = CARTESIAN_POINT('',(-0.16,-0.125,-0.175));
#3987 = VECTOR('',#3988,1.);
#3988 = DIRECTION('',(0.,0.,-1.));
#3989 = ORIENTED_EDGE('',*,*,#3990,.T.);
#3990 = EDGE_CURVE('',#3983,#1552,#3991,.T.);
#3991 = LINE('',#3992,#3993);
#3992 = CARTESIAN_POINT('',(-0.16,-0.125,-0.175));
#3993 = VECTOR('',#3994,1.);
#3994 = DIRECTION('',(0.,-1.,0.));
#3995 = PLANE('',#3996);
#3996 = AXIS2_PLACEMENT_3D('',#3997,#3998,#3999);
#3997 = CARTESIAN_POINT('',(-0.16,-1.05,-0.475));
#3998 = DIRECTION('',(1.,0.,0.));
#3999 = DIRECTION('',(-0.,1.,0.));
#4000 = ADVANCED_FACE('',(#4001),#4038,.F.);
#4001 = FACE_BOUND('',#4002,.F.);
#4002 = EDGE_LOOP('',(#4003,#4004,#4005,#4006,#4015,#4023,#4031,#4037));
#4003 = ORIENTED_EDGE('',*,*,#3956,.T.);
#4004 = ORIENTED_EDGE('',*,*,#2295,.F.);
#4005 = ORIENTED_EDGE('',*,*,#2468,.T.);
#4006 = ORIENTED_EDGE('',*,*,#4007,.T.);
#4007 = EDGE_CURVE('',#2461,#4008,#4010,.T.);
#4008 = VERTEX_POINT('',#4009);
#4009 = CARTESIAN_POINT('',(-0.16,-3.65,-1.275));
#4010 = CIRCLE('',#4011,0.975);
#4011 = AXIS2_PLACEMENT_3D('',#4012,#4013,#4014);
#4012 = CARTESIAN_POINT('',(-0.16,-2.675,-1.275));
#4013 = DIRECTION('',(1.,0.,0.));
#4014 = DIRECTION('',(0.,-0.564102564103,0.825704727595));
#4015 = ORIENTED_EDGE('',*,*,#4016,.T.);
#4016 = EDGE_CURVE('',#4008,#4017,#4019,.T.);
#4017 = VERTEX_POINT('',#4018);
#4018 = CARTESIAN_POINT('',(-0.16,-3.65,-3.6));
#4019 = LINE('',#4020,#4021);
#4020 = CARTESIAN_POINT('',(-0.16,-3.65,-1.275));
#4021 = VECTOR('',#4022,1.);
#4022 = DIRECTION('',(0.,0.,-1.));
#4023 = ORIENTED_EDGE('',*,*,#4024,.T.);
#4024 = EDGE_CURVE('',#4017,#4025,#4027,.T.);
#4025 = VERTEX_POINT('',#4026);
#4026 = CARTESIAN_POINT('',(-0.16,-3.3,-3.6));
#4027 = LINE('',#4028,#4029);
#4028 = CARTESIAN_POINT('',(-0.16,-3.65,-3.6));
#4029 = VECTOR('',#4030,1.);
#4030 = DIRECTION('',(0.,1.,0.));
#4031 = ORIENTED_EDGE('',*,*,#4032,.F.);
#4032 = EDGE_CURVE('',#3496,#4025,#4033,.T.);
#4033 = LINE('',#4034,#4035);
#4034 = CARTESIAN_POINT('',(-0.16,-3.3,-1.6));
#4035 = VECTOR('',#4036,1.);
#4036 = DIRECTION('',(0.,0.,-1.));
#4037 = ORIENTED_EDGE('',*,*,#3495,.F.);
#4038 = PLANE('',#4039);
#4039 = AXIS2_PLACEMENT_3D('',#4040,#4041,#4042);
#4040 = CARTESIAN_POINT('',(-0.16,-1.05,-0.475));
#4041 = DIRECTION('',(1.,0.,0.));
#4042 = DIRECTION('',(-0.,1.,0.));
#4043 = ADVANCED_FACE('',(#4044),#4062,.F.);
#4044 = FACE_BOUND('',#4045,.F.);
#4045 = EDGE_LOOP('',(#4046,#4047,#4055,#4061));
#4046 = ORIENTED_EDGE('',*,*,#1569,.T.);
#4047 = ORIENTED_EDGE('',*,*,#4048,.F.);
#4048 = EDGE_CURVE('',#4049,#1562,#4051,.T.);
#4049 = VERTEX_POINT('',#4050);
#4050 = CARTESIAN_POINT('',(0.16,-0.125,-0.775));
#4051 = LINE('',#4052,#4053);
#4052 = CARTESIAN_POINT('',(0.16,-0.125,-0.775));
#4053 = VECTOR('',#4054,1.);
#4054 = DIRECTION('',(0.,-1.,0.));
#4055 = ORIENTED_EDGE('',*,*,#4056,.F.);
#4056 = EDGE_CURVE('',#3975,#4049,#4057,.T.);
#4057 = LINE('',#4058,#4059);
#4058 = CARTESIAN_POINT('',(-0.16,-0.125,-0.775));
#4059 = VECTOR('',#4060,1.);
#4060 = DIRECTION('',(1.,0.,0.));
#4061 = ORIENTED_EDGE('',*,*,#3974,.T.);
#4062 = PLANE('',#4063);
#4063 = AXIS2_PLACEMENT_3D('',#4064,#4065,#4066);
#4064 = CARTESIAN_POINT('',(0.,-1.05,-0.775));
#4065 = DIRECTION('',(0.,0.,1.));
#4066 = DIRECTION('',(1.,0.,-0.));
#4067 = ADVANCED_FACE('',(#4068),#4086,.T.);
#4068 = FACE_BOUND('',#4069,.F.);
#4069 = EDGE_LOOP('',(#4070,#4071,#4079,#4085));
#4070 = ORIENTED_EDGE('',*,*,#1561,.T.);
#4071 = ORIENTED_EDGE('',*,*,#4072,.F.);
#4072 = EDGE_CURVE('',#4073,#1554,#4075,.T.);
#4073 = VERTEX_POINT('',#4074);
#4074 = CARTESIAN_POINT('',(0.16,-0.125,-0.175));
#4075 = LINE('',#4076,#4077);
#4076 = CARTESIAN_POINT('',(0.16,-0.125,-0.175));
#4077 = VECTOR('',#4078,1.);
#4078 = DIRECTION('',(0.,-1.,0.));
#4079 = ORIENTED_EDGE('',*,*,#4080,.F.);
#4080 = EDGE_CURVE('',#4049,#4073,#4081,.T.);
#4081 = LINE('',#4082,#4083);
#4082 = CARTESIAN_POINT('',(0.16,-0.125,-0.775));
#4083 = VECTOR('',#4084,1.);
#4084 = DIRECTION('',(0.,0.,1.));
#4085 = ORIENTED_EDGE('',*,*,#4048,.T.);
#4086 = PLANE('',#4087);
#4087 = AXIS2_PLACEMENT_3D('',#4088,#4089,#4090);
#4088 = CARTESIAN_POINT('',(0.16,-1.05,-0.475));
#4089 = DIRECTION('',(1.,0.,0.));
#4090 = DIRECTION('',(-0.,1.,0.));
#4091 = ADVANCED_FACE('',(#4092),#4134,.T.);
#4092 = FACE_BOUND('',#4093,.F.);
#4093 = EDGE_LOOP('',(#4094,#4100,#4101,#4109,#4117,#4125,#4132,#4133));
#4094 = ORIENTED_EDGE('',*,*,#4095,.F.);
#4095 = EDGE_CURVE('',#3512,#2161,#4096,.T.);
#4096 = LINE('',#4097,#4098);
#4097 = CARTESIAN_POINT('',(0.16,-3.371666666667,-1.6));
#4098 = VECTOR('',#4099,1.);
#4099 = DIRECTION('',(0.,0.,1.));
#4100 = ORIENTED_EDGE('',*,*,#3511,.T.);
#4101 = ORIENTED_EDGE('',*,*,#4102,.T.);
#4102 = EDGE_CURVE('',#3504,#4103,#4105,.T.);
#4103 = VERTEX_POINT('',#4104);
#4104 = CARTESIAN_POINT('',(0.16,-3.3,-3.6));
#4105 = LINE('',#4106,#4107);
#4106 = CARTESIAN_POINT('',(0.16,-3.3,-1.6));
#4107 = VECTOR('',#4108,1.);
#4108 = DIRECTION('',(0.,0.,-1.));
#4109 = ORIENTED_EDGE('',*,*,#4110,.T.);
#4110 = EDGE_CURVE('',#4103,#4111,#4113,.T.);
#4111 = VERTEX_POINT('',#4112);
#4112 = CARTESIAN_POINT('',(0.16,-3.65,-3.6));
#4113 = LINE('',#4114,#4115);
#4114 = CARTESIAN_POINT('',(0.16,-3.3,-3.6));
#4115 = VECTOR('',#4116,1.);
#4116 = DIRECTION('',(0.,-1.,0.));
#4117 = ORIENTED_EDGE('',*,*,#4118,.F.);
#4118 = EDGE_CURVE('',#4119,#4111,#4121,.T.);
#4119 = VERTEX_POINT('',#4120);
#4120 = CARTESIAN_POINT('',(0.16,-3.65,-1.275));
#4121 = LINE('',#4122,#4123);
#4122 = CARTESIAN_POINT('',(0.16,-3.65,-1.275));
#4123 = VECTOR('',#4124,1.);
#4124 = DIRECTION('',(0.,0.,-1.));
#4125 = ORIENTED_EDGE('',*,*,#4126,.F.);
#4126 = EDGE_CURVE('',#2453,#4119,#4127,.T.);
#4127 = CIRCLE('',#4128,0.975);
#4128 = AXIS2_PLACEMENT_3D('',#4129,#4130,#4131);
#4129 = CARTESIAN_POINT('',(0.16,-2.675,-1.275));
#4130 = DIRECTION('',(1.,0.,0.));
#4131 = DIRECTION('',(0.,-0.564102564103,0.825704727595));
#4132 = ORIENTED_EDGE('',*,*,#2452,.F.);
#4133 = ORIENTED_EDGE('',*,*,#2158,.T.);
#4134 = PLANE('',#4135);
#4135 = AXIS2_PLACEMENT_3D('',#4136,#4137,#4138);
#4136 = CARTESIAN_POINT('',(0.16,-1.05,-0.475));
#4137 = DIRECTION('',(1.,0.,0.));
#4138 = DIRECTION('',(-0.,1.,0.));
#4139 = ADVANCED_FACE('',(#4140),#4151,.T.);
#4140 = FACE_BOUND('',#4141,.F.);
#4141 = EDGE_LOOP('',(#4142,#4143,#4144,#4150));
#4142 = ORIENTED_EDGE('',*,*,#1551,.F.);
#4143 = ORIENTED_EDGE('',*,*,#3990,.F.);
#4144 = ORIENTED_EDGE('',*,*,#4145,.F.);
#4145 = EDGE_CURVE('',#4073,#3983,#4146,.T.);
#4146 = LINE('',#4147,#4148);
#4147 = CARTESIAN_POINT('',(0.16,-0.125,-0.175));
#4148 = VECTOR('',#4149,1.);
#4149 = DIRECTION('',(-1.,0.,0.));
#4150 = ORIENTED_EDGE('',*,*,#4072,.T.);
#4151 = PLANE('',#4152);
#4152 = AXIS2_PLACEMENT_3D('',#4153,#4154,#4155);
#4153 = CARTESIAN_POINT('',(0.,-1.05,-0.175));
#4154 = DIRECTION('',(0.,0.,1.));
#4155 = DIRECTION('',(1.,0.,-0.));
#4156 = ADVANCED_FACE('',(#4157),#4184,.T.);
#4157 = FACE_BOUND('',#4158,.T.);
#4158 = EDGE_LOOP('',(#4159,#4168,#4169,#4178));
#4159 = ORIENTED_EDGE('',*,*,#4160,.T.);
#4160 = EDGE_CURVE('',#4161,#3983,#4163,.T.);
#4161 = VERTEX_POINT('',#4162);
#4162 = CARTESIAN_POINT('',(-0.1,0.275,-0.275));
#4163 = B_SPLINE_CURVE_WITH_KNOTS('',3,(#4164,#4165,#4166,#4167),
  .UNSPECIFIED.,.F.,.F.,(4,4),(0.,1.),.PIECEWISE_BEZIER_KNOTS.);
#4164 = CARTESIAN_POINT('',(-0.1,0.275,-0.275));
#4165 = CARTESIAN_POINT('',(-0.14,0.144413919445,-0.208333333333));
#4166 = CARTESIAN_POINT('',(-0.16,1.108058611148E-02,-0.175));
#4167 = CARTESIAN_POINT('',(-0.16,-0.125,-0.175));
#4168 = ORIENTED_EDGE('',*,*,#4145,.F.);
#4169 = ORIENTED_EDGE('',*,*,#4170,.F.);
#4170 = EDGE_CURVE('',#4171,#4073,#4173,.T.);
#4171 = VERTEX_POINT('',#4172);
#4172 = CARTESIAN_POINT('',(0.1,0.275,-0.275));
#4173 = B_SPLINE_CURVE_WITH_KNOTS('',3,(#4174,#4175,#4176,#4177),
  .UNSPECIFIED.,.F.,.F.,(4,4),(0.,1.),.PIECEWISE_BEZIER_KNOTS.);
#4174 = CARTESIAN_POINT('',(0.1,0.275,-0.275));
#4175 = CARTESIAN_POINT('',(0.14,0.144413919445,-0.208333333333));
#4176 = CARTESIAN_POINT('',(0.16,1.108058611148E-02,-0.175));
#4177 = CARTESIAN_POINT('',(0.16,-0.125,-0.175));
#4178 = ORIENTED_EDGE('',*,*,#4179,.T.);
#4179 = EDGE_CURVE('',#4171,#4161,#4180,.T.);
#4180 = LINE('',#4181,#4182);
#4181 = CARTESIAN_POINT('',(0.1,0.275,-0.275));
#4182 = VECTOR('',#4183,1.);
#4183 = DIRECTION('',(-1.,0.,0.));
#4184 = B_SPLINE_SURFACE_WITH_KNOTS('',3,3,(
    (#4185,#4186,#4187,#4188)
    ,(#4189,#4190,#4191,#4192)
    ,(#4193,#4194,#4195,#4196)
    ,(#4197,#4198,#4199,#4200)
    ,(#4201,#4202,#4203,#4204)
    ,(#4205,#4206,#4207,#4208)
    ,(#4209,#4210,#4211,#4212
    )),.UNSPECIFIED.,.F.,.F.,.F.,(4,1,1,1,4),(4,4),(-5.828008634173E-02,
    0.25,0.5,0.75,1.058280086342),(-5.275194695766E-03,0.405853585693),
  .UNSPECIFIED.);
#4185 = CARTESIAN_POINT('',(0.109877343849,0.280158086262,
    -0.277654989647));
#4186 = CARTESIAN_POINT('',(0.156387740612,0.146197089323,
    -0.208229866098));
#4187 = CARTESIAN_POINT('',(0.179307052913,9.149820647092E-03,
    -0.174018674646));
#4188 = CARTESIAN_POINT('',(0.178635280753,-0.130983719767,
    -0.175021415291));
#4189 = CARTESIAN_POINT('',(8.965273026787E-02,0.280171063174,
    -0.277654989647));
#4190 = CARTESIAN_POINT('',(0.127602173798,0.145868554259,
    -0.208229866098));
#4191 = CARTESIAN_POINT('',(0.146302834478,8.821766710846E-03,
    -0.174018674646));
#4192 = CARTESIAN_POINT('',(0.145754712306,-0.13096929947,
    -0.175021415291));
#4193 = CARTESIAN_POINT('',(5.30269489849E-02,0.280188204787,
    -0.277654989647));
#4194 = CARTESIAN_POINT('',(7.547292692744E-02,0.14543458191,
    -0.208229866098));
#4195 = CARTESIAN_POINT('',(8.653381683975E-02,8.388429899514E-03,
    -0.174018674646));
#4196 = CARTESIAN_POINT('',(8.620961872184E-02,-0.130950251243,
    -0.175021415291));
#4197 = CARTESIAN_POINT('',(0.,0.280195974937,-0.277654989647));
#4198 = CARTESIAN_POINT('',(0.,0.145237865863,-0.208229866098));
#4199 = CARTESIAN_POINT('',(0.,8.19200193734E-03,-0.174018674646));
#4200 = CARTESIAN_POINT('',(0.,-0.130941616841,-0.175021415291));
#4201 = CARTESIAN_POINT('',(-5.30269489849E-02,0.280188204787,
    -0.277654989647));
#4202 = CARTESIAN_POINT('',(-7.547292692744E-02,0.14543458191,
    -0.208229866098));
#4203 = CARTESIAN_POINT('',(-8.653381683975E-02,8.388429899514E-03,
    -0.174018674646));
#4204 = CARTESIAN_POINT('',(-8.620961872184E-02,-0.130950251243,
    -0.175021415291));
#4205 = CARTESIAN_POINT('',(-8.965273026787E-02,0.280171063174,
    -0.277654989647));
#4206 = CARTESIAN_POINT('',(-0.127602173798,0.145868554259,
    -0.208229866098));
#4207 = CARTESIAN_POINT('',(-0.146302834478,8.821766710846E-03,
    -0.174018674646));
#4208 = CARTESIAN_POINT('',(-0.145754712306,-0.13096929947,
    -0.175021415291));
#4209 = CARTESIAN_POINT('',(-0.109877343849,0.280158086262,
    -0.277654989647));
#4210 = CARTESIAN_POINT('',(-0.156387740612,0.146197089323,
    -0.208229866098));
#4211 = CARTESIAN_POINT('',(-0.179307052913,9.149820647092E-03,
    -0.174018674646));
#4212 = CARTESIAN_POINT('',(-0.178635280753,-0.130983719767,
    -0.175021415291));
#4213 = ADVANCED_FACE('',(#4214),#4239,.F.);
#4214 = FACE_BOUND('',#4215,.F.);
#4215 = EDGE_LOOP('',(#4216,#4217,#4225,#4233));
#4216 = ORIENTED_EDGE('',*,*,#4179,.T.);
#4217 = ORIENTED_EDGE('',*,*,#4218,.T.);
#4218 = EDGE_CURVE('',#4161,#4219,#4221,.T.);
#4219 = VERTEX_POINT('',#4220);
#4220 = CARTESIAN_POINT('',(-0.1,0.275,-0.675));
#4221 = LINE('',#4222,#4223);
#4222 = CARTESIAN_POINT('',(-0.1,0.275,-0.275));
#4223 = VECTOR('',#4224,1.);
#4224 = DIRECTION('',(0.,0.,-1.));
#4225 = ORIENTED_EDGE('',*,*,#4226,.T.);
#4226 = EDGE_CURVE('',#4219,#4227,#4229,.T.);
#4227 = VERTEX_POINT('',#4228);
#4228 = CARTESIAN_POINT('',(0.1,0.275,-0.675));
#4229 = LINE('',#4230,#4231);
#4230 = CARTESIAN_POINT('',(-0.1,0.275,-0.675));
#4231 = VECTOR('',#4232,1.);
#4232 = DIRECTION('',(1.,0.,0.));
#4233 = ORIENTED_EDGE('',*,*,#4234,.T.);
#4234 = EDGE_CURVE('',#4227,#4171,#4235,.T.);
#4235 = LINE('',#4236,#4237);
#4236 = CARTESIAN_POINT('',(0.1,0.275,-0.675));
#4237 = VECTOR('',#4238,1.);
#4238 = DIRECTION('',(0.,0.,1.));
#4239 = PLANE('',#4240);
#4240 = AXIS2_PLACEMENT_3D('',#4241,#4242,#4243);
#4241 = CARTESIAN_POINT('',(0.,0.275,-0.475));
#4242 = DIRECTION('',(0.,-1.,0.));
#4243 = DIRECTION('',(0.,0.,-1.));
#4244 = ADVANCED_FACE('',(#4245),#4257,.T.);
#4245 = FACE_BOUND('',#4246,.T.);
#4246 = EDGE_LOOP('',(#4247,#4254,#4255,#4256));
#4247 = ORIENTED_EDGE('',*,*,#4248,.T.);
#4248 = EDGE_CURVE('',#4219,#3975,#4249,.T.);
#4249 = B_SPLINE_CURVE_WITH_KNOTS('',3,(#4250,#4251,#4252,#4253),
  .UNSPECIFIED.,.F.,.F.,(4,4),(0.,1.),.PIECEWISE_BEZIER_KNOTS.);
#4250 = CARTESIAN_POINT('',(-0.1,0.275,-0.675));
#4251 = CARTESIAN_POINT('',(-0.14,0.144413919445,-0.741666666667));
#4252 = CARTESIAN_POINT('',(-0.16,1.108058611148E-02,-0.775));
#4253 = CARTESIAN_POINT('',(-0.16,-0.125,-0.775));
#4254 = ORIENTED_EDGE('',*,*,#3982,.F.);
#4255 = ORIENTED_EDGE('',*,*,#4160,.F.);
#4256 = ORIENTED_EDGE('',*,*,#4218,.T.);
#4257 = B_SPLINE_SURFACE_WITH_KNOTS('',3,3,(
    (#4258,#4259,#4260,#4261)
    ,(#4262,#4263,#4264,#4265)
    ,(#4266,#4267,#4268,#4269)
    ,(#4270,#4271,#4272,#4273)
    ,(#4274,#4275,#4276,#4277)
    ,(#4278,#4279,#4280,#4281)
    ,(#4282,#4283,#4284,#4285
    )),.UNSPECIFIED.,.F.,.F.,.F.,(4,1,1,1,4),(4,4),(-2.914004317087E-02,
    0.25,0.5,0.75,1.029140043171),(-5.275194695766E-03,0.405796145351),
  .UNSPECIFIED.);
#4258 = CARTESIAN_POINT('',(-9.840700621162E-02,0.280155611579,
    -0.266153705405));
#4259 = CARTESIAN_POINT('',(-0.140056260554,0.146278447688,
    -0.192692744602));
#4260 = CARTESIAN_POINT('',(-0.160583059071,9.250674906567E-03,
    -0.156487574424));
#4261 = CARTESIAN_POINT('',(-0.159987401762,-0.130927706766,
    -0.157538194871));
#4262 = CARTESIAN_POINT('',(-9.840700621162E-02,0.280186619119,
    -0.302878301878));
#4263 = CARTESIAN_POINT('',(-0.140056260554,0.145493547206,
    -0.242335090691));
#4264 = CARTESIAN_POINT('',(-0.160583059071,8.466809736288E-03,
    -0.212496422096));
#4265 = CARTESIAN_POINT('',(-0.159987401762,-0.13089359329,
    -0.213362296091));
#4266 = CARTESIAN_POINT('',(-9.840700621162E-02,0.280230738598,
    -0.372493733409));
#4267 = CARTESIAN_POINT('',(-0.140056260554,0.144376741381,
    -0.336437509158));
#4268 = CARTESIAN_POINT('',(-0.160583059071,7.3514770189E-03,
    -0.318667230621));
#4269 = CARTESIAN_POINT('',(-0.159987401762,-0.130845054488,
    -0.319182897801));
#4270 = CARTESIAN_POINT('',(-9.840700621162E-02,0.280252298705,-0.475));
#4271 = CARTESIAN_POINT('',(-0.140056260554,0.143830985783,-0.475));
#4272 = CARTESIAN_POINT('',(-0.160583059071,6.806441291708E-03,-0.475));
#4273 = CARTESIAN_POINT('',(-0.159987401762,-0.130821334767,-0.475));
#4274 = CARTESIAN_POINT('',(-9.840700621162E-02,0.280230738598,
    -0.57750626659));
#4275 = CARTESIAN_POINT('',(-0.140056260554,0.144376741381,
    -0.613562490842));
#4276 = CARTESIAN_POINT('',(-0.160583059071,7.3514770189E-03,
    -0.631332769379));
#4277 = CARTESIAN_POINT('',(-0.159987401762,-0.130845054488,
    -0.630817102199));
#4278 = CARTESIAN_POINT('',(-9.840700621162E-02,0.280186619119,
    -0.647121698122));
#4279 = CARTESIAN_POINT('',(-0.140056260554,0.145493547206,
    -0.707664909309));
#4280 = CARTESIAN_POINT('',(-0.160583059071,8.466809736288E-03,
    -0.737503577904));
#4281 = CARTESIAN_POINT('',(-0.159987401762,-0.13089359329,
    -0.736637703909));
#4282 = CARTESIAN_POINT('',(-9.840700621162E-02,0.280155611579,
    -0.683846294595));
#4283 = CARTESIAN_POINT('',(-0.140056260554,0.146278447688,
    -0.757307255398));
#4284 = CARTESIAN_POINT('',(-0.160583059071,9.250674906567E-03,
    -0.793512425576));
#4285 = CARTESIAN_POINT('',(-0.159987401762,-0.130927706766,
    -0.792461805129));
#4286 = ADVANCED_FACE('',(#4287),#4299,.T.);
#4287 = FACE_BOUND('',#4288,.T.);
#4288 = EDGE_LOOP('',(#4289,#4296,#4297,#4298));
#4289 = ORIENTED_EDGE('',*,*,#4290,.T.);
#4290 = EDGE_CURVE('',#4227,#4049,#4291,.T.);
#4291 = B_SPLINE_CURVE_WITH_KNOTS('',3,(#4292,#4293,#4294,#4295),
  .UNSPECIFIED.,.F.,.F.,(4,4),(0.,1.),.PIECEWISE_BEZIER_KNOTS.);
#4292 = CARTESIAN_POINT('',(0.1,0.275,-0.675));
#4293 = CARTESIAN_POINT('',(0.14,0.144413919445,-0.741666666667));
#4294 = CARTESIAN_POINT('',(0.16,1.108058611148E-02,-0.775));
#4295 = CARTESIAN_POINT('',(0.16,-0.125,-0.775));
#4296 = ORIENTED_EDGE('',*,*,#4056,.F.);
#4297 = ORIENTED_EDGE('',*,*,#4248,.F.);
#4298 = ORIENTED_EDGE('',*,*,#4226,.T.);
#4299 = B_SPLINE_SURFACE_WITH_KNOTS('',3,3,(
    (#4300,#4301,#4302,#4303)
    ,(#4304,#4305,#4306,#4307)
    ,(#4308,#4309,#4310,#4311)
    ,(#4312,#4313,#4314,#4315)
    ,(#4316,#4317,#4318,#4319)
    ,(#4320,#4321,#4322,#4323)
    ,(#4324,#4325,#4326,#4327
    )),.UNSPECIFIED.,.F.,.F.,.F.,(4,1,1,1,4),(4,4),(-5.828008634173E-02,
    0.25,0.5,0.75,1.058280086342),(-5.275194695766E-03,0.405853585693),
  .UNSPECIFIED.);
#4300 = CARTESIAN_POINT('',(-0.109877343849,0.280158086262,
    -0.672345010353));
#4301 = CARTESIAN_POINT('',(-0.156387740612,0.146197089323,
    -0.741770133902));
#4302 = CARTESIAN_POINT('',(-0.179307052913,9.149820647092E-03,
    -0.775981325354));
#4303 = CARTESIAN_POINT('',(-0.178635280753,-0.130983719767,
    -0.774978584709));
#4304 = CARTESIAN_POINT('',(-8.965273026787E-02,0.280171063174,
    -0.672345010353));
#4305 = CARTESIAN_POINT('',(-0.127602173798,0.145868554259,
    -0.741770133902));
#4306 = CARTESIAN_POINT('',(-0.146302834478,8.821766710846E-03,
    -0.775981325354));
#4307 = CARTESIAN_POINT('',(-0.145754712306,-0.13096929947,
    -0.774978584709));
#4308 = CARTESIAN_POINT('',(-5.30269489849E-02,0.280188204787,
    -0.672345010353));
#4309 = CARTESIAN_POINT('',(-7.547292692744E-02,0.14543458191,
    -0.741770133902));
#4310 = CARTESIAN_POINT('',(-8.653381683975E-02,8.388429899514E-03,
    -0.775981325354));
#4311 = CARTESIAN_POINT('',(-8.620961872184E-02,-0.130950251243,
    -0.774978584709));
#4312 = CARTESIAN_POINT('',(0.,0.280195974937,-0.672345010353));
#4313 = CARTESIAN_POINT('',(0.,0.145237865863,-0.741770133902));
#4314 = CARTESIAN_POINT('',(0.,8.19200193734E-03,-0.775981325354));
#4315 = CARTESIAN_POINT('',(0.,-0.130941616841,-0.774978584709));
#4316 = CARTESIAN_POINT('',(5.30269489849E-02,0.280188204787,
    -0.672345010353));
#4317 = CARTESIAN_POINT('',(7.547292692744E-02,0.14543458191,
    -0.741770133902));
#4318 = CARTESIAN_POINT('',(8.653381683975E-02,8.388429899514E-03,
    -0.775981325354));
#4319 = CARTESIAN_POINT('',(8.620961872184E-02,-0.130950251243,
    -0.774978584709));
#4320 = CARTESIAN_POINT('',(8.965273026787E-02,0.280171063174,
    -0.672345010353));
#4321 = CARTESIAN_POINT('',(0.127602173798,0.145868554259,
    -0.741770133902));
#4322 = CARTESIAN_POINT('',(0.146302834478,8.821766710846E-03,
    -0.775981325354));
#4323 = CARTESIAN_POINT('',(0.145754712306,-0.13096929947,
    -0.774978584709));
#4324 = CARTESIAN_POINT('',(0.109877343849,0.280158086262,
    -0.672345010353));
#4325 = CARTESIAN_POINT('',(0.156387740612,0.146197089323,
    -0.741770133902));
#4326 = CARTESIAN_POINT('',(0.179307052913,9.149820647092E-03,
    -0.775981325354));
#4327 = CARTESIAN_POINT('',(0.178635280753,-0.130983719767,
    -0.774978584709));
#4328 = ADVANCED_FACE('',(#4329),#4335,.T.);
#4329 = FACE_BOUND('',#4330,.T.);
#4330 = EDGE_LOOP('',(#4331,#4332,#4333,#4334));
#4331 = ORIENTED_EDGE('',*,*,#4170,.T.);
#4332 = ORIENTED_EDGE('',*,*,#4080,.F.);
#4333 = ORIENTED_EDGE('',*,*,#4290,.F.);
#4334 = ORIENTED_EDGE('',*,*,#4234,.T.);
#4335 = B_SPLINE_SURFACE_WITH_KNOTS('',3,3,(
    (#4336,#4337,#4338,#4339)
    ,(#4340,#4341,#4342,#4343)
    ,(#4344,#4345,#4346,#4347)
    ,(#4348,#4349,#4350,#4351)
    ,(#4352,#4353,#4354,#4355)
    ,(#4356,#4357,#4358,#4359)
    ,(#4360,#4361,#4362,#4363
    )),.UNSPECIFIED.,.F.,.F.,.F.,(4,1,1,1,4),(4,4),(-2.914004317087E-02,
    0.25,0.5,0.75,1.029140043171),(-5.275194695766E-03,0.405796145351),
  .UNSPECIFIED.);
#4336 = CARTESIAN_POINT('',(9.840700621162E-02,0.280155611579,
    -0.683846294595));
#4337 = CARTESIAN_POINT('',(0.140056260554,0.146278447688,
    -0.757307255398));
#4338 = CARTESIAN_POINT('',(0.160583059071,9.250674906567E-03,
    -0.793512425576));
#4339 = CARTESIAN_POINT('',(0.159987401762,-0.130927706766,
    -0.792461805129));
#4340 = CARTESIAN_POINT('',(9.840700621162E-02,0.280186619119,
    -0.647121698122));
#4341 = CARTESIAN_POINT('',(0.140056260554,0.145493547206,
    -0.707664909309));
#4342 = CARTESIAN_POINT('',(0.160583059071,8.466809736288E-03,
    -0.737503577904));
#4343 = CARTESIAN_POINT('',(0.159987401762,-0.13089359329,
    -0.736637703909));
#4344 = CARTESIAN_POINT('',(9.840700621162E-02,0.280230738598,
    -0.57750626659));
#4345 = CARTESIAN_POINT('',(0.140056260554,0.144376741381,
    -0.613562490842));
#4346 = CARTESIAN_POINT('',(0.160583059071,7.3514770189E-03,
    -0.631332769379));
#4347 = CARTESIAN_POINT('',(0.159987401762,-0.130845054488,
    -0.630817102199));
#4348 = CARTESIAN_POINT('',(9.840700621162E-02,0.280252298705,-0.475));
#4349 = CARTESIAN_POINT('',(0.140056260554,0.143830985783,-0.475));
#4350 = CARTESIAN_POINT('',(0.160583059071,6.806441291708E-03,-0.475));
#4351 = CARTESIAN_POINT('',(0.159987401762,-0.130821334767,-0.475));
#4352 = CARTESIAN_POINT('',(9.840700621162E-02,0.280230738598,
    -0.372493733409));
#4353 = CARTESIAN_POINT('',(0.140056260554,0.144376741381,
    -0.336437509158));
#4354 = CARTESIAN_POINT('',(0.160583059071,7.3514770189E-03,
    -0.318667230621));
#4355 = CARTESIAN_POINT('',(0.159987401762,-0.130845054488,
    -0.319182897801));
#4356 = CARTESIAN_POINT('',(9.840700621162E-02,0.280186619119,
    -0.302878301878));
#4357 = CARTESIAN_POINT('',(0.140056260554,0.145493547206,
    -0.242335090691));
#4358 = CARTESIAN_POINT('',(0.160583059071,8.466809736288E-03,
    -0.212496422096));
#4359 = CARTESIAN_POINT('',(0.159987401762,-0.13089359329,
    -0.213362296091));
#4360 = CARTESIAN_POINT('',(9.840700621162E-02,0.280155611579,
    -0.266153705405));
#4361 = CARTESIAN_POINT('',(0.140056260554,0.146278447688,
    -0.192692744602));
#4362 = CARTESIAN_POINT('',(0.160583059071,9.250674906567E-03,
    -0.156487574424));
#4363 = CARTESIAN_POINT('',(0.159987401762,-0.130927706766,
    -0.157538194871));
#4364 = ADVANCED_FACE('',(#4365),#4376,.F.);
#4365 = FACE_BOUND('',#4366,.F.);
#4366 = EDGE_LOOP('',(#4367,#4368,#4369,#4375));
#4367 = ORIENTED_EDGE('',*,*,#4095,.T.);
#4368 = ORIENTED_EDGE('',*,*,#2207,.T.);
#4369 = ORIENTED_EDGE('',*,*,#4370,.F.);
#4370 = EDGE_CURVE('',#3520,#2200,#4371,.T.);
#4371 = LINE('',#4372,#4373);
#4372 = CARTESIAN_POINT('',(0.225,-3.675,-1.6));
#4373 = VECTOR('',#4374,1.);
#4374 = DIRECTION('',(0.,0.,1.));
#4375 = ORIENTED_EDGE('',*,*,#3519,.F.);
#4376 = PLANE('',#4377);
#4377 = AXIS2_PLACEMENT_3D('',#4378,#4379,#4380);
#4378 = CARTESIAN_POINT('',(0.15,-3.325,-1.6));
#4379 = DIRECTION('',(0.977802414077,0.209529088731,0.));
#4380 = DIRECTION('',(0.209529088731,-0.977802414077,0.));
#4381 = ADVANCED_FACE('',(#4382),#4388,.F.);
#4382 = FACE_BOUND('',#4383,.F.);
#4383 = EDGE_LOOP('',(#4384,#4385,#4386,#4387));
#4384 = ORIENTED_EDGE('',*,*,#2199,.T.);
#4385 = ORIENTED_EDGE('',*,*,#2930,.F.);
#4386 = ORIENTED_EDGE('',*,*,#3527,.F.);
#4387 = ORIENTED_EDGE('',*,*,#4370,.T.);
#4388 = PLANE('',#4389);
#4389 = AXIS2_PLACEMENT_3D('',#4390,#4391,#4392);
#4390 = CARTESIAN_POINT('',(0.225,-3.675,-1.6));
#4391 = DIRECTION('',(0.832050294338,0.554700196225,0.));
#4392 = DIRECTION('',(0.554700196225,-0.832050294338,0.));
#4393 = ADVANCED_FACE('',(#4394),#4405,.T.);
#4394 = FACE_BOUND('',#4395,.F.);
#4395 = EDGE_LOOP('',(#4396,#4397,#4398,#4404));
#4396 = ORIENTED_EDGE('',*,*,#3503,.F.);
#4397 = ORIENTED_EDGE('',*,*,#4032,.T.);
#4398 = ORIENTED_EDGE('',*,*,#4399,.T.);
#4399 = EDGE_CURVE('',#4025,#4103,#4400,.T.);
#4400 = LINE('',#4401,#4402);
#4401 = CARTESIAN_POINT('',(-0.16,-3.3,-3.6));
#4402 = VECTOR('',#4403,1.);
#4403 = DIRECTION('',(1.,0.,0.));
#4404 = ORIENTED_EDGE('',*,*,#4102,.F.);
#4405 = PLANE('',#4406);
#4406 = AXIS2_PLACEMENT_3D('',#4407,#4408,#4409);
#4407 = CARTESIAN_POINT('',(0.,-3.3,-2.4375));
#4408 = DIRECTION('',(0.,1.,0.));
#4409 = DIRECTION('',(1.,0.,0.));
#4410 = ADVANCED_FACE('',(#4411),#4438,.T.);
#4411 = FACE_BOUND('',#4412,.T.);
#4412 = EDGE_LOOP('',(#4413,#4422,#4430,#4437));
#4413 = ORIENTED_EDGE('',*,*,#4414,.T.);
#4414 = EDGE_CURVE('',#4103,#4415,#4417,.T.);
#4415 = VERTEX_POINT('',#4416);
#4416 = CARTESIAN_POINT('',(0.1,-3.35,-4.2));
#4417 = B_SPLINE_CURVE_WITH_KNOTS('',3,(#4418,#4419,#4420,#4421),
  .UNSPECIFIED.,.F.,.F.,(4,4),(0.,1.),.PIECEWISE_BEZIER_KNOTS.);
#4418 = CARTESIAN_POINT('',(0.16,-3.3,-3.6));
#4419 = CARTESIAN_POINT('',(0.16,-3.3,-3.80084189143));
#4420 = CARTESIAN_POINT('',(0.14,-3.316666666667,-4.00084189143));
#4421 = CARTESIAN_POINT('',(0.1,-3.35,-4.2));
#4422 = ORIENTED_EDGE('',*,*,#4423,.F.);
#4423 = EDGE_CURVE('',#4424,#4415,#4426,.T.);
#4424 = VERTEX_POINT('',#4425);
#4425 = CARTESIAN_POINT('',(-0.1,-3.35,-4.2));
#4426 = LINE('',#4427,#4428);
#4427 = CARTESIAN_POINT('',(-0.1,-3.35,-4.2));
#4428 = VECTOR('',#4429,1.);
#4429 = DIRECTION('',(1.,0.,0.));
#4430 = ORIENTED_EDGE('',*,*,#4431,.F.);
#4431 = EDGE_CURVE('',#4025,#4424,#4432,.T.);
#4432 = B_SPLINE_CURVE_WITH_KNOTS('',3,(#4433,#4434,#4435,#4436),
  .UNSPECIFIED.,.F.,.F.,(4,4),(0.,1.),.PIECEWISE_BEZIER_KNOTS.);
#4433 = CARTESIAN_POINT('',(-0.16,-3.3,-3.6));
#4434 = CARTESIAN_POINT('',(-0.16,-3.3,-3.80084189143));
#4435 = CARTESIAN_POINT('',(-0.14,-3.316666666667,-4.00084189143));
#4436 = CARTESIAN_POINT('',(-0.1,-3.35,-4.2));
#4437 = ORIENTED_EDGE('',*,*,#4399,.T.);
#4438 = B_SPLINE_SURFACE_WITH_KNOTS('',3,3,(
    (#4439,#4440,#4441,#4442)
    ,(#4443,#4444,#4445,#4446)
    ,(#4447,#4448,#4449,#4450)
    ,(#4451,#4452,#4453,#4454)
    ,(#4455,#4456,#4457,#4458)
    ,(#4459,#4460,#4461,#4462)
    ,(#4463,#4464,#4465,#4466
    )),.UNSPECIFIED.,.F.,.F.,.F.,(4,1,1,1,4),(4,4),(-5.828008634173E-02,
    0.25,0.5,0.75,1.058280086342),(6.525619898435,7.137533446306),
  .UNSPECIFIED.);
#4439 = CARTESIAN_POINT('',(-0.178642889887,-3.300005028646,
    -3.593953550986));
#4440 = CARTESIAN_POINT('',(-0.17909968502,-3.299664104242,
    -3.798927334633));
#4441 = CARTESIAN_POINT('',(-0.156329659589,-3.316658281231,
    -4.002898715109));
#4442 = CARTESIAN_POINT('',(-0.110332813593,-3.350987559611,
    -4.205867692413));
#4443 = CARTESIAN_POINT('',(-0.145760920862,-3.300005028646,
    -3.593960436432));
#4444 = CARTESIAN_POINT('',(-0.146133635831,-3.299664104242,
    -3.798698498161));
#4445 = CARTESIAN_POINT('',(-0.12755478348,-3.316658281231,
    -4.002669832119));
#4446 = CARTESIAN_POINT('',(-9.002436380634E-02,-3.350987559611,
    -4.205874438308));
#4447 = CARTESIAN_POINT('',(-8.621329089964E-02,-3.300005028646,
    -3.593969495132));
#4448 = CARTESIAN_POINT('',(-8.643374082481E-02,-3.299664104242,
    -3.798397434019));
#4449 = CARTESIAN_POINT('',(-7.544489695007E-02,-3.316658281231,
    -4.002368706778));
#4450 = CARTESIAN_POINT('',(-5.324675927542E-02,-3.350987559611,
    -4.20588331341));
#4451 = CARTESIAN_POINT('',(0.,-3.300005028646,-3.593973575053));
#4452 = CARTESIAN_POINT('',(0.,-3.299664104242,-3.798261838625));
#4453 = CARTESIAN_POINT('',(0.,-3.316658281231,-4.002233083821));
#4454 = CARTESIAN_POINT('',(0.,-3.350987559611,-4.205887310641));
#4455 = CARTESIAN_POINT('',(8.621329089964E-02,-3.300005028646,
    -3.593969495132));
#4456 = CARTESIAN_POINT('',(8.643374082481E-02,-3.299664104242,
    -3.798397434019));
#4457 = CARTESIAN_POINT('',(7.544489695007E-02,-3.316658281231,
    -4.002368706778));
#4458 = CARTESIAN_POINT('',(5.324675927542E-02,-3.350987559611,
    -4.20588331341));
#4459 = CARTESIAN_POINT('',(0.145760920862,-3.300005028646,
    -3.593960436432));
#4460 = CARTESIAN_POINT('',(0.146133635831,-3.299664104242,
    -3.798698498161));
#4461 = CARTESIAN_POINT('',(0.12755478348,-3.316658281231,
    -4.002669832119));
#4462 = CARTESIAN_POINT('',(9.002436380634E-02,-3.350987559611,
    -4.205874438308));
#4463 = CARTESIAN_POINT('',(0.178642889887,-3.300005028646,
    -3.593953550986));
#4464 = CARTESIAN_POINT('',(0.17909968502,-3.299664104242,
    -3.798927334633));
#4465 = CARTESIAN_POINT('',(0.156329659589,-3.316658281231,
    -4.002898715109));
#4466 = CARTESIAN_POINT('',(0.110332813593,-3.350987559611,
    -4.205867692413));
#4467 = ADVANCED_FACE('',(#4468),#4487,.T.);
#4468 = FACE_BOUND('',#4469,.T.);
#4469 = EDGE_LOOP('',(#4470,#4471,#4479,#4486));
#4470 = ORIENTED_EDGE('',*,*,#4431,.T.);
#4471 = ORIENTED_EDGE('',*,*,#4472,.F.);
#4472 = EDGE_CURVE('',#4473,#4424,#4475,.T.);
#4473 = VERTEX_POINT('',#4474);
#4474 = CARTESIAN_POINT('',(-0.1,-3.6,-4.2));
#4475 = LINE('',#4476,#4477);
#4476 = CARTESIAN_POINT('',(-0.1,-3.6,-4.2));
#4477 = VECTOR('',#4478,1.);
#4478 = DIRECTION('',(0.,1.,0.));
#4479 = ORIENTED_EDGE('',*,*,#4480,.F.);
#4480 = EDGE_CURVE('',#4017,#4473,#4481,.T.);
#4481 = B_SPLINE_CURVE_WITH_KNOTS('',3,(#4482,#4483,#4484,#4485),
  .UNSPECIFIED.,.F.,.F.,(4,4),(0.,1.),.PIECEWISE_BEZIER_KNOTS.);
#4482 = CARTESIAN_POINT('',(-0.16,-3.65,-3.6));
#4483 = CARTESIAN_POINT('',(-0.16,-3.65,-3.80084189143));
#4484 = CARTESIAN_POINT('',(-0.14,-3.633333333333,-4.00084189143));
#4485 = CARTESIAN_POINT('',(-0.1,-3.6,-4.2));
#4486 = ORIENTED_EDGE('',*,*,#4024,.T.);
#4487 = B_SPLINE_SURFACE_WITH_KNOTS('',3,3,(
    (#4488,#4489,#4490,#4491)
    ,(#4492,#4493,#4494,#4495)
    ,(#4496,#4497,#4498,#4499)
    ,(#4500,#4501,#4502,#4503)
    ,(#4504,#4505,#4506,#4507)
    ,(#4508,#4509,#4510,#4511)
    ,(#4512,#4513,#4514,#4515
    )),.UNSPECIFIED.,.F.,.F.,.F.,(4,1,1,1,4),(4,4),(-4.662406907339E-02,
    0.25,0.5,0.75,1.046624069073),(6.525612405478,7.137533446306),
  .UNSPECIFIED.);
#4488 = CARTESIAN_POINT('',(-0.159993950587,-3.666312912918,
    -3.593947691849));
#4489 = CARTESIAN_POINT('',(-0.160403574336,-3.666686096585,
    -3.798866885296));
#4490 = CARTESIAN_POINT('',(-0.140010566963,-3.6481072488,
    -4.002840763729));
#4491 = CARTESIAN_POINT('',(-9.881492846696E-02,-3.610576369562,
    -4.205869327148));
#4492 = CARTESIAN_POINT('',(-0.159993950587,-3.631707768415,
    -3.593952202938));
#4493 = CARTESIAN_POINT('',(-0.160403574336,-3.632013449715,
    -3.798717148428));
#4494 = CARTESIAN_POINT('',(-0.140010566963,-3.616795189056,
    -4.002690994534));
#4495 = CARTESIAN_POINT('',(-9.881492846696E-02,-3.58605298644,
    -4.205873741257));
#4496 = CARTESIAN_POINT('',(-0.159993950587,-3.567936797443,
    -3.593958274814));
#4497 = CARTESIAN_POINT('',(-0.160403574336,-3.568118084186,
    -3.798515604259));
#4498 = CARTESIAN_POINT('',(-0.140010566963,-3.559092772789,
    -4.002489406854));
#4499 = CARTESIAN_POINT('',(-9.881492846696E-02,-3.540860863252,
    -4.205879682599));
#4500 = CARTESIAN_POINT('',(-0.159993950587,-3.475,-3.593961062832));
#4501 = CARTESIAN_POINT('',(-0.160403574336,-3.475,-3.798423061403));
#4502 = CARTESIAN_POINT('',(-0.140010566963,-3.475,-4.002396844018));
#4503 = CARTESIAN_POINT('',(-9.881492846696E-02,-3.475,-4.20588241068));
#4504 = CARTESIAN_POINT('',(-0.159993950587,-3.382063202557,
    -3.593958274814));
#4505 = CARTESIAN_POINT('',(-0.160403574336,-3.381881915814,
    -3.798515604259));
#4506 = CARTESIAN_POINT('',(-0.140010566963,-3.390907227211,
    -4.002489406854));
#4507 = CARTESIAN_POINT('',(-9.881492846696E-02,-3.409139136748,
    -4.205879682599));
#4508 = CARTESIAN_POINT('',(-0.159993950587,-3.318292231585,
    -3.593952202938));
#4509 = CARTESIAN_POINT('',(-0.160403574336,-3.317986550285,
    -3.798717148428));
#4510 = CARTESIAN_POINT('',(-0.140010566963,-3.333204810944,
    -4.002690994534));
#4511 = CARTESIAN_POINT('',(-9.881492846696E-02,-3.36394701356,
    -4.205873741257));
#4512 = CARTESIAN_POINT('',(-0.159993950587,-3.283687087082,
    -3.593947691849));
#4513 = CARTESIAN_POINT('',(-0.160403574336,-3.283313903415,
    -3.798866885296));
#4514 = CARTESIAN_POINT('',(-0.140010566963,-3.3018927512,
    -4.002840763729));
#4515 = CARTESIAN_POINT('',(-9.881492846696E-02,-3.339423630438,
    -4.205869327148));
#4516 = ADVANCED_FACE('',(#4517),#4541,.T.);
#4517 = FACE_BOUND('',#4518,.T.);
#4518 = EDGE_LOOP('',(#4519,#4520,#4528,#4535));
#4519 = ORIENTED_EDGE('',*,*,#4480,.T.);
#4520 = ORIENTED_EDGE('',*,*,#4521,.F.);
#4521 = EDGE_CURVE('',#4522,#4473,#4524,.T.);
#4522 = VERTEX_POINT('',#4523);
#4523 = CARTESIAN_POINT('',(0.1,-3.6,-4.2));
#4524 = LINE('',#4525,#4526);
#4525 = CARTESIAN_POINT('',(0.1,-3.6,-4.2));
#4526 = VECTOR('',#4527,1.);
#4527 = DIRECTION('',(-1.,0.,0.));
#4528 = ORIENTED_EDGE('',*,*,#4529,.F.);
#4529 = EDGE_CURVE('',#4111,#4522,#4530,.T.);
#4530 = B_SPLINE_CURVE_WITH_KNOTS('',3,(#4531,#4532,#4533,#4534),
  .UNSPECIFIED.,.F.,.F.,(4,4),(0.,1.),.PIECEWISE_BEZIER_KNOTS.);
#4531 = CARTESIAN_POINT('',(0.16,-3.65,-3.6));
#4532 = CARTESIAN_POINT('',(0.16,-3.65,-3.80084189143));
#4533 = CARTESIAN_POINT('',(0.14,-3.633333333333,-4.00084189143));
#4534 = CARTESIAN_POINT('',(0.1,-3.6,-4.2));
#4535 = ORIENTED_EDGE('',*,*,#4536,.T.);
#4536 = EDGE_CURVE('',#4111,#4017,#4537,.T.);
#4537 = LINE('',#4538,#4539);
#4538 = CARTESIAN_POINT('',(0.16,-3.65,-3.6));
#4539 = VECTOR('',#4540,1.);
#4540 = DIRECTION('',(-1.,0.,0.));
#4541 = B_SPLINE_SURFACE_WITH_KNOTS('',3,3,(
    (#4542,#4543,#4544,#4545)
    ,(#4546,#4547,#4548,#4549)
    ,(#4550,#4551,#4552,#4553)
    ,(#4554,#4555,#4556,#4557)
    ,(#4558,#4559,#4560,#4561)
    ,(#4562,#4563,#4564,#4565)
    ,(#4566,#4567,#4568,#4569
    )),.UNSPECIFIED.,.F.,.F.,.F.,(4,1,1,1,4),(4,4),(-5.828008634173E-02,
    0.25,0.5,0.75,1.058280086342),(6.525619898435,7.137533446306),
  .UNSPECIFIED.);
#4542 = CARTESIAN_POINT('',(0.178642889887,-3.649994971354,
    -3.593953550986));
#4543 = CARTESIAN_POINT('',(0.17909968502,-3.650335895758,
    -3.798927334633));
#4544 = CARTESIAN_POINT('',(0.156329659589,-3.633341718769,
    -4.002898715109));
#4545 = CARTESIAN_POINT('',(0.110332813593,-3.599012440389,
    -4.205867692413));
#4546 = CARTESIAN_POINT('',(0.145760920862,-3.649994971354,
    -3.593960436432));
#4547 = CARTESIAN_POINT('',(0.146133635831,-3.650335895758,
    -3.798698498161));
#4548 = CARTESIAN_POINT('',(0.12755478348,-3.633341718769,
    -4.002669832119));
#4549 = CARTESIAN_POINT('',(9.002436380634E-02,-3.599012440389,
    -4.205874438308));
#4550 = CARTESIAN_POINT('',(8.621329089964E-02,-3.649994971354,
    -3.593969495132));
#4551 = CARTESIAN_POINT('',(8.643374082481E-02,-3.650335895758,
    -3.798397434019));
#4552 = CARTESIAN_POINT('',(7.544489695007E-02,-3.633341718769,
    -4.002368706778));
#4553 = CARTESIAN_POINT('',(5.324675927542E-02,-3.599012440389,
    -4.20588331341));
#4554 = CARTESIAN_POINT('',(0.,-3.649994971354,-3.593973575053));
#4555 = CARTESIAN_POINT('',(0.,-3.650335895758,-3.798261838625));
#4556 = CARTESIAN_POINT('',(0.,-3.633341718769,-4.002233083821));
#4557 = CARTESIAN_POINT('',(0.,-3.599012440389,-4.205887310641));
#4558 = CARTESIAN_POINT('',(-8.621329089964E-02,-3.649994971354,
    -3.593969495132));
#4559 = CARTESIAN_POINT('',(-8.643374082481E-02,-3.650335895758,
    -3.798397434019));
#4560 = CARTESIAN_POINT('',(-7.544489695007E-02,-3.633341718769,
    -4.002368706778));
#4561 = CARTESIAN_POINT('',(-5.324675927542E-02,-3.599012440389,
    -4.20588331341));
#4562 = CARTESIAN_POINT('',(-0.145760920862,-3.649994971354,
    -3.593960436432));
#4563 = CARTESIAN_POINT('',(-0.146133635831,-3.650335895758,
    -3.798698498161));
#4564 = CARTESIAN_POINT('',(-0.12755478348,-3.633341718769,
    -4.002669832119));
#4565 = CARTESIAN_POINT('',(-9.002436380634E-02,-3.599012440389,
    -4.205874438308));
#4566 = CARTESIAN_POINT('',(-0.178642889887,-3.649994971354,
    -3.593953550986));
#4567 = CARTESIAN_POINT('',(-0.17909968502,-3.650335895758,
    -3.798927334633));
#4568 = CARTESIAN_POINT('',(-0.156329659589,-3.633341718769,
    -4.002898715109));
#4569 = CARTESIAN_POINT('',(-0.110332813593,-3.599012440389,
    -4.205867692413));
#4570 = ADVANCED_FACE('',(#4571),#4582,.F.);
#4571 = FACE_BOUND('',#4572,.F.);
#4572 = EDGE_LOOP('',(#4573,#4579,#4580,#4581));
#4573 = ORIENTED_EDGE('',*,*,#4574,.F.);
#4574 = EDGE_CURVE('',#4119,#4008,#4575,.T.);
#4575 = LINE('',#4576,#4577);
#4576 = CARTESIAN_POINT('',(0.16,-3.65,-1.275));
#4577 = VECTOR('',#4578,1.);
#4578 = DIRECTION('',(-1.,0.,0.));
#4579 = ORIENTED_EDGE('',*,*,#4118,.T.);
#4580 = ORIENTED_EDGE('',*,*,#4536,.T.);
#4581 = ORIENTED_EDGE('',*,*,#4016,.F.);
#4582 = PLANE('',#4583);
#4583 = AXIS2_PLACEMENT_3D('',#4584,#4585,#4586);
#4584 = CARTESIAN_POINT('',(0.,-3.65,-2.4375));
#4585 = DIRECTION('',(0.,1.,0.));
#4586 = DIRECTION('',(1.,0.,0.));
#4587 = ADVANCED_FACE('',(#4588),#4594,.T.);
#4588 = FACE_BOUND('',#4589,.T.);
#4589 = EDGE_LOOP('',(#4590,#4591,#4592,#4593));
#4590 = ORIENTED_EDGE('',*,*,#2460,.F.);
#4591 = ORIENTED_EDGE('',*,*,#4007,.T.);
#4592 = ORIENTED_EDGE('',*,*,#4574,.F.);
#4593 = ORIENTED_EDGE('',*,*,#4126,.F.);
#4594 = CYLINDRICAL_SURFACE('',#4595,0.975);
#4595 = AXIS2_PLACEMENT_3D('',#4596,#4597,#4598);
#4596 = CARTESIAN_POINT('',(0.,-2.675,-1.275));
#4597 = DIRECTION('',(1.,0.,0.));
#4598 = DIRECTION('',(0.,0.,1.));
#4599 = ADVANCED_FACE('',(#4600),#4611,.T.);
#4600 = FACE_BOUND('',#4601,.T.);
#4601 = EDGE_LOOP('',(#4602,#4603,#4609,#4610));
#4602 = ORIENTED_EDGE('',*,*,#4529,.T.);
#4603 = ORIENTED_EDGE('',*,*,#4604,.F.);
#4604 = EDGE_CURVE('',#4415,#4522,#4605,.T.);
#4605 = LINE('',#4606,#4607);
#4606 = CARTESIAN_POINT('',(0.1,-3.35,-4.2));
#4607 = VECTOR('',#4608,1.);
#4608 = DIRECTION('',(0.,-1.,0.));
#4609 = ORIENTED_EDGE('',*,*,#4414,.F.);
#4610 = ORIENTED_EDGE('',*,*,#4110,.T.);
#4611 = B_SPLINE_SURFACE_WITH_KNOTS('',3,3,(
    (#4612,#4613,#4614,#4615)
    ,(#4616,#4617,#4618,#4619)
    ,(#4620,#4621,#4622,#4623)
    ,(#4624,#4625,#4626,#4627)
    ,(#4628,#4629,#4630,#4631)
    ,(#4632,#4633,#4634,#4635)
    ,(#4636,#4637,#4638,#4639
    )),.UNSPECIFIED.,.F.,.F.,.F.,(4,1,1,1,4),(4,4),(-4.662406907339E-02,
    0.25,0.5,0.75,1.046624069073),(6.525612405478,7.137533446306),
  .UNSPECIFIED.);
#4612 = CARTESIAN_POINT('',(0.159993950587,-3.283687087082,
    -3.593947691849));
#4613 = CARTESIAN_POINT('',(0.160403574336,-3.283313903415,
    -3.798866885296));
#4614 = CARTESIAN_POINT('',(0.140010566963,-3.3018927512,-4.002840763729
    ));
#4615 = CARTESIAN_POINT('',(9.881492846696E-02,-3.339423630438,
    -4.205869327148));
#4616 = CARTESIAN_POINT('',(0.159993950587,-3.318292231585,
    -3.593952202938));
#4617 = CARTESIAN_POINT('',(0.160403574336,-3.317986550285,
    -3.798717148428));
#4618 = CARTESIAN_POINT('',(0.140010566963,-3.333204810944,
    -4.002690994534));
#4619 = CARTESIAN_POINT('',(9.881492846696E-02,-3.36394701356,
    -4.205873741257));
#4620 = CARTESIAN_POINT('',(0.159993950587,-3.382063202557,
    -3.593958274814));
#4621 = CARTESIAN_POINT('',(0.160403574336,-3.381881915814,
    -3.798515604259));
#4622 = CARTESIAN_POINT('',(0.140010566963,-3.390907227211,
    -4.002489406854));
#4623 = CARTESIAN_POINT('',(9.881492846696E-02,-3.409139136748,
    -4.205879682599));
#4624 = CARTESIAN_POINT('',(0.159993950587,-3.475,-3.593961062832));
#4625 = CARTESIAN_POINT('',(0.160403574336,-3.475,-3.798423061403));
#4626 = CARTESIAN_POINT('',(0.140010566963,-3.475,-4.002396844018));
#4627 = CARTESIAN_POINT('',(9.881492846696E-02,-3.475,-4.20588241068));
#4628 = CARTESIAN_POINT('',(0.159993950587,-3.567936797443,
    -3.593958274814));
#4629 = CARTESIAN_POINT('',(0.160403574336,-3.568118084186,
    -3.798515604259));
#4630 = CARTESIAN_POINT('',(0.140010566963,-3.559092772789,
    -4.002489406854));
#4631 = CARTESIAN_POINT('',(9.881492846696E-02,-3.540860863252,
    -4.205879682599));
#4632 = CARTESIAN_POINT('',(0.159993950587,-3.631707768415,
    -3.593952202938));
#4633 = CARTESIAN_POINT('',(0.160403574336,-3.632013449715,
    -3.798717148428));
#4634 = CARTESIAN_POINT('',(0.140010566963,-3.616795189056,
    -4.002690994534));
#4635 = CARTESIAN_POINT('',(9.881492846696E-02,-3.58605298644,
    -4.205873741257));
#4636 = CARTESIAN_POINT('',(0.159993950587,-3.666312912918,
    -3.593947691849));
#4637 = CARTESIAN_POINT('',(0.160403574336,-3.666686096585,
    -3.798866885296));
#4638 = CARTESIAN_POINT('',(0.140010566963,-3.6481072488,-4.002840763729
    ));
#4639 = CARTESIAN_POINT('',(9.881492846696E-02,-3.610576369562,
    -4.205869327148));
#4640 = ADVANCED_FACE('',(#4641),#4647,.T.);
#4641 = FACE_BOUND('',#4642,.F.);
#4642 = EDGE_LOOP('',(#4643,#4644,#4645,#4646));
#4643 = ORIENTED_EDGE('',*,*,#4521,.F.);
#4644 = ORIENTED_EDGE('',*,*,#4604,.F.);
#4645 = ORIENTED_EDGE('',*,*,#4423,.F.);
#4646 = ORIENTED_EDGE('',*,*,#4472,.F.);
#4647 = PLANE('',#4648);
#4648 = AXIS2_PLACEMENT_3D('',#4649,#4650,#4651);
#4649 = CARTESIAN_POINT('',(0.,-3.475,-4.2));
#4650 = DIRECTION('',(0.,0.,-1.));
#4651 = DIRECTION('',(0.,1.,0.));
#4652 = ADVANCED_FACE('',(#4653),#4664,.F.);
#4653 = FACE_BOUND('',#4654,.F.);
#4654 = EDGE_LOOP('',(#4655,#4656,#4662,#4663));
#4655 = ORIENTED_EDGE('',*,*,#2183,.T.);
#4656 = ORIENTED_EDGE('',*,*,#4657,.F.);
#4657 = EDGE_CURVE('',#3535,#2176,#4658,.T.);
#4658 = LINE('',#4659,#4660);
#4659 = CARTESIAN_POINT('',(1.025,-3.675,-1.6));
#4660 = VECTOR('',#4661,1.);
#4661 = DIRECTION('',(0.,0.,1.));
#4662 = ORIENTED_EDGE('',*,*,#3534,.F.);
#4663 = ORIENTED_EDGE('',*,*,#2914,.T.);
#4664 = PLANE('',#4665);
#4665 = AXIS2_PLACEMENT_3D('',#4666,#4667,#4668);
#4666 = CARTESIAN_POINT('',(0.925,-3.825,-1.6));
#4667 = DIRECTION('',(-0.832050294338,0.554700196225,0.));
#4668 = DIRECTION('',(0.554700196225,0.832050294338,0.));
#4669 = ADVANCED_FACE('',(#4670),#4676,.F.);
#4670 = FACE_BOUND('',#4671,.F.);
#4671 = EDGE_LOOP('',(#4672,#4673,#4674,#4675));
#4672 = ORIENTED_EDGE('',*,*,#1692,.F.);
#4673 = ORIENTED_EDGE('',*,*,#3542,.F.);
#4674 = ORIENTED_EDGE('',*,*,#4657,.T.);
#4675 = ORIENTED_EDGE('',*,*,#2175,.T.);
#4676 = PLANE('',#4677);
#4677 = AXIS2_PLACEMENT_3D('',#4678,#4679,#4680);
#4678 = CARTESIAN_POINT('',(1.025,-3.675,-1.6));
#4679 = DIRECTION('',(-0.977802414077,0.209529088731,0.));
#4680 = DIRECTION('',(0.209529088731,0.977802414077,0.));
#4681 = ADVANCED_FACE('',(#4682),#4693,.T.);
#4682 = FACE_BOUND('',#4683,.F.);
#4683 = EDGE_LOOP('',(#4684,#4685,#4686,#4692));
#4684 = ORIENTED_EDGE('',*,*,#3549,.F.);
#4685 = ORIENTED_EDGE('',*,*,#1743,.T.);
#4686 = ORIENTED_EDGE('',*,*,#4687,.T.);
#4687 = EDGE_CURVE('',#1736,#1825,#4688,.T.);
#4688 = LINE('',#4689,#4690);
#4689 = CARTESIAN_POINT('',(1.09,-3.3,-3.6));
#4690 = VECTOR('',#4691,1.);
#4691 = DIRECTION('',(1.,0.,0.));
#4692 = ORIENTED_EDGE('',*,*,#1824,.F.);
#4693 = PLANE('',#4694);
#4694 = AXIS2_PLACEMENT_3D('',#4695,#4696,#4697);
#4695 = CARTESIAN_POINT('',(1.25,-3.3,-2.4375));
#4696 = DIRECTION('',(0.,1.,0.));
#4697 = DIRECTION('',(1.,0.,0.));
#4698 = ADVANCED_FACE('',(#4699),#4726,.T.);
#4699 = FACE_BOUND('',#4700,.T.);
#4700 = EDGE_LOOP('',(#4701,#4710,#4718,#4725));
#4701 = ORIENTED_EDGE('',*,*,#4702,.T.);
#4702 = EDGE_CURVE('',#1825,#4703,#4705,.T.);
#4703 = VERTEX_POINT('',#4704);
#4704 = CARTESIAN_POINT('',(1.35,-3.35,-4.2));
#4705 = B_SPLINE_CURVE_WITH_KNOTS('',3,(#4706,#4707,#4708,#4709),
  .UNSPECIFIED.,.F.,.F.,(4,4),(0.,1.),.PIECEWISE_BEZIER_KNOTS.);
#4706 = CARTESIAN_POINT('',(1.41,-3.3,-3.6));
#4707 = CARTESIAN_POINT('',(1.41,-3.3,-3.80084189143));
#4708 = CARTESIAN_POINT('',(1.39,-3.316666666667,-4.00084189143));
#4709 = CARTESIAN_POINT('',(1.35,-3.35,-4.2));
#4710 = ORIENTED_EDGE('',*,*,#4711,.F.);
#4711 = EDGE_CURVE('',#4712,#4703,#4714,.T.);
#4712 = VERTEX_POINT('',#4713);
#4713 = CARTESIAN_POINT('',(1.15,-3.35,-4.2));
#4714 = LINE('',#4715,#4716);
#4715 = CARTESIAN_POINT('',(1.15,-3.35,-4.2));
#4716 = VECTOR('',#4717,1.);
#4717 = DIRECTION('',(1.,0.,0.));
#4718 = ORIENTED_EDGE('',*,*,#4719,.F.);
#4719 = EDGE_CURVE('',#1736,#4712,#4720,.T.);
#4720 = B_SPLINE_CURVE_WITH_KNOTS('',3,(#4721,#4722,#4723,#4724),
  .UNSPECIFIED.,.F.,.F.,(4,4),(0.,1.),.PIECEWISE_BEZIER_KNOTS.);
#4721 = CARTESIAN_POINT('',(1.09,-3.3,-3.6));
#4722 = CARTESIAN_POINT('',(1.09,-3.3,-3.80084189143));
#4723 = CARTESIAN_POINT('',(1.11,-3.316666666667,-4.00084189143));
#4724 = CARTESIAN_POINT('',(1.15,-3.35,-4.2));
#4725 = ORIENTED_EDGE('',*,*,#4687,.T.);
#4726 = B_SPLINE_SURFACE_WITH_KNOTS('',3,3,(
    (#4727,#4728,#4729,#4730)
    ,(#4731,#4732,#4733,#4734)
    ,(#4735,#4736,#4737,#4738)
    ,(#4739,#4740,#4741,#4742)
    ,(#4743,#4744,#4745,#4746)
    ,(#4747,#4748,#4749,#4750)
    ,(#4751,#4752,#4753,#4754
    )),.UNSPECIFIED.,.F.,.F.,.F.,(4,1,1,1,4),(4,4),(-5.828008634173E-02,
    0.25,0.5,0.75,1.058280086342),(6.525619898435,7.137533446306),
  .UNSPECIFIED.);
#4727 = CARTESIAN_POINT('',(1.071357110114,-3.300005028646,
    -3.593953550986));
#4728 = CARTESIAN_POINT('',(1.07090031498,-3.299664104242,
    -3.798927334633));
#4729 = CARTESIAN_POINT('',(1.093670340411,-3.316658281231,
    -4.002898715109));
#4730 = CARTESIAN_POINT('',(1.139667186407,-3.350987559611,
    -4.205867692413));
#4731 = CARTESIAN_POINT('',(1.104239079138,-3.300005028646,
    -3.593960436432));
#4732 = CARTESIAN_POINT('',(1.103866364169,-3.299664104242,
    -3.798698498161));
#4733 = CARTESIAN_POINT('',(1.12244521652,-3.316658281231,
    -4.002669832119));
#4734 = CARTESIAN_POINT('',(1.159975636194,-3.350987559611,
    -4.205874438308));
#4735 = CARTESIAN_POINT('',(1.1637867091,-3.300005028646,-3.593969495132
    ));
#4736 = CARTESIAN_POINT('',(1.163566259175,-3.299664104242,
    -3.798397434019));
#4737 = CARTESIAN_POINT('',(1.17455510305,-3.316658281231,
    -4.002368706778));
#4738 = CARTESIAN_POINT('',(1.196753240725,-3.350987559611,
    -4.20588331341));
#4739 = CARTESIAN_POINT('',(1.25,-3.300005028646,-3.593973575053));
#4740 = CARTESIAN_POINT('',(1.25,-3.299664104242,-3.798261838625));
#4741 = CARTESIAN_POINT('',(1.25,-3.316658281231,-4.002233083821));
#4742 = CARTESIAN_POINT('',(1.25,-3.350987559611,-4.205887310641));
#4743 = CARTESIAN_POINT('',(1.3362132909,-3.300005028646,-3.593969495132
    ));
#4744 = CARTESIAN_POINT('',(1.336433740825,-3.299664104242,
    -3.798397434019));
#4745 = CARTESIAN_POINT('',(1.32544489695,-3.316658281231,
    -4.002368706778));
#4746 = CARTESIAN_POINT('',(1.303246759275,-3.350987559611,
    -4.20588331341));
#4747 = CARTESIAN_POINT('',(1.395760920862,-3.300005028646,
    -3.593960436432));
#4748 = CARTESIAN_POINT('',(1.396133635831,-3.299664104242,
    -3.798698498161));
#4749 = CARTESIAN_POINT('',(1.37755478348,-3.316658281231,
    -4.002669832119));
#4750 = CARTESIAN_POINT('',(1.340024363806,-3.350987559611,
    -4.205874438308));
#4751 = CARTESIAN_POINT('',(1.428642889886,-3.300005028646,
    -3.593953550986));
#4752 = CARTESIAN_POINT('',(1.42909968502,-3.299664104242,
    -3.798927334633));
#4753 = CARTESIAN_POINT('',(1.406329659589,-3.316658281231,
    -4.002898715109));
#4754 = CARTESIAN_POINT('',(1.360332813593,-3.350987559611,
    -4.205867692413));
#4755 = ADVANCED_FACE('',(#4756),#4775,.T.);
#4756 = FACE_BOUND('',#4757,.T.);
#4757 = EDGE_LOOP('',(#4758,#4759,#4767,#4774));
#4758 = ORIENTED_EDGE('',*,*,#4719,.T.);
#4759 = ORIENTED_EDGE('',*,*,#4760,.F.);
#4760 = EDGE_CURVE('',#4761,#4712,#4763,.T.);
#4761 = VERTEX_POINT('',#4762);
#4762 = CARTESIAN_POINT('',(1.15,-3.6,-4.2));
#4763 = LINE('',#4764,#4765);
#4764 = CARTESIAN_POINT('',(1.15,-3.6,-4.2));
#4765 = VECTOR('',#4766,1.);
#4766 = DIRECTION('',(0.,1.,0.));
#4767 = ORIENTED_EDGE('',*,*,#4768,.F.);
#4768 = EDGE_CURVE('',#1728,#4761,#4769,.T.);
#4769 = B_SPLINE_CURVE_WITH_KNOTS('',3,(#4770,#4771,#4772,#4773),
  .UNSPECIFIED.,.F.,.F.,(4,4),(0.,1.),.PIECEWISE_BEZIER_KNOTS.);
#4770 = CARTESIAN_POINT('',(1.09,-3.65,-3.6));
#4771 = CARTESIAN_POINT('',(1.09,-3.65,-3.80084189143));
#4772 = CARTESIAN_POINT('',(1.11,-3.633333333333,-4.00084189143));
#4773 = CARTESIAN_POINT('',(1.15,-3.6,-4.2));
#4774 = ORIENTED_EDGE('',*,*,#1735,.T.);
#4775 = B_SPLINE_SURFACE_WITH_KNOTS('',3,3,(
    (#4776,#4777,#4778,#4779)
    ,(#4780,#4781,#4782,#4783)
    ,(#4784,#4785,#4786,#4787)
    ,(#4788,#4789,#4790,#4791)
    ,(#4792,#4793,#4794,#4795)
    ,(#4796,#4797,#4798,#4799)
    ,(#4800,#4801,#4802,#4803
    )),.UNSPECIFIED.,.F.,.F.,.F.,(4,1,1,1,4),(4,4),(-4.662406907339E-02,
    0.25,0.5,0.75,1.046624069073),(6.525612405478,7.137533446306),
  .UNSPECIFIED.);
#4776 = CARTESIAN_POINT('',(1.090006049413,-3.666312912918,
    -3.593947691849));
#4777 = CARTESIAN_POINT('',(1.089596425664,-3.666686096585,
    -3.798866885296));
#4778 = CARTESIAN_POINT('',(1.109989433037,-3.6481072488,-4.002840763729
    ));
#4779 = CARTESIAN_POINT('',(1.151185071533,-3.610576369562,
    -4.205869327148));
#4780 = CARTESIAN_POINT('',(1.090006049413,-3.631707768415,
    -3.593952202938));
#4781 = CARTESIAN_POINT('',(1.089596425664,-3.632013449715,
    -3.798717148428));
#4782 = CARTESIAN_POINT('',(1.109989433037,-3.616795189056,
    -4.002690994534));
#4783 = CARTESIAN_POINT('',(1.151185071533,-3.58605298644,
    -4.205873741257));
#4784 = CARTESIAN_POINT('',(1.090006049413,-3.567936797443,
    -3.593958274814));
#4785 = CARTESIAN_POINT('',(1.089596425664,-3.568118084186,
    -3.798515604259));
#4786 = CARTESIAN_POINT('',(1.109989433037,-3.559092772789,
    -4.002489406854));
#4787 = CARTESIAN_POINT('',(1.151185071533,-3.540860863252,
    -4.205879682599));
#4788 = CARTESIAN_POINT('',(1.090006049413,-3.475,-3.593961062832));
#4789 = CARTESIAN_POINT('',(1.089596425664,-3.475,-3.798423061403));
#4790 = CARTESIAN_POINT('',(1.109989433037,-3.475,-4.002396844018));
#4791 = CARTESIAN_POINT('',(1.151185071533,-3.475,-4.20588241068));
#4792 = CARTESIAN_POINT('',(1.090006049413,-3.382063202557,
    -3.593958274814));
#4793 = CARTESIAN_POINT('',(1.089596425664,-3.381881915814,
    -3.798515604259));
#4794 = CARTESIAN_POINT('',(1.109989433037,-3.390907227211,
    -4.002489406854));
#4795 = CARTESIAN_POINT('',(1.151185071533,-3.409139136748,
    -4.205879682599));
#4796 = CARTESIAN_POINT('',(1.090006049413,-3.318292231585,
    -3.593952202938));
#4797 = CARTESIAN_POINT('',(1.089596425664,-3.317986550285,
    -3.798717148428));
#4798 = CARTESIAN_POINT('',(1.109989433037,-3.333204810944,
    -4.002690994534));
#4799 = CARTESIAN_POINT('',(1.151185071533,-3.36394701356,
    -4.205873741257));
#4800 = CARTESIAN_POINT('',(1.090006049413,-3.283687087082,
    -3.593947691849));
#4801 = CARTESIAN_POINT('',(1.089596425664,-3.283313903415,
    -3.798866885296));
#4802 = CARTESIAN_POINT('',(1.109989433037,-3.3018927512,-4.002840763729
    ));
#4803 = CARTESIAN_POINT('',(1.151185071533,-3.339423630438,
    -4.205869327148));
#4804 = ADVANCED_FACE('',(#4805),#4829,.T.);
#4805 = FACE_BOUND('',#4806,.T.);
#4806 = EDGE_LOOP('',(#4807,#4808,#4816,#4823));
#4807 = ORIENTED_EDGE('',*,*,#4768,.T.);
#4808 = ORIENTED_EDGE('',*,*,#4809,.F.);
#4809 = EDGE_CURVE('',#4810,#4761,#4812,.T.);
#4810 = VERTEX_POINT('',#4811);
#4811 = CARTESIAN_POINT('',(1.35,-3.6,-4.2));
#4812 = LINE('',#4813,#4814);
#4813 = CARTESIAN_POINT('',(1.35,-3.6,-4.2));
#4814 = VECTOR('',#4815,1.);
#4815 = DIRECTION('',(-1.,0.,0.));
#4816 = ORIENTED_EDGE('',*,*,#4817,.F.);
#4817 = EDGE_CURVE('',#1833,#4810,#4818,.T.);
#4818 = B_SPLINE_CURVE_WITH_KNOTS('',3,(#4819,#4820,#4821,#4822),
  .UNSPECIFIED.,.F.,.F.,(4,4),(0.,1.),.PIECEWISE_BEZIER_KNOTS.);
#4819 = CARTESIAN_POINT('',(1.41,-3.65,-3.6));
#4820 = CARTESIAN_POINT('',(1.41,-3.65,-3.80084189143));
#4821 = CARTESIAN_POINT('',(1.39,-3.633333333333,-4.00084189143));
#4822 = CARTESIAN_POINT('',(1.35,-3.6,-4.2));
#4823 = ORIENTED_EDGE('',*,*,#4824,.T.);
#4824 = EDGE_CURVE('',#1833,#1728,#4825,.T.);
#4825 = LINE('',#4826,#4827);
#4826 = CARTESIAN_POINT('',(1.41,-3.65,-3.6));
#4827 = VECTOR('',#4828,1.);
#4828 = DIRECTION('',(-1.,0.,0.));
#4829 = B_SPLINE_SURFACE_WITH_KNOTS('',3,3,(
    (#4830,#4831,#4832,#4833)
    ,(#4834,#4835,#4836,#4837)
    ,(#4838,#4839,#4840,#4841)
    ,(#4842,#4843,#4844,#4845)
    ,(#4846,#4847,#4848,#4849)
    ,(#4850,#4851,#4852,#4853)
    ,(#4854,#4855,#4856,#4857
    )),.UNSPECIFIED.,.F.,.F.,.F.,(4,1,1,1,4),(4,4),(-5.828008634173E-02,
    0.25,0.5,0.75,1.058280086342),(6.525619898435,7.137533446306),
  .UNSPECIFIED.);
#4830 = CARTESIAN_POINT('',(1.428642889886,-3.649994971354,
    -3.593953550986));
#4831 = CARTESIAN_POINT('',(1.42909968502,-3.650335895758,
    -3.798927334633));
#4832 = CARTESIAN_POINT('',(1.406329659589,-3.633341718769,
    -4.002898715109));
#4833 = CARTESIAN_POINT('',(1.360332813593,-3.599012440389,
    -4.205867692413));
#4834 = CARTESIAN_POINT('',(1.395760920862,-3.649994971354,
    -3.593960436432));
#4835 = CARTESIAN_POINT('',(1.396133635831,-3.650335895758,
    -3.798698498161));
#4836 = CARTESIAN_POINT('',(1.37755478348,-3.633341718769,
    -4.002669832119));
#4837 = CARTESIAN_POINT('',(1.340024363806,-3.599012440389,
    -4.205874438308));
#4838 = CARTESIAN_POINT('',(1.3362132909,-3.649994971354,-3.593969495132
    ));
#4839 = CARTESIAN_POINT('',(1.336433740825,-3.650335895758,
    -3.798397434019));
#4840 = CARTESIAN_POINT('',(1.32544489695,-3.633341718769,
    -4.002368706778));
#4841 = CARTESIAN_POINT('',(1.303246759275,-3.599012440389,
    -4.20588331341));
#4842 = CARTESIAN_POINT('',(1.25,-3.649994971354,-3.593973575053));
#4843 = CARTESIAN_POINT('',(1.25,-3.650335895758,-3.798261838625));
#4844 = CARTESIAN_POINT('',(1.25,-3.633341718769,-4.002233083821));
#4845 = CARTESIAN_POINT('',(1.25,-3.599012440389,-4.205887310641));
#4846 = CARTESIAN_POINT('',(1.1637867091,-3.649994971354,-3.593969495132
    ));
#4847 = CARTESIAN_POINT('',(1.163566259175,-3.650335895758,
    -3.798397434019));
#4848 = CARTESIAN_POINT('',(1.17455510305,-3.633341718769,
    -4.002368706778));
#4849 = CARTESIAN_POINT('',(1.196753240725,-3.599012440389,
    -4.20588331341));
#4850 = CARTESIAN_POINT('',(1.104239079138,-3.649994971354,
    -3.593960436432));
#4851 = CARTESIAN_POINT('',(1.103866364169,-3.650335895758,
    -3.798698498161));
#4852 = CARTESIAN_POINT('',(1.12244521652,-3.633341718769,
    -4.002669832119));
#4853 = CARTESIAN_POINT('',(1.159975636194,-3.599012440389,
    -4.205874438308));
#4854 = CARTESIAN_POINT('',(1.071357110114,-3.649994971354,
    -3.593953550986));
#4855 = CARTESIAN_POINT('',(1.07090031498,-3.650335895758,
    -3.798927334633));
#4856 = CARTESIAN_POINT('',(1.093670340411,-3.633341718769,
    -4.002898715109));
#4857 = CARTESIAN_POINT('',(1.139667186407,-3.599012440389,
    -4.205867692413));
#4858 = ADVANCED_FACE('',(#4859),#4870,.F.);
#4859 = FACE_BOUND('',#4860,.F.);
#4860 = EDGE_LOOP('',(#4861,#4867,#4868,#4869));
#4861 = ORIENTED_EDGE('',*,*,#4862,.F.);
#4862 = EDGE_CURVE('',#1841,#1719,#4863,.T.);
#4863 = LINE('',#4864,#4865);
#4864 = CARTESIAN_POINT('',(1.41,-3.65,-1.275));
#4865 = VECTOR('',#4866,1.);
#4866 = DIRECTION('',(-1.,0.,0.));
#4867 = ORIENTED_EDGE('',*,*,#1840,.T.);
#4868 = ORIENTED_EDGE('',*,*,#4824,.T.);
#4869 = ORIENTED_EDGE('',*,*,#1727,.F.);
#4870 = PLANE('',#4871);
#4871 = AXIS2_PLACEMENT_3D('',#4872,#4873,#4874);
#4872 = CARTESIAN_POINT('',(1.25,-3.65,-2.4375));
#4873 = DIRECTION('',(0.,1.,0.));
#4874 = DIRECTION('',(1.,0.,0.));
#4875 = ADVANCED_FACE('',(#4876),#4882,.T.);
#4876 = FACE_BOUND('',#4877,.T.);
#4877 = EDGE_LOOP('',(#4878,#4879,#4880,#4881));
#4878 = ORIENTED_EDGE('',*,*,#2444,.F.);
#4879 = ORIENTED_EDGE('',*,*,#1718,.T.);
#4880 = ORIENTED_EDGE('',*,*,#4862,.F.);
#4881 = ORIENTED_EDGE('',*,*,#1848,.F.);
#4882 = CYLINDRICAL_SURFACE('',#4883,0.975);
#4883 = AXIS2_PLACEMENT_3D('',#4884,#4885,#4886);
#4884 = CARTESIAN_POINT('',(1.25,-2.675,-1.275));
#4885 = DIRECTION('',(1.,0.,0.));
#4886 = DIRECTION('',(0.,0.,1.));
#4887 = ADVANCED_FACE('',(#4888),#4899,.T.);
#4888 = FACE_BOUND('',#4889,.T.);
#4889 = EDGE_LOOP('',(#4890,#4891,#4897,#4898));
#4890 = ORIENTED_EDGE('',*,*,#4817,.T.);
#4891 = ORIENTED_EDGE('',*,*,#4892,.F.);
#4892 = EDGE_CURVE('',#4703,#4810,#4893,.T.);
#4893 = LINE('',#4894,#4895);
#4894 = CARTESIAN_POINT('',(1.35,-3.35,-4.2));
#4895 = VECTOR('',#4896,1.);
#4896 = DIRECTION('',(0.,-1.,0.));
#4897 = ORIENTED_EDGE('',*,*,#4702,.F.);
#4898 = ORIENTED_EDGE('',*,*,#1832,.T.);
#4899 = B_SPLINE_SURFACE_WITH_KNOTS('',3,3,(
    (#4900,#4901,#4902,#4903)
    ,(#4904,#4905,#4906,#4907)
    ,(#4908,#4909,#4910,#4911)
    ,(#4912,#4913,#4914,#4915)
    ,(#4916,#4917,#4918,#4919)
    ,(#4920,#4921,#4922,#4923)
    ,(#4924,#4925,#4926,#4927
    )),.UNSPECIFIED.,.F.,.F.,.F.,(4,1,1,1,4),(4,4),(-4.662406907339E-02,
    0.25,0.5,0.75,1.046624069073),(6.525612405478,7.137533446306),
  .UNSPECIFIED.);
#4900 = CARTESIAN_POINT('',(1.409993950587,-3.283687087082,
    -3.593947691849));
#4901 = CARTESIAN_POINT('',(1.410403574336,-3.283313903415,
    -3.798866885296));
#4902 = CARTESIAN_POINT('',(1.390010566963,-3.3018927512,-4.002840763729
    ));
#4903 = CARTESIAN_POINT('',(1.348814928467,-3.339423630438,
    -4.205869327148));
#4904 = CARTESIAN_POINT('',(1.409993950587,-3.318292231585,
    -3.593952202938));
#4905 = CARTESIAN_POINT('',(1.410403574336,-3.317986550285,
    -3.798717148428));
#4906 = CARTESIAN_POINT('',(1.390010566963,-3.333204810944,
    -4.002690994534));
#4907 = CARTESIAN_POINT('',(1.348814928467,-3.36394701356,
    -4.205873741257));
#4908 = CARTESIAN_POINT('',(1.409993950587,-3.382063202557,
    -3.593958274814));
#4909 = CARTESIAN_POINT('',(1.410403574336,-3.381881915814,
    -3.798515604259));
#4910 = CARTESIAN_POINT('',(1.390010566963,-3.390907227211,
    -4.002489406854));
#4911 = CARTESIAN_POINT('',(1.348814928467,-3.409139136748,
    -4.205879682599));
#4912 = CARTESIAN_POINT('',(1.409993950587,-3.475,-3.593961062832));
#4913 = CARTESIAN_POINT('',(1.410403574336,-3.475,-3.798423061403));
#4914 = CARTESIAN_POINT('',(1.390010566963,-3.475,-4.002396844018));
#4915 = CARTESIAN_POINT('',(1.348814928467,-3.475,-4.20588241068));
#4916 = CARTESIAN_POINT('',(1.409993950587,-3.567936797443,
    -3.593958274814));
#4917 = CARTESIAN_POINT('',(1.410403574336,-3.568118084186,
    -3.798515604259));
#4918 = CARTESIAN_POINT('',(1.390010566963,-3.559092772789,
    -4.002489406854));
#4919 = CARTESIAN_POINT('',(1.348814928467,-3.540860863252,
    -4.205879682599));
#4920 = CARTESIAN_POINT('',(1.409993950587,-3.631707768415,
    -3.593952202938));
#4921 = CARTESIAN_POINT('',(1.410403574336,-3.632013449715,
    -3.798717148428));
#4922 = CARTESIAN_POINT('',(1.390010566963,-3.616795189056,
    -4.002690994534));
#4923 = CARTESIAN_POINT('',(1.348814928467,-3.58605298644,
    -4.205873741257));
#4924 = CARTESIAN_POINT('',(1.409993950587,-3.666312912918,
    -3.593947691849));
#4925 = CARTESIAN_POINT('',(1.410403574336,-3.666686096585,
    -3.798866885296));
#4926 = CARTESIAN_POINT('',(1.390010566963,-3.6481072488,-4.002840763729
    ));
#4927 = CARTESIAN_POINT('',(1.348814928467,-3.610576369562,
    -4.205869327148));
#4928 = ADVANCED_FACE('',(#4929),#4935,.T.);
#4929 = FACE_BOUND('',#4930,.F.);
#4930 = EDGE_LOOP('',(#4931,#4932,#4933,#4934));
#4931 = ORIENTED_EDGE('',*,*,#4809,.F.);
#4932 = ORIENTED_EDGE('',*,*,#4892,.F.);
#4933 = ORIENTED_EDGE('',*,*,#4711,.F.);
#4934 = ORIENTED_EDGE('',*,*,#4760,.F.);
#4935 = PLANE('',#4936);
#4936 = AXIS2_PLACEMENT_3D('',#4937,#4938,#4939);
#4937 = CARTESIAN_POINT('',(1.25,-3.475,-4.2));
#4938 = DIRECTION('',(0.,0.,-1.));
#4939 = DIRECTION('',(0.,1.,0.));
#4940 = ADVANCED_FACE('',(#4941),#4947,.F.);
#4941 = FACE_BOUND('',#4942,.F.);
#4942 = EDGE_LOOP('',(#4943,#4944,#4945,#4946));
#4943 = ORIENTED_EDGE('',*,*,#2143,.T.);
#4944 = ORIENTED_EDGE('',*,*,#2954,.T.);
#4945 = ORIENTED_EDGE('',*,*,#3557,.F.);
#4946 = ORIENTED_EDGE('',*,*,#2096,.T.);
#4947 = PLANE('',#4948);
#4948 = AXIS2_PLACEMENT_3D('',#4949,#4950,#4951);
#4949 = CARTESIAN_POINT('',(1.475,-3.675,-1.6));
#4950 = DIRECTION('',(0.832050294338,0.554700196225,0.));
#4951 = DIRECTION('',(0.554700196225,-0.832050294338,0.));
#4952 = ( GEOMETRIC_REPRESENTATION_CONTEXT(3) 
GLOBAL_UNCERTAINTY_ASSIGNED_CONTEXT((#4956)) 
GLOBAL_UNIT_ASSIGNED_CONTEXT((#4953,#4954,#4955)) REPRESENTATION_CONTEXT
('Context #1','3D Context with UNIT and UNCERTAINTY') );
#4953 = ( LENGTH_UNIT() NAMED_UNIT(*) SI_UNIT(.MILLI.,.METRE.) );
#4954 = ( NAMED_UNIT(*) PLANE_ANGLE_UNIT() SI_UNIT($,.RADIAN.) );
#4955 = ( NAMED_UNIT(*) SI_UNIT($,.STERADIAN.) SOLID_ANGLE_UNIT() );
#4956 = UNCERTAINTY_MEASURE_WITH_UNIT(LENGTH_MEASURE(1.E-07),#4953,
  'distance_accuracy_value','confusion accuracy');
#4957 = CONTEXT_DEPENDENT_SHAPE_REPRESENTATION(#4958,#4960);
#4958 = ( REPRESENTATION_RELATIONSHIP('','',#75,#48) 
REPRESENTATION_RELATIONSHIP_WITH_TRANSFORMATION(#4959) 
SHAPE_REPRESENTATION_RELATIONSHIP() );
#4959 = ITEM_DEFINED_TRANSFORMATION('','',#11,#49);
#4960 = PRODUCT_DEFINITION_SHAPE('Placement','Placement of an item',
  #4961);
#4961 = NEXT_ASSEMBLY_USAGE_OCCURRENCE('1','=>[0:1:1:2]','',#43,#70,$);
#4962 = PRODUCT_RELATED_PRODUCT_CATEGORY('part',$,(#72));
#4963 = SHAPE_DEFINITION_REPRESENTATION(#4964,#4970);
#4964 = PRODUCT_DEFINITION_SHAPE('','',#4965);
#4965 = PRODUCT_DEFINITION('design','',#4966,#4969);
#4966 = PRODUCT_DEFINITION_FORMATION('','',#4967);
#4967 = PRODUCT('COMPOUND','COMPOUND','',(#4968));
#4968 = PRODUCT_CONTEXT('',#2,'mechanical');
#4969 = PRODUCT_DEFINITION_CONTEXT('part definition',#2,'design');
#4970 = SHAPE_REPRESENTATION('',(#11,#4971,#4988,#5005),#5022);
#4971 = GEOMETRIC_CURVE_SET('',(#4972,#4980));
#4972 = TRIMMED_CURVE('',#4973,(#4978,PARAMETER_VALUE(0.)),(#4979,
    PARAMETER_VALUE(3.141592653589)),.T.,.PARAMETER.);
#4973 = CIRCLE('',#4974,0.25);
#4974 = AXIS2_PLACEMENT_3D('',#4975,#4976,#4977);
#4975 = CARTESIAN_POINT('',(1.25,-3.475,-1.9));
#4976 = DIRECTION('',(0.,0.,-1.));
#4977 = DIRECTION('',(1.,0.,0.));
#4978 = CARTESIAN_POINT('',(1.5,-3.475,-1.9));
#4979 = CARTESIAN_POINT('',(1.,-3.475,-1.9));
#4980 = TRIMMED_CURVE('',#4981,(#4986,PARAMETER_VALUE(0.)),(#4987,
    PARAMETER_VALUE(3.141592653589)),.T.,.PARAMETER.);
#4981 = CIRCLE('',#4982,0.25);
#4982 = AXIS2_PLACEMENT_3D('',#4983,#4984,#4985);
#4983 = CARTESIAN_POINT('',(1.25,-3.475,-1.9));
#4984 = DIRECTION('',(0.,0.,-1.));
#4985 = DIRECTION('',(-1.,0.,0.));
#4986 = CARTESIAN_POINT('',(1.,-3.475,-1.9));
#4987 = CARTESIAN_POINT('',(1.5,-3.475,-1.9));
#4988 = GEOMETRIC_CURVE_SET('',(#4989,#4997));
#4989 = TRIMMED_CURVE('',#4990,(#4995,PARAMETER_VALUE(0.)),(#4996,
    PARAMETER_VALUE(3.141592653589)),.T.,.PARAMETER.);
#4990 = CIRCLE('',#4991,0.25);
#4991 = AXIS2_PLACEMENT_3D('',#4992,#4993,#4994);
#4992 = CARTESIAN_POINT('',(0.,-3.475,-1.9));
#4993 = DIRECTION('',(0.,0.,-1.));
#4994 = DIRECTION('',(1.,0.,0.));
#4995 = CARTESIAN_POINT('',(0.25,-3.475,-1.9));
#4996 = CARTESIAN_POINT('',(-0.25,-3.475,-1.9));
#4997 = TRIMMED_CURVE('',#4998,(#5003,PARAMETER_VALUE(0.)),(#5004,
    PARAMETER_VALUE(3.141592653589)),.T.,.PARAMETER.);
#4998 = CIRCLE('',#4999,0.25);
#4999 = AXIS2_PLACEMENT_3D('',#5000,#5001,#5002);
#5000 = CARTESIAN_POINT('',(0.,-3.475,-1.9));
#5001 = DIRECTION('',(0.,0.,-1.));
#5002 = DIRECTION('',(-1.,0.,0.));
#5003 = CARTESIAN_POINT('',(-0.25,-3.475,-1.9));
#5004 = CARTESIAN_POINT('',(0.25,-3.475,-1.9));
#5005 = GEOMETRIC_CURVE_SET('',(#5006,#5014));
#5006 = TRIMMED_CURVE('',#5007,(#5012,PARAMETER_VALUE(0.)),(#5013,
    PARAMETER_VALUE(3.141592653589)),.T.,.PARAMETER.);
#5007 = CIRCLE('',#5008,0.25);
#5008 = AXIS2_PLACEMENT_3D('',#5009,#5010,#5011);
#5009 = CARTESIAN_POINT('',(-1.25,-3.475,-1.9));
#5010 = DIRECTION('',(0.,0.,-1.));
#5011 = DIRECTION('',(1.,0.,0.));
#5012 = CARTESIAN_POINT('',(-1.,-3.475,-1.9));
#5013 = CARTESIAN_POINT('',(-1.5,-3.475,-1.9));
#5014 = TRIMMED_CURVE('',#5015,(#5020,PARAMETER_VALUE(0.)),(#5021,
    PARAMETER_VALUE(3.141592653589)),.T.,.PARAMETER.);
#5015 = CIRCLE('',#5016,0.25);
#5016 = AXIS2_PLACEMENT_3D('',#5017,#5018,#5019);
#5017 = CARTESIAN_POINT('',(-1.25,-3.475,-1.9));
#5018 = DIRECTION('',(0.,0.,-1.));
#5019 = DIRECTION('',(-1.,0.,0.));
#5020 = CARTESIAN_POINT('',(-1.5,-3.475,-1.9));
#5021 = CARTESIAN_POINT('',(-1.,-3.475,-1.9));
#5022 = ( GEOMETRIC_REPRESENTATION_CONTEXT(3) 
GLOBAL_UNCERTAINTY_ASSIGNED_CONTEXT((#5026)) 
GLOBAL_UNIT_ASSIGNED_CONTEXT((#5023,#5024,#5025)) REPRESENTATION_CONTEXT
('Context #1','3D Context with UNIT and UNCERTAINTY') );
#5023 = ( LENGTH_UNIT() NAMED_UNIT(*) SI_UNIT(.MILLI.,.METRE.) );
#5024 = ( NAMED_UNIT(*) PLANE_ANGLE_UNIT() SI_UNIT($,.RADIAN.) );
#5025 = ( NAMED_UNIT(*) SI_UNIT($,.STERADIAN.) SOLID_ANGLE_UNIT() );
#5026 = UNCERTAINTY_MEASURE_WITH_UNIT(LENGTH_MEASURE(1.E-07),#5023,
  'distance_accuracy_value','confusion accuracy');
#5027 = CONTEXT_DEPENDENT_SHAPE_REPRESENTATION(#5028,#5030);
#5028 = ( REPRESENTATION_RELATIONSHIP('','',#4970,#48) 
REPRESENTATION_RELATIONSHIP_WITH_TRANSFORMATION(#5029) 
SHAPE_REPRESENTATION_RELATIONSHIP() );
#5029 = ITEM_DEFINED_TRANSFORMATION('','',#11,#53);
#5030 = PRODUCT_DEFINITION_SHAPE('Placement','Placement of an item',
  #5031);
#5031 = NEXT_ASSEMBLY_USAGE_OCCURRENCE('2','=>[0:1:1:3]','',#43,#4965,$
  );
#5032 = PRODUCT_RELATED_PRODUCT_CATEGORY('part',$,(#4967));
#5033 = SHAPE_DEFINITION_REPRESENTATION(#5034,#5040);
#5034 = PRODUCT_DEFINITION_SHAPE('','',#5035);
#5035 = PRODUCT_DEFINITION('design','',#5036,#5039);
#5036 = PRODUCT_DEFINITION_FORMATION('','',#5037);
#5037 = PRODUCT('Antenna_silkscreen','Antenna_silkscreen','',(#5038));
#5038 = PRODUCT_CONTEXT('',#2,'mechanical');
#5039 = PRODUCT_DEFINITION_CONTEXT('part definition',#2,'design');
#5040 = SHAPE_REPRESENTATION('',(#11,#5041,#5135,#5472),#5597);
#5041 = SHELL_BASED_SURFACE_MODEL('',(#5042));
#5042 = OPEN_SHELL('',(#5043));
#5043 = ADVANCED_FACE('',(#5044),#5130,.T.);
#5044 = FACE_BOUND('',#5045,.T.);
#5045 = EDGE_LOOP('',(#5046,#5057,#5065,#5074,#5082,#5091,#5099,#5107,
    #5115,#5124));
#5046 = ORIENTED_EDGE('',*,*,#5047,.T.);
#5047 = EDGE_CURVE('',#5048,#5050,#5052,.T.);
#5048 = VERTEX_POINT('',#5049);
#5049 = CARTESIAN_POINT('',(142.346921,-66.860491,-7.5E-02));
#5050 = VERTEX_POINT('',#5051);
#5051 = CARTESIAN_POINT('',(142.425491,-66.781921,-7.5E-02));
#5052 = CIRCLE('',#5053,0.100002891901);
#5053 = AXIS2_PLACEMENT_3D('',#5054,#5055,#5056);
#5054 = CARTESIAN_POINT('',(142.44500207103,-66.88000207103,-7.5E-02));
#5055 = DIRECTION('',(0.,0.,-1.));
#5056 = DIRECTION('',(-0.980782347106,0.195105068116,0.));
#5057 = ORIENTED_EDGE('',*,*,#5058,.T.);
#5058 = EDGE_CURVE('',#5050,#5059,#5061,.T.);
#5059 = VERTEX_POINT('',#5060);
#5060 = CARTESIAN_POINT('',(147.964509,-66.781921,-7.5E-02));
#5061 = LINE('',#5062,#5063);
#5062 = CARTESIAN_POINT('',(142.425491,-66.781921,-7.5E-02));
#5063 = VECTOR('',#5064,1.);
#5064 = DIRECTION('',(1.,0.,0.));
#5065 = ORIENTED_EDGE('',*,*,#5066,.T.);
#5066 = EDGE_CURVE('',#5059,#5067,#5069,.T.);
#5067 = VERTEX_POINT('',#5068);
#5068 = CARTESIAN_POINT('',(148.043079,-66.860491,-7.5E-02));
#5069 = CIRCLE('',#5070,0.100002891901);
#5070 = AXIS2_PLACEMENT_3D('',#5071,#5072,#5073);
#5071 = CARTESIAN_POINT('',(147.94499792896,-66.88000207103,-7.5E-02));
#5072 = DIRECTION('',(0.,0.,-1.));
#5073 = DIRECTION('',(0.195105068116,0.980782347106,0.));
#5074 = ORIENTED_EDGE('',*,*,#5075,.T.);
#5075 = EDGE_CURVE('',#5067,#5076,#5078,.T.);
#5076 = VERTEX_POINT('',#5077);
#5077 = CARTESIAN_POINT('',(148.043079,-72.399509,-7.5E-02));
#5078 = LINE('',#5079,#5080);
#5079 = CARTESIAN_POINT('',(148.043079,-66.860491,-7.5E-02));
#5080 = VECTOR('',#5081,1.);
#5081 = DIRECTION('',(0.,-1.,0.));
#5082 = ORIENTED_EDGE('',*,*,#5083,.T.);
#5083 = EDGE_CURVE('',#5076,#5084,#5086,.T.);
#5084 = VERTEX_POINT('',#5085);
#5085 = CARTESIAN_POINT('',(147.846921,-72.399509,-7.5E-02));
#5086 = CIRCLE('',#5087,0.100000456609);
#5087 = AXIS2_PLACEMENT_3D('',#5088,#5089,#5090);
#5088 = CARTESIAN_POINT('',(147.945,-72.38,-7.5E-02));
#5089 = DIRECTION('',(-0.,0.,-1.));
#5090 = DIRECTION('',(0.980785521645,-0.195089109206,-0.));
#5091 = ORIENTED_EDGE('',*,*,#5092,.T.);
#5092 = EDGE_CURVE('',#5084,#5093,#5095,.T.);
#5093 = VERTEX_POINT('',#5094);
#5094 = CARTESIAN_POINT('',(147.845,-66.98,-7.5E-02));
#5095 = LINE('',#5096,#5097);
#5096 = CARTESIAN_POINT('',(147.846921,-72.399509,-7.5E-02));
#5097 = VECTOR('',#5098,1.);
#5098 = DIRECTION('',(-3.544601327041E-04,0.999999937179,0.));
#5099 = ORIENTED_EDGE('',*,*,#5100,.T.);
#5100 = EDGE_CURVE('',#5093,#5101,#5103,.T.);
#5101 = VERTEX_POINT('',#5102);
#5102 = CARTESIAN_POINT('',(142.545,-66.98,-7.5E-02));
#5103 = LINE('',#5104,#5105);
#5104 = CARTESIAN_POINT('',(147.845,-66.98,-7.5E-02));
#5105 = VECTOR('',#5106,1.);
#5106 = DIRECTION('',(-1.,0.,0.));
#5107 = ORIENTED_EDGE('',*,*,#5108,.T.);
#5108 = EDGE_CURVE('',#5101,#5109,#5111,.T.);
#5109 = VERTEX_POINT('',#5110);
#5110 = CARTESIAN_POINT('',(142.543079,-71.349509,-7.5E-02));
#5111 = LINE('',#5112,#5113);
#5112 = CARTESIAN_POINT('',(142.545,-66.98,-7.5E-02));
#5113 = VECTOR('',#5114,1.);
#5114 = DIRECTION('',(-4.396374545367E-04,-0.999999903359,0.));
#5115 = ORIENTED_EDGE('',*,*,#5116,.T.);
#5116 = EDGE_CURVE('',#5109,#5117,#5119,.T.);
#5117 = VERTEX_POINT('',#5118);
#5118 = CARTESIAN_POINT('',(142.346921,-71.349509,-7.5E-02));
#5119 = CIRCLE('',#5120,0.100000456609);
#5120 = AXIS2_PLACEMENT_3D('',#5121,#5122,#5123);
#5121 = CARTESIAN_POINT('',(142.445,-71.33,-7.5E-02));
#5122 = DIRECTION('',(-0.,0.,-1.));
#5123 = DIRECTION('',(0.980785521645,-0.195089109206,-0.));
#5124 = ORIENTED_EDGE('',*,*,#5125,.T.);
#5125 = EDGE_CURVE('',#5117,#5048,#5126,.T.);
#5126 = LINE('',#5127,#5128);
#5127 = CARTESIAN_POINT('',(142.346921,-71.349509,-7.5E-02));
#5128 = VECTOR('',#5129,1.);
#5129 = DIRECTION('',(0.,1.,0.));
#5130 = PLANE('',#5131);
#5131 = AXIS2_PLACEMENT_3D('',#5132,#5133,#5134);
#5132 = CARTESIAN_POINT('',(0.,0.,-7.5E-02));
#5133 = DIRECTION('',(-0.,-0.,-1.));
#5134 = DIRECTION('',(-1.,0.,0.));
#5135 = SHELL_BASED_SURFACE_MODEL('',(#5136));
#5136 = OPEN_SHELL('',(#5137));
#5137 = ADVANCED_FACE('',(#5138,#5397),#5467,.T.);
#5138 = FACE_BOUND('',#5139,.T.);
#5139 = EDGE_LOOP('',(#5140,#5151,#5159,#5167,#5175,#5183,#5191,#5199,
    #5207,#5215,#5223,#5231,#5239,#5247,#5255,#5263,#5271,#5279,#5287,
    #5295,#5303,#5311,#5319,#5327,#5335,#5343,#5351,#5359,#5367,#5375,
    #5383,#5391));
#5140 = ORIENTED_EDGE('',*,*,#5141,.T.);
#5141 = EDGE_CURVE('',#5142,#5144,#5146,.T.);
#5142 = VERTEX_POINT('',#5143);
#5143 = CARTESIAN_POINT('',(142.994509,-67.408878,-7.5E-02));
#5144 = VERTEX_POINT('',#5145);
#5145 = CARTESIAN_POINT('',(142.994509,-67.159758,-7.5E-02));
#5146 = CIRCLE('',#5147,0.127000172346);
#5147 = AXIS2_PLACEMENT_3D('',#5148,#5149,#5150);
#5148 = CARTESIAN_POINT('',(143.019285,-67.284318,-7.5E-02));
#5149 = DIRECTION('',(0.,0.,-1.));
#5150 = DIRECTION('',(-0.19508634943,-0.980786070591,-0.));
#5151 = ORIENTED_EDGE('',*,*,#5152,.T.);
#5152 = EDGE_CURVE('',#5144,#5153,#5155,.T.);
#5153 = VERTEX_POINT('',#5154);
#5154 = CARTESIAN_POINT('',(143.285966,-67.159758,-7.5E-02));
#5155 = LINE('',#5156,#5157);
#5156 = CARTESIAN_POINT('',(142.994509,-67.159758,-7.5E-02));
#5157 = VECTOR('',#5158,1.);
#5158 = DIRECTION('',(1.,0.,0.));
#5159 = ORIENTED_EDGE('',*,*,#5160,.T.);
#5160 = EDGE_CURVE('',#5153,#5161,#5163,.T.);
#5161 = VERTEX_POINT('',#5162);
#5162 = CARTESIAN_POINT('',(143.317986,-67.170726,-7.5E-02));
#5163 = LINE('',#5164,#5165);
#5164 = CARTESIAN_POINT('',(143.285966,-67.159758,-7.5E-02));
#5165 = VECTOR('',#5166,1.);
#5166 = DIRECTION('',(0.946039139521,-0.324052382332,0.));
#5167 = ORIENTED_EDGE('',*,*,#5168,.T.);
#5168 = EDGE_CURVE('',#5161,#5169,#5171,.T.);
#5169 = VERTEX_POINT('',#5170);
#5170 = CARTESIAN_POINT('',(143.460007,-67.244464,-7.5E-02));
#5171 = LINE('',#5172,#5173);
#5172 = CARTESIAN_POINT('',(143.317986,-67.170726,-7.5E-02));
#5173 = VECTOR('',#5174,1.);
#5174 = DIRECTION('',(0.887505463941,-0.460797191261,0.));
#5175 = ORIENTED_EDGE('',*,*,#5176,.T.);
#5176 = EDGE_CURVE('',#5169,#5177,#5179,.T.);
#5177 = VERTEX_POINT('',#5178);
#5178 = CARTESIAN_POINT('',(143.548288,-67.334823,-7.5E-02));
#5179 = LINE('',#5180,#5181);
#5180 = CARTESIAN_POINT('',(143.460007,-67.244464,-7.5E-02));
#5181 = VECTOR('',#5182,1.);
#5182 = DIRECTION('',(0.698834201072,-0.71528369156,0.));
#5183 = ORIENTED_EDGE('',*,*,#5184,.T.);
#5184 = EDGE_CURVE('',#5177,#5185,#5187,.T.);
#5185 = VERTEX_POINT('',#5186);
#5186 = CARTESIAN_POINT('',(143.680955,-67.538221,-7.5E-02));
#5187 = LINE('',#5188,#5189);
#5188 = CARTESIAN_POINT('',(143.548288,-67.334823,-7.5E-02));
#5189 = VECTOR('',#5190,1.);
#5190 = DIRECTION('',(0.546314382299,-0.837580202544,0.));
#5191 = ORIENTED_EDGE('',*,*,#5192,.T.);
#5192 = EDGE_CURVE('',#5185,#5193,#5195,.T.);
#5193 = VERTEX_POINT('',#5194);
#5194 = CARTESIAN_POINT('',(143.750621,-67.824281,-7.5E-02));
#5195 = LINE('',#5196,#5197);
#5196 = CARTESIAN_POINT('',(143.680955,-67.538221,-7.5E-02));
#5197 = VECTOR('',#5198,1.);
#5198 = DIRECTION('',(0.23662041813,-0.971602170502,0.));
#5199 = ORIENTED_EDGE('',*,*,#5200,.T.);
#5200 = EDGE_CURVE('',#5193,#5201,#5203,.T.);
#5201 = VERTEX_POINT('',#5202);
#5202 = CARTESIAN_POINT('',(143.748607,-68.337189,-7.5E-02));
#5203 = LINE('',#5204,#5205);
#5204 = CARTESIAN_POINT('',(143.750621,-67.824281,-7.5E-02));
#5205 = VECTOR('',#5206,1.);
#5206 = DIRECTION('',(-3.926599846033E-03,-0.999992290877,0.));
#5207 = ORIENTED_EDGE('',*,*,#5208,.T.);
#5208 = EDGE_CURVE('',#5201,#5209,#5211,.T.);
#5209 = VERTEX_POINT('',#5210);
#5210 = CARTESIAN_POINT('',(143.737639,-68.36921,-7.5E-02));
#5211 = LINE('',#5212,#5213);
#5212 = CARTESIAN_POINT('',(143.748607,-68.337189,-7.5E-02));
#5213 = VECTOR('',#5214,1.);
#5214 = DIRECTION('',(-0.324043324991,-0.946042241937,0.));
#5215 = ORIENTED_EDGE('',*,*,#5216,.T.);
#5216 = EDGE_CURVE('',#5209,#5217,#5219,.T.);
#5217 = VERTEX_POINT('',#5218);
#5218 = CARTESIAN_POINT('',(143.663901,-68.51123,-7.5E-02));
#5219 = LINE('',#5220,#5221);
#5220 = CARTESIAN_POINT('',(143.737639,-68.36921,-7.5E-02));
#5221 = VECTOR('',#5222,1.);
#5222 = DIRECTION('',(-0.460799746911,-0.887504137031,0.));
#5223 = ORIENTED_EDGE('',*,*,#5224,.T.);
#5224 = EDGE_CURVE('',#5217,#5225,#5227,.T.);
#5225 = VERTEX_POINT('',#5226);
#5226 = CARTESIAN_POINT('',(143.573652,-68.599438,-7.5E-02));
#5227 = LINE('',#5228,#5229);
#5228 = CARTESIAN_POINT('',(143.663901,-68.51123,-7.5E-02));
#5229 = VECTOR('',#5230,1.);
#5230 = DIRECTION('',(-0.715147140798,-0.698973938719,0.));
#5231 = ORIENTED_EDGE('',*,*,#5232,.T.);
#5232 = EDGE_CURVE('',#5225,#5233,#5235,.T.);
#5233 = VERTEX_POINT('',#5234);
#5234 = CARTESIAN_POINT('',(143.415687,-68.676808,-7.5E-02));
#5235 = LINE('',#5236,#5237);
#5236 = CARTESIAN_POINT('',(143.573652,-68.599438,-7.5E-02));
#5237 = VECTOR('',#5238,1.);
#5238 = DIRECTION('',(-0.898064082975,-0.439864641533,0.));
#5239 = ORIENTED_EDGE('',*,*,#5240,.T.);
#5240 = EDGE_CURVE('',#5233,#5241,#5243,.T.);
#5241 = VERTEX_POINT('',#5242);
#5242 = CARTESIAN_POINT('',(143.382142,-68.681318,-7.5E-02));
#5243 = LINE('',#5244,#5245);
#5244 = CARTESIAN_POINT('',(143.415687,-68.676808,-7.5E-02));
#5245 = VECTOR('',#5246,1.);
#5246 = DIRECTION('',(-0.991082809288,-0.133247383214,0.));
#5247 = ORIENTED_EDGE('',*,*,#5248,.T.);
#5248 = EDGE_CURVE('',#5241,#5249,#5251,.T.);
#5249 = VERTEX_POINT('',#5250);
#5250 = CARTESIAN_POINT('',(143.115461,-68.678878,-7.5E-02));
#5251 = LINE('',#5252,#5253);
#5252 = CARTESIAN_POINT('',(143.382142,-68.681318,-7.5E-02));
#5253 = VECTOR('',#5254,1.);
#5254 = DIRECTION('',(-0.999958145878,9.149125269323E-03,0.));
#5255 = ORIENTED_EDGE('',*,*,#5256,.T.);
#5256 = EDGE_CURVE('',#5249,#5257,#5259,.T.);
#5257 = VERTEX_POINT('',#5258);
#5258 = CARTESIAN_POINT('',(143.08344,-68.66791,-7.5E-02));
#5259 = LINE('',#5260,#5261);
#5260 = CARTESIAN_POINT('',(143.115461,-68.678878,-7.5E-02));
#5261 = VECTOR('',#5262,1.);
#5262 = DIRECTION('',(-0.946042241937,0.324043324991,0.));
#5263 = ORIENTED_EDGE('',*,*,#5264,.T.);
#5264 = EDGE_CURVE('',#5257,#5265,#5267,.T.);
#5265 = VERTEX_POINT('',#5266);
#5266 = CARTESIAN_POINT('',(142.94142,-68.594172,-7.5E-02));
#5267 = LINE('',#5268,#5269);
#5268 = CARTESIAN_POINT('',(143.08344,-68.66791,-7.5E-02));
#5269 = VECTOR('',#5270,1.);
#5270 = DIRECTION('',(-0.887504137031,0.460799746911,0.));
#5271 = ORIENTED_EDGE('',*,*,#5272,.T.);
#5272 = EDGE_CURVE('',#5265,#5273,#5275,.T.);
#5273 = VERTEX_POINT('',#5274);
#5274 = CARTESIAN_POINT('',(142.853212,-68.503922,-7.5E-02));
#5275 = LINE('',#5276,#5277);
#5276 = CARTESIAN_POINT('',(142.94142,-68.594172,-7.5E-02));
#5277 = VECTOR('',#5278,1.);
#5278 = DIRECTION('',(-0.698969977689,0.715151012227,0.));
#5279 = ORIENTED_EDGE('',*,*,#5280,.T.);
#5280 = EDGE_CURVE('',#5273,#5281,#5283,.T.);
#5281 = VERTEX_POINT('',#5282);
#5282 = CARTESIAN_POINT('',(142.775842,-68.345958,-7.5E-02));
#5283 = LINE('',#5284,#5285);
#5284 = CARTESIAN_POINT('',(142.853212,-68.503922,-7.5E-02));
#5285 = VECTOR('',#5286,1.);
#5286 = DIRECTION('',(-0.439866887352,0.898062982987,0.));
#5287 = ORIENTED_EDGE('',*,*,#5288,.T.);
#5288 = EDGE_CURVE('',#5281,#5289,#5291,.T.);
#5289 = VERTEX_POINT('',#5290);
#5290 = CARTESIAN_POINT('',(142.771332,-68.312413,-7.5E-02));
#5291 = LINE('',#5292,#5293);
#5292 = CARTESIAN_POINT('',(142.775842,-68.345958,-7.5E-02));
#5293 = VECTOR('',#5294,1.);
#5294 = DIRECTION('',(-0.133247383214,0.991082809288,0.));
#5295 = ORIENTED_EDGE('',*,*,#5296,.T.);
#5296 = EDGE_CURVE('',#5289,#5297,#5299,.T.);
#5297 = VERTEX_POINT('',#5298);
#5298 = CARTESIAN_POINT('',(142.773772,-67.985256,-7.5E-02));
#5299 = LINE('',#5300,#5301);
#5300 = CARTESIAN_POINT('',(142.771332,-68.312413,-7.5E-02));
#5301 = VECTOR('',#5302,1.);
#5302 = DIRECTION('',(7.457985434444E-03,0.99997218884,0.));
#5303 = ORIENTED_EDGE('',*,*,#5304,.T.);
#5304 = EDGE_CURVE('',#5297,#5305,#5307,.T.);
#5305 = VERTEX_POINT('',#5306);
#5306 = CARTESIAN_POINT('',(142.78474,-67.953235,-7.5E-02));
#5307 = LINE('',#5308,#5309);
#5308 = CARTESIAN_POINT('',(142.773772,-67.985256,-7.5E-02));
#5309 = VECTOR('',#5310,1.);
#5310 = DIRECTION('',(0.324043324991,0.946042241937,0.));
#5311 = ORIENTED_EDGE('',*,*,#5312,.T.);
#5312 = EDGE_CURVE('',#5305,#5313,#5315,.T.);
#5313 = VERTEX_POINT('',#5314);
#5314 = CARTESIAN_POINT('',(142.85848,-67.811214,-7.5E-02));
#5315 = LINE('',#5316,#5317);
#5316 = CARTESIAN_POINT('',(142.78474,-67.953235,-7.5E-02));
#5317 = VECTOR('',#5318,1.);
#5318 = DIRECTION('',(0.460807035605,0.88750035264,0.));
#5319 = ORIENTED_EDGE('',*,*,#5320,.T.);
#5320 = EDGE_CURVE('',#5313,#5321,#5323,.T.);
#5321 = VERTEX_POINT('',#5322);
#5322 = CARTESIAN_POINT('',(142.948726,-67.723007,-7.5E-02));
#5323 = LINE('',#5324,#5325);
#5324 = CARTESIAN_POINT('',(142.85848,-67.811214,-7.5E-02));
#5325 = VECTOR('',#5326,1.);
#5326 = DIRECTION('',(0.715139487239,0.698981769285,0.));
#5327 = ORIENTED_EDGE('',*,*,#5328,.T.);
#5328 = EDGE_CURVE('',#5321,#5329,#5331,.T.);
#5329 = VERTEX_POINT('',#5330);
#5330 = CARTESIAN_POINT('',(143.106692,-67.645637,-7.5E-02));
#5331 = LINE('',#5332,#5333);
#5332 = CARTESIAN_POINT('',(142.948726,-67.723007,-7.5E-02));
#5333 = VECTOR('',#5334,1.);
#5334 = DIRECTION('',(0.898065182946,0.439862395734,0.));
#5335 = ORIENTED_EDGE('',*,*,#5336,.T.);
#5336 = EDGE_CURVE('',#5329,#5337,#5339,.T.);
#5337 = VERTEX_POINT('',#5338);
#5338 = CARTESIAN_POINT('',(143.140237,-67.641127,-7.5E-02));
#5339 = LINE('',#5340,#5341);
#5340 = CARTESIAN_POINT('',(143.106692,-67.645637,-7.5E-02));
#5341 = VECTOR('',#5342,1.);
#5342 = DIRECTION('',(0.991082809288,0.133247383213,0.));
#5343 = ORIENTED_EDGE('',*,*,#5344,.T.);
#5344 = EDGE_CURVE('',#5337,#5345,#5347,.T.);
#5345 = VERTEX_POINT('',#5346);
#5346 = CARTESIAN_POINT('',(143.406918,-67.643567,-7.5E-02));
#5347 = LINE('',#5348,#5349);
#5348 = CARTESIAN_POINT('',(143.140237,-67.641127,-7.5E-02));
#5349 = VECTOR('',#5350,1.);
#5350 = DIRECTION('',(0.999958145878,-9.149125269323E-03,0.));
#5351 = ORIENTED_EDGE('',*,*,#5352,.T.);
#5352 = EDGE_CURVE('',#5345,#5353,#5355,.T.);
#5353 = VERTEX_POINT('',#5354);
#5354 = CARTESIAN_POINT('',(143.451147,-67.660639,-7.5E-02));
#5355 = LINE('',#5356,#5357);
#5356 = CARTESIAN_POINT('',(143.406918,-67.643567,-7.5E-02));
#5357 = VECTOR('',#5358,1.);
#5358 = DIRECTION('',(0.932914925462,-0.360096850652,0.));
#5359 = ORIENTED_EDGE('',*,*,#5360,.T.);
#5360 = EDGE_CURVE('',#5353,#5361,#5363,.T.);
#5361 = VERTEX_POINT('',#5362);
#5362 = CARTESIAN_POINT('',(143.445698,-67.638841,-7.5E-02));
#5363 = LINE('',#5364,#5365);
#5364 = CARTESIAN_POINT('',(143.451147,-67.660639,-7.5E-02));
#5365 = VECTOR('',#5366,1.);
#5366 = DIRECTION('',(-0.242514680851,0.970147735951,0.));
#5367 = ORIENTED_EDGE('',*,*,#5368,.T.);
#5368 = EDGE_CURVE('',#5361,#5369,#5371,.T.);
#5369 = VERTEX_POINT('',#5370);
#5370 = CARTESIAN_POINT('',(143.343926,-67.486184,-7.5E-02));
#5371 = LINE('',#5372,#5373);
#5372 = CARTESIAN_POINT('',(143.445698,-67.638841,-7.5E-02));
#5373 = VECTOR('',#5374,1.);
#5374 = DIRECTION('',(-0.554702711813,0.832048617274,0.));
#5375 = ORIENTED_EDGE('',*,*,#5376,.T.);
#5376 = EDGE_CURVE('',#5369,#5377,#5379,.T.);
#5377 = VERTEX_POINT('',#5378);
#5378 = CARTESIAN_POINT('',(143.30691,-67.449168,-7.5E-02));
#5379 = LINE('',#5380,#5381);
#5380 = CARTESIAN_POINT('',(143.343926,-67.486184,-7.5E-02));
#5381 = VECTOR('',#5382,1.);
#5382 = DIRECTION('',(-0.707106781187,0.707106781186,0.));
#5383 = ORIENTED_EDGE('',*,*,#5384,.T.);
#5384 = EDGE_CURVE('',#5377,#5385,#5387,.T.);
#5385 = VERTEX_POINT('',#5386);
#5386 = CARTESIAN_POINT('',(143.23121,-67.411318,-7.5E-02));
#5387 = LINE('',#5388,#5389);
#5388 = CARTESIAN_POINT('',(143.30691,-67.449168,-7.5E-02));
#5389 = VECTOR('',#5390,1.);
#5390 = DIRECTION('',(-0.894427191,0.4472135955,0.));
#5391 = ORIENTED_EDGE('',*,*,#5392,.T.);
#5392 = EDGE_CURVE('',#5385,#5142,#5393,.T.);
#5393 = LINE('',#5394,#5395);
#5394 = CARTESIAN_POINT('',(143.23121,-67.411318,-7.5E-02));
#5395 = VECTOR('',#5396,1.);
#5396 = DIRECTION('',(-0.999946873053,1.030781606432E-02,0.));
#5397 = FACE_BOUND('',#5398,.T.);
#5398 = EDGE_LOOP('',(#5399,#5410,#5418,#5427,#5435,#5444,#5452,#5461));
#5399 = ORIENTED_EDGE('',*,*,#5400,.T.);
#5400 = EDGE_CURVE('',#5401,#5403,#5405,.T.);
#5401 = VERTEX_POINT('',#5402);
#5402 = CARTESIAN_POINT('',(143.427863,-67.932978,-7.5E-02));
#5403 = VERTEX_POINT('',#5404);
#5404 = CARTESIAN_POINT('',(143.094517,-67.932977,-7.5E-02));
#5405 = CIRCLE('',#5406,0.291147183109);
#5406 = AXIS2_PLACEMENT_3D('',#5407,#5408,#5409);
#5407 = CARTESIAN_POINT('',(143.26118928387,-68.17169656774,-7.5E-02));
#5408 = DIRECTION('',(0.,0.,1.));
#5409 = DIRECTION('',(0.572472363806,0.819924016405,-0.));
#5410 = ORIENTED_EDGE('',*,*,#5411,.T.);
#5411 = EDGE_CURVE('',#5403,#5412,#5414,.T.);
#5412 = VERTEX_POINT('',#5413);
#5413 = CARTESIAN_POINT('',(143.063184,-67.964309,-7.5E-02));
#5414 = LINE('',#5415,#5416);
#5415 = CARTESIAN_POINT('',(143.094517,-67.932977,-7.5E-02));
#5416 = VECTOR('',#5417,1.);
#5417 = DIRECTION('',(-0.707118065015,-0.707095497178,0.));
#5418 = ORIENTED_EDGE('',*,*,#5419,.T.);
#5419 = EDGE_CURVE('',#5412,#5420,#5422,.T.);
#5420 = VERTEX_POINT('',#5421);
#5421 = CARTESIAN_POINT('',(143.063184,-68.358135,-7.5E-02));
#5422 = CIRCLE('',#5423,0.358180088761);
#5423 = AXIS2_PLACEMENT_3D('',#5424,#5425,#5426);
#5424 = CARTESIAN_POINT('',(143.36238,-68.161222,-7.5E-02));
#5425 = DIRECTION('',(0.,0.,1.));
#5426 = DIRECTION('',(-0.835322814941,0.549759761022,0.));
#5427 = ORIENTED_EDGE('',*,*,#5428,.T.);
#5428 = EDGE_CURVE('',#5420,#5429,#5431,.T.);
#5429 = VERTEX_POINT('',#5430);
#5430 = CARTESIAN_POINT('',(143.094517,-68.389468,-7.5E-02));
#5431 = LINE('',#5432,#5433);
#5432 = CARTESIAN_POINT('',(143.063184,-68.358135,-7.5E-02));
#5433 = VECTOR('',#5434,1.);
#5434 = DIRECTION('',(0.707106781187,-0.707106781187,0.));
#5435 = ORIENTED_EDGE('',*,*,#5436,.T.);
#5436 = EDGE_CURVE('',#5429,#5437,#5439,.T.);
#5437 = VERTEX_POINT('',#5438);
#5438 = CARTESIAN_POINT('',(143.427863,-68.389466,-7.5E-02));
#5439 = CIRCLE('',#5440,0.291145598825);
#5440 = AXIS2_PLACEMENT_3D('',#5441,#5442,#5443);
#5441 = CARTESIAN_POINT('',(143.26118856775,-68.15074986449,-7.5E-02));
#5442 = DIRECTION('',(0.,0.,1.));
#5443 = DIRECTION('',(-0.572468099894,-0.81992699346,0.));
#5444 = ORIENTED_EDGE('',*,*,#5445,.T.);
#5445 = EDGE_CURVE('',#5437,#5446,#5448,.T.);
#5446 = VERTEX_POINT('',#5447);
#5447 = CARTESIAN_POINT('',(143.459196,-68.358134,-7.5E-02));
#5448 = LINE('',#5449,#5450);
#5449 = CARTESIAN_POINT('',(143.427863,-68.389466,-7.5E-02));
#5450 = VECTOR('',#5451,1.);
#5451 = DIRECTION('',(0.707118065015,0.707095497178,0.));
#5452 = ORIENTED_EDGE('',*,*,#5453,.T.);
#5453 = EDGE_CURVE('',#5446,#5454,#5456,.T.);
#5454 = VERTEX_POINT('',#5455);
#5455 = CARTESIAN_POINT('',(143.459196,-67.96431,-7.5E-02));
#5456 = CIRCLE('',#5457,0.358177281704);
#5457 = AXIS2_PLACEMENT_3D('',#5458,#5459,#5460);
#5458 = CARTESIAN_POINT('',(143.1600027023,-68.161222,-7.5E-02));
#5459 = DIRECTION('',(0.,-0.,1.));
#5460 = DIRECTION('',(0.835321816812,-0.549761277609,-0.));
#5461 = ORIENTED_EDGE('',*,*,#5462,.T.);
#5462 = EDGE_CURVE('',#5454,#5401,#5463,.T.);
#5463 = LINE('',#5464,#5465);
#5464 = CARTESIAN_POINT('',(143.459196,-67.96431,-7.5E-02));
#5465 = VECTOR('',#5466,1.);
#5466 = DIRECTION('',(-0.707118065015,0.707095497178,0.));
#5467 = PLANE('',#5468);
#5468 = AXIS2_PLACEMENT_3D('',#5469,#5470,#5471);
#5469 = CARTESIAN_POINT('',(0.,0.,-7.5E-02));
#5470 = DIRECTION('',(-0.,-0.,-1.));
#5471 = DIRECTION('',(-1.,0.,0.));
#5472 = SHELL_BASED_SURFACE_MODEL('',(#5473));
#5473 = OPEN_SHELL('',(#5474));
#5474 = ADVANCED_FACE('',(#5475),#5592,.T.);
#5475 = FACE_BOUND('',#5476,.T.);
#5476 = EDGE_LOOP('',(#5477,#5488,#5496,#5505,#5513,#5522,#5530,#5538,
    #5546,#5554,#5562,#5570,#5578,#5586));
#5477 = ORIENTED_EDGE('',*,*,#5478,.T.);
#5478 = EDGE_CURVE('',#5479,#5481,#5483,.T.);
#5479 = VERTEX_POINT('',#5480);
#5480 = CARTESIAN_POINT('',(144.097775,-67.178721,-7.5E-02));
#5481 = VERTEX_POINT('',#5482);
#5482 = CARTESIAN_POINT('',(144.292892,-67.259542,-7.5E-02));
#5483 = CIRCLE('',#5484,0.127000205075);
#5484 = AXIS2_PLACEMENT_3D('',#5485,#5486,#5487);
#5485 = CARTESIAN_POINT('',(144.168332,-67.28431816776,-7.5E-02));
#5486 = DIRECTION('',(0.,0.,-1.));
#5487 = DIRECTION('',(-0.555566032025,0.831472419302,0.));
#5488 = ORIENTED_EDGE('',*,*,#5489,.T.);
#5489 = EDGE_CURVE('',#5481,#5490,#5492,.T.);
#5490 = VERTEX_POINT('',#5491);
#5491 = CARTESIAN_POINT('',(144.295332,-68.170849,-7.5E-02));
#5492 = LINE('',#5493,#5494);
#5493 = CARTESIAN_POINT('',(144.292892,-67.259542,-7.5E-02));
#5494 = VECTOR('',#5495,1.);
#5495 = DIRECTION('',(2.677463526607E-03,-0.999996415588,0.));
#5496 = ORIENTED_EDGE('',*,*,#5497,.T.);
#5497 = EDGE_CURVE('',#5490,#5498,#5500,.T.);
#5498 = VERTEX_POINT('',#5499);
#5499 = CARTESIAN_POINT('',(144.5518,-68.427318,-7.5E-02));
#5500 = CIRCLE('',#5501,0.274034421442);
#5501 = AXIS2_PLACEMENT_3D('',#5502,#5503,#5504);
#5502 = CARTESIAN_POINT('',(144.56883640813,-68.15381365829,-7.5E-02));
#5503 = DIRECTION('',(0.,0.,1.));
#5504 = DIRECTION('',(-0.99806588783,-6.216497043845E-02,0.));
#5505 = ORIENTED_EDGE('',*,*,#5506,.T.);
#5506 = EDGE_CURVE('',#5498,#5507,#5509,.T.);
#5507 = VERTEX_POINT('',#5508);
#5508 = CARTESIAN_POINT('',(144.676918,-68.429758,-7.5E-02));
#5509 = LINE('',#5510,#5511);
#5510 = CARTESIAN_POINT('',(144.5518,-68.427318,-7.5E-02));
#5511 = VECTOR('',#5512,1.);
#5512 = DIRECTION('',(0.999809898206,-1.949788321128E-02,0.));
#5513 = ORIENTED_EDGE('',*,*,#5514,.T.);
#5514 = EDGE_CURVE('',#5507,#5515,#5517,.T.);
#5515 = VERTEX_POINT('',#5516);
#5516 = CARTESIAN_POINT('',(144.676918,-68.678878,-7.5E-02));
#5517 = CIRCLE('',#5518,0.127000172346);
#5518 = AXIS2_PLACEMENT_3D('',#5519,#5520,#5521);
#5519 = CARTESIAN_POINT('',(144.652142,-68.554318,-7.5E-02));
#5520 = DIRECTION('',(0.,0.,-1.));
#5521 = DIRECTION('',(0.19508634943,0.980786070591,0.));
#5522 = ORIENTED_EDGE('',*,*,#5523,.T.);
#5523 = EDGE_CURVE('',#5515,#5524,#5526,.T.);
#5524 = VERTEX_POINT('',#5525);
#5525 = CARTESIAN_POINT('',(144.506414,-68.678878,-7.5E-02));
#5526 = LINE('',#5527,#5528);
#5527 = CARTESIAN_POINT('',(144.676918,-68.678878,-7.5E-02));
#5528 = VECTOR('',#5529,1.);
#5529 = DIRECTION('',(-1.,0.,0.));
#5530 = ORIENTED_EDGE('',*,*,#5531,.T.);
#5531 = EDGE_CURVE('',#5524,#5532,#5534,.T.);
#5532 = VERTEX_POINT('',#5533);
#5533 = CARTESIAN_POINT('',(144.286867,-68.604175,-7.5E-02));
#5534 = LINE('',#5535,#5536);
#5535 = CARTESIAN_POINT('',(144.506414,-68.678878,-7.5E-02));
#5536 = VECTOR('',#5537,1.);
#5537 = DIRECTION('',(-0.946697784725,0.322123119935,0.));
#5538 = ORIENTED_EDGE('',*,*,#5539,.T.);
#5539 = EDGE_CURVE('',#5532,#5540,#5542,.T.);
#5540 = VERTEX_POINT('',#5541);
#5541 = CARTESIAN_POINT('',(144.259958,-68.583644,-7.5E-02));
#5542 = LINE('',#5543,#5544);
#5543 = CARTESIAN_POINT('',(144.286867,-68.604175,-7.5E-02));
#5544 = VECTOR('',#5545,1.);
#5545 = DIRECTION('',(-0.795019859789,0.606583401142,0.));
#5546 = ORIENTED_EDGE('',*,*,#5547,.T.);
#5547 = EDGE_CURVE('',#5540,#5548,#5550,.T.);
#5548 = VERTEX_POINT('',#5549);
#5549 = CARTESIAN_POINT('',(144.123212,-68.443447,-7.5E-02));
#5550 = LINE('',#5551,#5552);
#5551 = CARTESIAN_POINT('',(144.259958,-68.583644,-7.5E-02));
#5552 = VECTOR('',#5553,1.);
#5553 = DIRECTION('',(-0.698241281135,0.715862496097,0.));
#5554 = ORIENTED_EDGE('',*,*,#5555,.T.);
#5555 = EDGE_CURVE('',#5548,#5556,#5558,.T.);
#5556 = VERTEX_POINT('',#5557);
#5557 = CARTESIAN_POINT('',(144.108326,-68.41305,-7.5E-02));
#5558 = LINE('',#5559,#5560);
#5559 = CARTESIAN_POINT('',(144.123212,-68.443447,-7.5E-02));
#5560 = VECTOR('',#5561,1.);
#5561 = DIRECTION('',(-0.439812009511,0.898089859808,0.));
#5562 = ORIENTED_EDGE('',*,*,#5563,.T.);
#5563 = EDGE_CURVE('',#5556,#5564,#5566,.T.);
#5564 = VERTEX_POINT('',#5565);
#5565 = CARTESIAN_POINT('',(144.042329,-68.207346,-7.5E-02));
#5566 = LINE('',#5567,#5568);
#5567 = CARTESIAN_POINT('',(144.108326,-68.41305,-7.5E-02));
#5568 = VECTOR('',#5569,1.);
#5569 = DIRECTION('',(-0.305496687447,0.952193139,0.));
#5570 = ORIENTED_EDGE('',*,*,#5571,.T.);
#5571 = EDGE_CURVE('',#5564,#5572,#5574,.T.);
#5572 = VERTEX_POINT('',#5573);
#5573 = CARTESIAN_POINT('',(144.043772,-67.259542,-7.5E-02));
#5574 = LINE('',#5575,#5576);
#5575 = CARTESIAN_POINT('',(144.042329,-68.207346,-7.5E-02));
#5576 = VECTOR('',#5577,1.);
#5577 = DIRECTION('',(1.522464905855E-03,0.99999884105,0.));
#5578 = ORIENTED_EDGE('',*,*,#5579,.T.);
#5579 = EDGE_CURVE('',#5572,#5580,#5582,.T.);
#5580 = VERTEX_POINT('',#5581);
#5581 = CARTESIAN_POINT('',(144.062735,-67.213761,-7.5E-02));
#5582 = LINE('',#5583,#5584);
#5583 = CARTESIAN_POINT('',(144.043772,-67.259542,-7.5E-02));
#5584 = VECTOR('',#5585,1.);
#5585 = DIRECTION('',(0.382681518676,0.923880325185,0.));
#5586 = ORIENTED_EDGE('',*,*,#5587,.T.);
#5587 = EDGE_CURVE('',#5580,#5479,#5588,.T.);
#5588 = LINE('',#5589,#5590);
#5589 = CARTESIAN_POINT('',(144.062735,-67.213761,-7.5E-02));
#5590 = VECTOR('',#5591,1.);
#5591 = DIRECTION('',(0.707106781187,0.707106781187,0.));
#5592 = PLANE('',#5593);
#5593 = AXIS2_PLACEMENT_3D('',#5594,#5595,#5596);
#5594 = CARTESIAN_POINT('',(0.,0.,-7.5E-02));
#5595 = DIRECTION('',(-0.,-0.,-1.));
#5596 = DIRECTION('',(-1.,0.,0.));
#5597 = ( GEOMETRIC_REPRESENTATION_CONTEXT(3) 
GLOBAL_UNCERTAINTY_ASSIGNED_CONTEXT((#5601)) 
GLOBAL_UNIT_ASSIGNED_CONTEXT((#5598,#5599,#5600)) REPRESENTATION_CONTEXT
('Context #1','3D Context with UNIT and UNCERTAINTY') );
#5598 = ( LENGTH_UNIT() NAMED_UNIT(*) SI_UNIT(.MILLI.,.METRE.) );
#5599 = ( NAMED_UNIT(*) PLANE_ANGLE_UNIT() SI_UNIT($,.RADIAN.) );
#5600 = ( NAMED_UNIT(*) SI_UNIT($,.STERADIAN.) SOLID_ANGLE_UNIT() );
#5601 = UNCERTAINTY_MEASURE_WITH_UNIT(LENGTH_MEASURE(1.E-07),#5598,
  'distance_accuracy_value','confusion accuracy');
#5602 = CONTEXT_DEPENDENT_SHAPE_REPRESENTATION(#5603,#5605);
#5603 = ( REPRESENTATION_RELATIONSHIP('','',#5040,#10) 
REPRESENTATION_RELATIONSHIP_WITH_TRANSFORMATION(#5604) 
SHAPE_REPRESENTATION_RELATIONSHIP() );
#5604 = ITEM_DEFINED_TRANSFORMATION('','',#11,#19);
#5605 = PRODUCT_DEFINITION_SHAPE('Placement','Placement of an item',
  #5606);
#5606 = NEXT_ASSEMBLY_USAGE_OCCURRENCE('4','=>[0:1:1:3]','',#5,#5035,$);
#5607 = PRODUCT_RELATED_PRODUCT_CATEGORY('part',$,(#5037));
#5608 = SHAPE_DEFINITION_REPRESENTATION(#5609,#5615);
#5609 = PRODUCT_DEFINITION_SHAPE('','',#5610);
#5610 = PRODUCT_DEFINITION('design','',#5611,#5614);
#5611 = PRODUCT_DEFINITION_FORMATION('','',#5612);
#5612 = PRODUCT('Antenna_soldermask','Antenna_soldermask','',(#5613));
#5613 = PRODUCT_CONTEXT('',#2,'mechanical');
#5614 = PRODUCT_DEFINITION_CONTEXT('part definition',#2,'design');
#5615 = MANIFOLD_SURFACE_SHAPE_REPRESENTATION('',(#11,#5616),#5735);
#5616 = SHELL_BASED_SURFACE_MODEL('',(#5617));
#5617 = OPEN_SHELL('',(#5618));
#5618 = ADVANCED_FACE('',(#5619,#5653,#5664,#5675,#5686,#5697,#5708,
    #5719),#5730,.T.);
#5619 = FACE_BOUND('',#5620,.F.);
#5620 = EDGE_LOOP('',(#5621,#5631,#5639,#5647));
#5621 = ORIENTED_EDGE('',*,*,#5622,.T.);
#5622 = EDGE_CURVE('',#5623,#5625,#5627,.T.);
#5623 = VERTEX_POINT('',#5624);
#5624 = CARTESIAN_POINT('',(123.75,-115.9,1.56));
#5625 = VERTEX_POINT('',#5626);
#5626 = CARTESIAN_POINT('',(123.75,-65.9,1.56));
#5627 = LINE('',#5628,#5629);
#5628 = CARTESIAN_POINT('',(123.75,-115.9,1.56));
#5629 = VECTOR('',#5630,1.);
#5630 = DIRECTION('',(0.,1.,0.));
#5631 = ORIENTED_EDGE('',*,*,#5632,.T.);
#5632 = EDGE_CURVE('',#5625,#5633,#5635,.T.);
#5633 = VERTEX_POINT('',#5634);
#5634 = CARTESIAN_POINT('',(166.7,-65.9,1.56));
#5635 = LINE('',#5636,#5637);
#5636 = CARTESIAN_POINT('',(123.75,-65.9,1.56));
#5637 = VECTOR('',#5638,1.);
#5638 = DIRECTION('',(1.,0.,0.));
#5639 = ORIENTED_EDGE('',*,*,#5640,.T.);
#5640 = EDGE_CURVE('',#5633,#5641,#5643,.T.);
#5641 = VERTEX_POINT('',#5642);
#5642 = CARTESIAN_POINT('',(166.7,-115.9,1.56));
#5643 = LINE('',#5644,#5645);
#5644 = CARTESIAN_POINT('',(166.7,-65.9,1.56));
#5645 = VECTOR('',#5646,1.);
#5646 = DIRECTION('',(0.,-1.,0.));
#5647 = ORIENTED_EDGE('',*,*,#5648,.T.);
#5648 = EDGE_CURVE('',#5641,#5623,#5649,.T.);
#5649 = LINE('',#5650,#5651);
#5650 = CARTESIAN_POINT('',(166.7,-115.9,1.56));
#5651 = VECTOR('',#5652,1.);
#5652 = DIRECTION('',(-1.,0.,0.));
#5653 = FACE_BOUND('',#5654,.F.);
#5654 = EDGE_LOOP('',(#5655));
#5655 = ORIENTED_EDGE('',*,*,#5656,.T.);
#5656 = EDGE_CURVE('',#5657,#5657,#5659,.T.);
#5657 = VERTEX_POINT('',#5658);
#5658 = CARTESIAN_POINT('',(127.812462,-112.925,1.56));
#5659 = CIRCLE('',#5660,1.087462);
#5660 = AXIS2_PLACEMENT_3D('',#5661,#5662,#5663);
#5661 = CARTESIAN_POINT('',(126.725,-112.925,1.56));
#5662 = DIRECTION('',(0.,0.,1.));
#5663 = DIRECTION('',(1.,0.,-0.));
#5664 = FACE_BOUND('',#5665,.F.);
#5665 = EDGE_LOOP('',(#5666));
#5666 = ORIENTED_EDGE('',*,*,#5667,.T.);
#5667 = EDGE_CURVE('',#5668,#5668,#5670,.T.);
#5668 = VERTEX_POINT('',#5669);
#5669 = CARTESIAN_POINT('',(164.812448,-112.924986,1.56));
#5670 = CIRCLE('',#5671,1.087462);
#5671 = AXIS2_PLACEMENT_3D('',#5672,#5673,#5674);
#5672 = CARTESIAN_POINT('',(163.724986,-112.924986,1.56));
#5673 = DIRECTION('',(0.,0.,1.));
#5674 = DIRECTION('',(1.,0.,-0.));
#5675 = FACE_BOUND('',#5676,.F.);
#5676 = EDGE_LOOP('',(#5677));
#5677 = ORIENTED_EDGE('',*,*,#5678,.T.);
#5678 = EDGE_CURVE('',#5679,#5679,#5681,.T.);
#5679 = VERTEX_POINT('',#5680);
#5680 = CARTESIAN_POINT('',(144.282392,-71.33,1.56));
#5681 = CIRCLE('',#5682,0.337392);
#5682 = AXIS2_PLACEMENT_3D('',#5683,#5684,#5685);
#5683 = CARTESIAN_POINT('',(143.945,-71.33,1.56));
#5684 = DIRECTION('',(0.,0.,1.));
#5685 = DIRECTION('',(1.,0.,-0.));
#5686 = FACE_BOUND('',#5687,.F.);
#5687 = EDGE_LOOP('',(#5688));
#5688 = ORIENTED_EDGE('',*,*,#5689,.T.);
#5689 = EDGE_CURVE('',#5690,#5690,#5692,.T.);
#5690 = VERTEX_POINT('',#5691);
#5691 = CARTESIAN_POINT('',(145.532392,-71.33,1.56));
#5692 = CIRCLE('',#5693,0.337392);
#5693 = AXIS2_PLACEMENT_3D('',#5694,#5695,#5696);
#5694 = CARTESIAN_POINT('',(145.195,-71.33,1.56));
#5695 = DIRECTION('',(0.,0.,1.));
#5696 = DIRECTION('',(1.,0.,-0.));
#5697 = FACE_BOUND('',#5698,.F.);
#5698 = EDGE_LOOP('',(#5699));
#5699 = ORIENTED_EDGE('',*,*,#5700,.T.);
#5700 = EDGE_CURVE('',#5701,#5701,#5703,.T.);
#5701 = VERTEX_POINT('',#5702);
#5702 = CARTESIAN_POINT('',(146.782392,-71.33,1.56));
#5703 = CIRCLE('',#5704,0.337392);
#5704 = AXIS2_PLACEMENT_3D('',#5705,#5706,#5707);
#5705 = CARTESIAN_POINT('',(146.445,-71.33,1.56));
#5706 = DIRECTION('',(0.,0.,1.));
#5707 = DIRECTION('',(1.,0.,-0.));
#5708 = FACE_BOUND('',#5709,.F.);
#5709 = EDGE_LOOP('',(#5710));
#5710 = ORIENTED_EDGE('',*,*,#5711,.T.);
#5711 = EDGE_CURVE('',#5712,#5712,#5714,.T.);
#5712 = VERTEX_POINT('',#5713);
#5713 = CARTESIAN_POINT('',(127.812462,-68.875,1.56));
#5714 = CIRCLE('',#5715,1.087462);
#5715 = AXIS2_PLACEMENT_3D('',#5716,#5717,#5718);
#5716 = CARTESIAN_POINT('',(126.725,-68.875,1.56));
#5717 = DIRECTION('',(0.,0.,1.));
#5718 = DIRECTION('',(1.,0.,-0.));
#5719 = FACE_BOUND('',#5720,.F.);
#5720 = EDGE_LOOP('',(#5721));
#5721 = ORIENTED_EDGE('',*,*,#5722,.T.);
#5722 = EDGE_CURVE('',#5723,#5723,#5725,.T.);
#5723 = VERTEX_POINT('',#5724);
#5724 = CARTESIAN_POINT('',(164.812462,-68.875,1.56));
#5725 = CIRCLE('',#5726,1.087462);
#5726 = AXIS2_PLACEMENT_3D('',#5727,#5728,#5729);
#5727 = CARTESIAN_POINT('',(163.725,-68.875,1.56));
#5728 = DIRECTION('',(0.,0.,1.));
#5729 = DIRECTION('',(1.,0.,-0.));
#5730 = PLANE('',#5731);
#5731 = AXIS2_PLACEMENT_3D('',#5732,#5733,#5734);
#5732 = CARTESIAN_POINT('',(0.,0.,1.56));
#5733 = DIRECTION('',(0.,0.,1.));
#5734 = DIRECTION('',(1.,0.,-0.));
#5735 = ( GEOMETRIC_REPRESENTATION_CONTEXT(3) 
GLOBAL_UNCERTAINTY_ASSIGNED_CONTEXT((#5739)) 
GLOBAL_UNIT_ASSIGNED_CONTEXT((#5736,#5737,#5738)) REPRESENTATION_CONTEXT
('Context #1','3D Context with UNIT and UNCERTAINTY') );
#5736 = ( LENGTH_UNIT() NAMED_UNIT(*) SI_UNIT(.MILLI.,.METRE.) );
#5737 = ( NAMED_UNIT(*) PLANE_ANGLE_UNIT() SI_UNIT($,.RADIAN.) );
#5738 = ( NAMED_UNIT(*) SI_UNIT($,.STERADIAN.) SOLID_ANGLE_UNIT() );
#5739 = UNCERTAINTY_MEASURE_WITH_UNIT(LENGTH_MEASURE(1.E-07),#5736,
  'distance_accuracy_value','confusion accuracy');
#5740 = CONTEXT_DEPENDENT_SHAPE_REPRESENTATION(#5741,#5743);
#5741 = ( REPRESENTATION_RELATIONSHIP('','',#5615,#10) 
REPRESENTATION_RELATIONSHIP_WITH_TRANSFORMATION(#5742) 
SHAPE_REPRESENTATION_RELATIONSHIP() );
#5742 = ITEM_DEFINED_TRANSFORMATION('','',#11,#23);
#5743 = PRODUCT_DEFINITION_SHAPE('Placement','Placement of an item',
  #5744);
#5744 = NEXT_ASSEMBLY_USAGE_OCCURRENCE('5','=>[0:1:1:4]','',#5,#5610,$);
#5745 = PRODUCT_RELATED_PRODUCT_CATEGORY('part',$,(#5612));
#5746 = SHAPE_DEFINITION_REPRESENTATION(#5747,#5753);
#5747 = PRODUCT_DEFINITION_SHAPE('','',#5748);
#5748 = PRODUCT_DEFINITION('design','',#5749,#5752);
#5749 = PRODUCT_DEFINITION_FORMATION('','',#5750);
#5750 = PRODUCT('Antenna_soldermask','Antenna_soldermask','',(#5751));
#5751 = PRODUCT_CONTEXT('',#2,'mechanical');
#5752 = PRODUCT_DEFINITION_CONTEXT('part definition',#2,'design');
#5753 = MANIFOLD_SURFACE_SHAPE_REPRESENTATION('',(#11,#5754),#5873);
#5754 = SHELL_BASED_SURFACE_MODEL('',(#5755));
#5755 = OPEN_SHELL('',(#5756));
#5756 = ADVANCED_FACE('',(#5757,#5791,#5802,#5813,#5824,#5835,#5846,
    #5857),#5868,.T.);
#5757 = FACE_BOUND('',#5758,.T.);
#5758 = EDGE_LOOP('',(#5759,#5769,#5777,#5785));
#5759 = ORIENTED_EDGE('',*,*,#5760,.T.);
#5760 = EDGE_CURVE('',#5761,#5763,#5765,.T.);
#5761 = VERTEX_POINT('',#5762);
#5762 = CARTESIAN_POINT('',(123.75,-115.9,-5.E-02));
#5763 = VERTEX_POINT('',#5764);
#5764 = CARTESIAN_POINT('',(123.75,-65.9,-5.E-02));
#5765 = LINE('',#5766,#5767);
#5766 = CARTESIAN_POINT('',(123.75,-115.9,-5.E-02));
#5767 = VECTOR('',#5768,1.);
#5768 = DIRECTION('',(0.,1.,0.));
#5769 = ORIENTED_EDGE('',*,*,#5770,.T.);
#5770 = EDGE_CURVE('',#5763,#5771,#5773,.T.);
#5771 = VERTEX_POINT('',#5772);
#5772 = CARTESIAN_POINT('',(166.7,-65.9,-5.E-02));
#5773 = LINE('',#5774,#5775);
#5774 = CARTESIAN_POINT('',(123.75,-65.9,-5.E-02));
#5775 = VECTOR('',#5776,1.);
#5776 = DIRECTION('',(1.,0.,0.));
#5777 = ORIENTED_EDGE('',*,*,#5778,.T.);
#5778 = EDGE_CURVE('',#5771,#5779,#5781,.T.);
#5779 = VERTEX_POINT('',#5780);
#5780 = CARTESIAN_POINT('',(166.7,-115.9,-5.E-02));
#5781 = LINE('',#5782,#5783);
#5782 = CARTESIAN_POINT('',(166.7,-65.9,-5.E-02));
#5783 = VECTOR('',#5784,1.);
#5784 = DIRECTION('',(0.,-1.,0.));
#5785 = ORIENTED_EDGE('',*,*,#5786,.T.);
#5786 = EDGE_CURVE('',#5779,#5761,#5787,.T.);
#5787 = LINE('',#5788,#5789);
#5788 = CARTESIAN_POINT('',(166.7,-115.9,-5.E-02));
#5789 = VECTOR('',#5790,1.);
#5790 = DIRECTION('',(-1.,0.,0.));
#5791 = FACE_BOUND('',#5792,.T.);
#5792 = EDGE_LOOP('',(#5793));
#5793 = ORIENTED_EDGE('',*,*,#5794,.T.);
#5794 = EDGE_CURVE('',#5795,#5795,#5797,.T.);
#5795 = VERTEX_POINT('',#5796);
#5796 = CARTESIAN_POINT('',(127.812462,-112.925,-5.E-02));
#5797 = CIRCLE('',#5798,1.087462);
#5798 = AXIS2_PLACEMENT_3D('',#5799,#5800,#5801);
#5799 = CARTESIAN_POINT('',(126.725,-112.925,-5.E-02));
#5800 = DIRECTION('',(0.,0.,1.));
#5801 = DIRECTION('',(1.,0.,-0.));
#5802 = FACE_BOUND('',#5803,.T.);
#5803 = EDGE_LOOP('',(#5804));
#5804 = ORIENTED_EDGE('',*,*,#5805,.T.);
#5805 = EDGE_CURVE('',#5806,#5806,#5808,.T.);
#5806 = VERTEX_POINT('',#5807);
#5807 = CARTESIAN_POINT('',(164.812448,-112.924986,-5.E-02));
#5808 = CIRCLE('',#5809,1.087462);
#5809 = AXIS2_PLACEMENT_3D('',#5810,#5811,#5812);
#5810 = CARTESIAN_POINT('',(163.724986,-112.924986,-5.E-02));
#5811 = DIRECTION('',(0.,0.,1.));
#5812 = DIRECTION('',(1.,0.,-0.));
#5813 = FACE_BOUND('',#5814,.T.);
#5814 = EDGE_LOOP('',(#5815));
#5815 = ORIENTED_EDGE('',*,*,#5816,.T.);
#5816 = EDGE_CURVE('',#5817,#5817,#5819,.T.);
#5817 = VERTEX_POINT('',#5818);
#5818 = CARTESIAN_POINT('',(144.282392,-71.33,-5.E-02));
#5819 = CIRCLE('',#5820,0.337392);
#5820 = AXIS2_PLACEMENT_3D('',#5821,#5822,#5823);
#5821 = CARTESIAN_POINT('',(143.945,-71.33,-5.E-02));
#5822 = DIRECTION('',(0.,0.,1.));
#5823 = DIRECTION('',(1.,0.,-0.));
#5824 = FACE_BOUND('',#5825,.T.);
#5825 = EDGE_LOOP('',(#5826));
#5826 = ORIENTED_EDGE('',*,*,#5827,.T.);
#5827 = EDGE_CURVE('',#5828,#5828,#5830,.T.);
#5828 = VERTEX_POINT('',#5829);
#5829 = CARTESIAN_POINT('',(145.532392,-71.33,-5.E-02));
#5830 = CIRCLE('',#5831,0.337392);
#5831 = AXIS2_PLACEMENT_3D('',#5832,#5833,#5834);
#5832 = CARTESIAN_POINT('',(145.195,-71.33,-5.E-02));
#5833 = DIRECTION('',(0.,0.,1.));
#5834 = DIRECTION('',(1.,0.,-0.));
#5835 = FACE_BOUND('',#5836,.T.);
#5836 = EDGE_LOOP('',(#5837));
#5837 = ORIENTED_EDGE('',*,*,#5838,.T.);
#5838 = EDGE_CURVE('',#5839,#5839,#5841,.T.);
#5839 = VERTEX_POINT('',#5840);
#5840 = CARTESIAN_POINT('',(146.782392,-71.33,-5.E-02));
#5841 = CIRCLE('',#5842,0.337392);
#5842 = AXIS2_PLACEMENT_3D('',#5843,#5844,#5845);
#5843 = CARTESIAN_POINT('',(146.445,-71.33,-5.E-02));
#5844 = DIRECTION('',(0.,0.,1.));
#5845 = DIRECTION('',(1.,0.,-0.));
#5846 = FACE_BOUND('',#5847,.T.);
#5847 = EDGE_LOOP('',(#5848));
#5848 = ORIENTED_EDGE('',*,*,#5849,.T.);
#5849 = EDGE_CURVE('',#5850,#5850,#5852,.T.);
#5850 = VERTEX_POINT('',#5851);
#5851 = CARTESIAN_POINT('',(127.812462,-68.875,-5.E-02));
#5852 = CIRCLE('',#5853,1.087462);
#5853 = AXIS2_PLACEMENT_3D('',#5854,#5855,#5856);
#5854 = CARTESIAN_POINT('',(126.725,-68.875,-5.E-02));
#5855 = DIRECTION('',(0.,0.,1.));
#5856 = DIRECTION('',(1.,0.,-0.));
#5857 = FACE_BOUND('',#5858,.T.);
#5858 = EDGE_LOOP('',(#5859));
#5859 = ORIENTED_EDGE('',*,*,#5860,.T.);
#5860 = EDGE_CURVE('',#5861,#5861,#5863,.T.);
#5861 = VERTEX_POINT('',#5862);
#5862 = CARTESIAN_POINT('',(164.812462,-68.875,-5.E-02));
#5863 = CIRCLE('',#5864,1.087462);
#5864 = AXIS2_PLACEMENT_3D('',#5865,#5866,#5867);
#5865 = CARTESIAN_POINT('',(163.725,-68.875,-5.E-02));
#5866 = DIRECTION('',(0.,0.,1.));
#5867 = DIRECTION('',(1.,0.,-0.));
#5868 = PLANE('',#5869);
#5869 = AXIS2_PLACEMENT_3D('',#5870,#5871,#5872);
#5870 = CARTESIAN_POINT('',(0.,0.,-5.E-02));
#5871 = DIRECTION('',(-0.,-0.,-1.));
#5872 = DIRECTION('',(-1.,0.,0.));
#5873 = ( GEOMETRIC_REPRESENTATION_CONTEXT(3) 
GLOBAL_UNCERTAINTY_ASSIGNED_CONTEXT((#5877)) 
GLOBAL_UNIT_ASSIGNED_CONTEXT((#5874,#5875,#5876)) REPRESENTATION_CONTEXT
('Context #1','3D Context with UNIT and UNCERTAINTY') );
#5874 = ( LENGTH_UNIT() NAMED_UNIT(*) SI_UNIT(.MILLI.,.METRE.) );
#5875 = ( NAMED_UNIT(*) PLANE_ANGLE_UNIT() SI_UNIT($,.RADIAN.) );
#5876 = ( NAMED_UNIT(*) SI_UNIT($,.STERADIAN.) SOLID_ANGLE_UNIT() );
#5877 = UNCERTAINTY_MEASURE_WITH_UNIT(LENGTH_MEASURE(1.E-07),#5874,
  'distance_accuracy_value','confusion accuracy');
#5878 = CONTEXT_DEPENDENT_SHAPE_REPRESENTATION(#5879,#5881);
#5879 = ( REPRESENTATION_RELATIONSHIP('','',#5753,#10) 
REPRESENTATION_RELATIONSHIP_WITH_TRANSFORMATION(#5880) 
SHAPE_REPRESENTATION_RELATIONSHIP() );
#5880 = ITEM_DEFINED_TRANSFORMATION('','',#11,#27);
#5881 = PRODUCT_DEFINITION_SHAPE('Placement','Placement of an item',
  #5882);
#5882 = NEXT_ASSEMBLY_USAGE_OCCURRENCE('6','=>[0:1:1:5]','',#5,#5748,$);
#5883 = PRODUCT_RELATED_PRODUCT_CATEGORY('part',$,(#5750));
#5884 = SHAPE_DEFINITION_REPRESENTATION(#5885,#5891);
#5885 = PRODUCT_DEFINITION_SHAPE('','',#5886);
#5886 = PRODUCT_DEFINITION('design','',#5887,#5890);
#5887 = PRODUCT_DEFINITION_FORMATION('','',#5888);
#5888 = PRODUCT('Antenna_PCB','Antenna_PCB','',(#5889));
#5889 = PRODUCT_CONTEXT('',#2,'mechanical');
#5890 = PRODUCT_DEFINITION_CONTEXT('part definition',#2,'design');
#5891 = ADVANCED_BREP_SHAPE_REPRESENTATION('',(#11,#5892),#6744);
#5892 = MANIFOLD_SOLID_BREP('',#5893);
#5893 = CLOSED_SHELL('',(#5894,#5934,#5965,#5996,#6211,#6426,#6438,#6455
    ,#6472,#6489,#6506,#6523,#6540,#6557,#6574,#6591,#6608,#6625,#6642,
    #6659,#6676,#6693,#6710,#6727));
#5894 = ADVANCED_FACE('',(#5895),#5929,.T.);
#5895 = FACE_BOUND('',#5896,.T.);
#5896 = EDGE_LOOP('',(#5897,#5907,#5915,#5923));
#5897 = ORIENTED_EDGE('',*,*,#5898,.T.);
#5898 = EDGE_CURVE('',#5899,#5901,#5903,.T.);
#5899 = VERTEX_POINT('',#5900);
#5900 = CARTESIAN_POINT('',(166.7,-115.9,0.));
#5901 = VERTEX_POINT('',#5902);
#5902 = CARTESIAN_POINT('',(166.7,-115.9,1.51));
#5903 = LINE('',#5904,#5905);
#5904 = CARTESIAN_POINT('',(166.7,-115.9,0.));
#5905 = VECTOR('',#5906,1.);
#5906 = DIRECTION('',(0.,0.,1.));
#5907 = ORIENTED_EDGE('',*,*,#5908,.T.);
#5908 = EDGE_CURVE('',#5901,#5909,#5911,.T.);
#5909 = VERTEX_POINT('',#5910);
#5910 = CARTESIAN_POINT('',(123.75,-115.9,1.51));
#5911 = LINE('',#5912,#5913);
#5912 = CARTESIAN_POINT('',(166.7,-115.9,1.51));
#5913 = VECTOR('',#5914,1.);
#5914 = DIRECTION('',(-1.,0.,0.));
#5915 = ORIENTED_EDGE('',*,*,#5916,.F.);
#5916 = EDGE_CURVE('',#5917,#5909,#5919,.T.);
#5917 = VERTEX_POINT('',#5918);
#5918 = CARTESIAN_POINT('',(123.75,-115.9,0.));
#5919 = LINE('',#5920,#5921);
#5920 = CARTESIAN_POINT('',(123.75,-115.9,0.));
#5921 = VECTOR('',#5922,1.);
#5922 = DIRECTION('',(0.,0.,1.));
#5923 = ORIENTED_EDGE('',*,*,#5924,.F.);
#5924 = EDGE_CURVE('',#5899,#5917,#5925,.T.);
#5925 = LINE('',#5926,#5927);
#5926 = CARTESIAN_POINT('',(166.7,-115.9,0.));
#5927 = VECTOR('',#5928,1.);
#5928 = DIRECTION('',(-1.,0.,0.));
#5929 = PLANE('',#5930);
#5930 = AXIS2_PLACEMENT_3D('',#5931,#5932,#5933);
#5931 = CARTESIAN_POINT('',(166.7,-115.9,0.));
#5932 = DIRECTION('',(0.,-1.,0.));
#5933 = DIRECTION('',(-1.,0.,0.));
#5934 = ADVANCED_FACE('',(#5935),#5960,.T.);
#5935 = FACE_BOUND('',#5936,.T.);
#5936 = EDGE_LOOP('',(#5937,#5947,#5953,#5954));
#5937 = ORIENTED_EDGE('',*,*,#5938,.T.);
#5938 = EDGE_CURVE('',#5939,#5941,#5943,.T.);
#5939 = VERTEX_POINT('',#5940);
#5940 = CARTESIAN_POINT('',(166.7,-65.9,0.));
#5941 = VERTEX_POINT('',#5942);
#5942 = CARTESIAN_POINT('',(166.7,-65.9,1.51));
#5943 = LINE('',#5944,#5945);
#5944 = CARTESIAN_POINT('',(166.7,-65.9,0.));
#5945 = VECTOR('',#5946,1.);
#5946 = DIRECTION('',(0.,0.,1.));
#5947 = ORIENTED_EDGE('',*,*,#5948,.T.);
#5948 = EDGE_CURVE('',#5941,#5901,#5949,.T.);
#5949 = LINE('',#5950,#5951);
#5950 = CARTESIAN_POINT('',(166.7,-65.9,1.51));
#5951 = VECTOR('',#5952,1.);
#5952 = DIRECTION('',(0.,-1.,0.));
#5953 = ORIENTED_EDGE('',*,*,#5898,.F.);
#5954 = ORIENTED_EDGE('',*,*,#5955,.F.);
#5955 = EDGE_CURVE('',#5939,#5899,#5956,.T.);
#5956 = LINE('',#5957,#5958);
#5957 = CARTESIAN_POINT('',(166.7,-65.9,0.));
#5958 = VECTOR('',#5959,1.);
#5959 = DIRECTION('',(0.,-1.,0.));
#5960 = PLANE('',#5961);
#5961 = AXIS2_PLACEMENT_3D('',#5962,#5963,#5964);
#5962 = CARTESIAN_POINT('',(166.7,-65.9,0.));
#5963 = DIRECTION('',(1.,0.,-0.));
#5964 = DIRECTION('',(0.,-1.,0.));
#5965 = ADVANCED_FACE('',(#5966),#5991,.T.);
#5966 = FACE_BOUND('',#5967,.T.);
#5967 = EDGE_LOOP('',(#5968,#5969,#5977,#5985));
#5968 = ORIENTED_EDGE('',*,*,#5916,.T.);
#5969 = ORIENTED_EDGE('',*,*,#5970,.T.);
#5970 = EDGE_CURVE('',#5909,#5971,#5973,.T.);
#5971 = VERTEX_POINT('',#5972);
#5972 = CARTESIAN_POINT('',(123.75,-65.9,1.51));
#5973 = LINE('',#5974,#5975);
#5974 = CARTESIAN_POINT('',(123.75,-115.9,1.51));
#5975 = VECTOR('',#5976,1.);
#5976 = DIRECTION('',(0.,1.,0.));
#5977 = ORIENTED_EDGE('',*,*,#5978,.F.);
#5978 = EDGE_CURVE('',#5979,#5971,#5981,.T.);
#5979 = VERTEX_POINT('',#5980);
#5980 = CARTESIAN_POINT('',(123.75,-65.9,0.));
#5981 = LINE('',#5982,#5983);
#5982 = CARTESIAN_POINT('',(123.75,-65.9,0.));
#5983 = VECTOR('',#5984,1.);
#5984 = DIRECTION('',(0.,0.,1.));
#5985 = ORIENTED_EDGE('',*,*,#5986,.F.);
#5986 = EDGE_CURVE('',#5917,#5979,#5987,.T.);
#5987 = LINE('',#5988,#5989);
#5988 = CARTESIAN_POINT('',(123.75,-115.9,0.));
#5989 = VECTOR('',#5990,1.);
#5990 = DIRECTION('',(0.,1.,0.));
#5991 = PLANE('',#5992);
#5992 = AXIS2_PLACEMENT_3D('',#5993,#5994,#5995);
#5993 = CARTESIAN_POINT('',(123.75,-115.9,0.));
#5994 = DIRECTION('',(-1.,0.,0.));
#5995 = DIRECTION('',(0.,1.,0.));
#5996 = ADVANCED_FACE('',(#5997,#6008,#6019,#6030,#6041,#6052,#6063,
    #6074,#6085,#6096,#6107,#6118,#6129,#6140,#6151,#6162,#6173,#6184,
    #6195),#6206,.F.);
#5997 = FACE_BOUND('',#5998,.F.);
#5998 = EDGE_LOOP('',(#5999,#6000,#6001,#6007));
#5999 = ORIENTED_EDGE('',*,*,#5924,.F.);
#6000 = ORIENTED_EDGE('',*,*,#5955,.F.);
#6001 = ORIENTED_EDGE('',*,*,#6002,.F.);
#6002 = EDGE_CURVE('',#5979,#5939,#6003,.T.);
#6003 = LINE('',#6004,#6005);
#6004 = CARTESIAN_POINT('',(123.75,-65.9,0.));
#6005 = VECTOR('',#6006,1.);
#6006 = DIRECTION('',(1.,0.,0.));
#6007 = ORIENTED_EDGE('',*,*,#5986,.F.);
#6008 = FACE_BOUND('',#6009,.F.);
#6009 = EDGE_LOOP('',(#6010));
#6010 = ORIENTED_EDGE('',*,*,#6011,.T.);
#6011 = EDGE_CURVE('',#6012,#6012,#6014,.T.);
#6012 = VERTEX_POINT('',#6013);
#6013 = CARTESIAN_POINT('',(126.725,-114.025,0.));
#6014 = CIRCLE('',#6015,1.1);
#6015 = AXIS2_PLACEMENT_3D('',#6016,#6017,#6018);
#6016 = CARTESIAN_POINT('',(126.725,-112.925,0.));
#6017 = DIRECTION('',(-0.,0.,-1.));
#6018 = DIRECTION('',(-0.,-1.,0.));
#6019 = FACE_BOUND('',#6020,.F.);
#6020 = EDGE_LOOP('',(#6021));
#6021 = ORIENTED_EDGE('',*,*,#6022,.T.);
#6022 = EDGE_CURVE('',#6023,#6023,#6025,.T.);
#6023 = VERTEX_POINT('',#6024);
#6024 = CARTESIAN_POINT('',(144.575,-108.87,0.));
#6025 = CIRCLE('',#6026,0.15);
#6026 = AXIS2_PLACEMENT_3D('',#6027,#6028,#6029);
#6027 = CARTESIAN_POINT('',(144.575,-108.72,0.));
#6028 = DIRECTION('',(-0.,0.,-1.));
#6029 = DIRECTION('',(-0.,-1.,0.));
#6030 = FACE_BOUND('',#6031,.F.);
#6031 = EDGE_LOOP('',(#6032));
#6032 = ORIENTED_EDGE('',*,*,#6033,.T.);
#6033 = EDGE_CURVE('',#6034,#6034,#6036,.T.);
#6034 = VERTEX_POINT('',#6035);
#6035 = CARTESIAN_POINT('',(144.575,-107.27,0.));
#6036 = CIRCLE('',#6037,0.15);
#6037 = AXIS2_PLACEMENT_3D('',#6038,#6039,#6040);
#6038 = CARTESIAN_POINT('',(144.575,-107.12,0.));
#6039 = DIRECTION('',(-0.,0.,-1.));
#6040 = DIRECTION('',(-0.,-1.,0.));
#6041 = FACE_BOUND('',#6042,.F.);
#6042 = EDGE_LOOP('',(#6043));
#6043 = ORIENTED_EDGE('',*,*,#6044,.T.);
#6044 = EDGE_CURVE('',#6045,#6045,#6047,.T.);
#6045 = VERTEX_POINT('',#6046);
#6046 = CARTESIAN_POINT('',(144.595,-105.67,0.));
#6047 = CIRCLE('',#6048,0.15);
#6048 = AXIS2_PLACEMENT_3D('',#6049,#6050,#6051);
#6049 = CARTESIAN_POINT('',(144.595,-105.52,0.));
#6050 = DIRECTION('',(-0.,0.,-1.));
#6051 = DIRECTION('',(-0.,-1.,0.));
#6052 = FACE_BOUND('',#6053,.F.);
#6053 = EDGE_LOOP('',(#6054));
#6054 = ORIENTED_EDGE('',*,*,#6055,.T.);
#6055 = EDGE_CURVE('',#6056,#6056,#6058,.T.);
#6056 = VERTEX_POINT('',#6057);
#6057 = CARTESIAN_POINT('',(145.815,-109.67,0.));
#6058 = CIRCLE('',#6059,0.15);
#6059 = AXIS2_PLACEMENT_3D('',#6060,#6061,#6062);
#6060 = CARTESIAN_POINT('',(145.815,-109.52,0.));
#6061 = DIRECTION('',(-0.,0.,-1.));
#6062 = DIRECTION('',(-0.,-1.,0.));
#6063 = FACE_BOUND('',#6064,.F.);
#6064 = EDGE_LOOP('',(#6065));
#6065 = ORIENTED_EDGE('',*,*,#6066,.T.);
#6066 = EDGE_CURVE('',#6067,#6067,#6069,.T.);
#6067 = VERTEX_POINT('',#6068);
#6068 = CARTESIAN_POINT('',(145.825,-108.07,0.));
#6069 = CIRCLE('',#6070,0.15);
#6070 = AXIS2_PLACEMENT_3D('',#6071,#6072,#6073);
#6071 = CARTESIAN_POINT('',(145.825,-107.92,0.));
#6072 = DIRECTION('',(-0.,0.,-1.));
#6073 = DIRECTION('',(-0.,-1.,0.));
#6074 = FACE_BOUND('',#6075,.F.);
#6075 = EDGE_LOOP('',(#6076));
#6076 = ORIENTED_EDGE('',*,*,#6077,.T.);
#6077 = EDGE_CURVE('',#6078,#6078,#6080,.T.);
#6078 = VERTEX_POINT('',#6079);
#6079 = CARTESIAN_POINT('',(145.855,-106.42,0.));
#6080 = CIRCLE('',#6081,0.15);
#6081 = AXIS2_PLACEMENT_3D('',#6082,#6083,#6084);
#6082 = CARTESIAN_POINT('',(145.855,-106.27,0.));
#6083 = DIRECTION('',(-0.,0.,-1.));
#6084 = DIRECTION('',(-1.894780628694E-13,-1.,0.));
#6085 = FACE_BOUND('',#6086,.F.);
#6086 = EDGE_LOOP('',(#6087));
#6087 = ORIENTED_EDGE('',*,*,#6088,.T.);
#6088 = EDGE_CURVE('',#6089,#6089,#6091,.T.);
#6089 = VERTEX_POINT('',#6090);
#6090 = CARTESIAN_POINT('',(163.724986,-114.024986,0.));
#6091 = CIRCLE('',#6092,1.1);
#6092 = AXIS2_PLACEMENT_3D('',#6093,#6094,#6095);
#6093 = CARTESIAN_POINT('',(163.724986,-112.924986,0.));
#6094 = DIRECTION('',(-0.,0.,-1.));
#6095 = DIRECTION('',(-0.,-1.,0.));
#6096 = FACE_BOUND('',#6097,.F.);
#6097 = EDGE_LOOP('',(#6098));
#6098 = ORIENTED_EDGE('',*,*,#6099,.T.);
#6099 = EDGE_CURVE('',#6100,#6100,#6102,.T.);
#6100 = VERTEX_POINT('',#6101);
#6101 = CARTESIAN_POINT('',(126.725,-69.975,0.));
#6102 = CIRCLE('',#6103,1.1);
#6103 = AXIS2_PLACEMENT_3D('',#6104,#6105,#6106);
#6104 = CARTESIAN_POINT('',(126.725,-68.875,0.));
#6105 = DIRECTION('',(-0.,0.,-1.));
#6106 = DIRECTION('',(-0.,-1.,0.));
#6107 = FACE_BOUND('',#6108,.F.);
#6108 = EDGE_LOOP('',(#6109));
#6109 = ORIENTED_EDGE('',*,*,#6110,.T.);
#6110 = EDGE_CURVE('',#6111,#6111,#6113,.T.);
#6111 = VERTEX_POINT('',#6112);
#6112 = CARTESIAN_POINT('',(145.135,-77.28,0.));
#6113 = CIRCLE('',#6114,0.15);
#6114 = AXIS2_PLACEMENT_3D('',#6115,#6116,#6117);
#6115 = CARTESIAN_POINT('',(145.135,-77.13,0.));
#6116 = DIRECTION('',(-0.,0.,-1.));
#6117 = DIRECTION('',(-0.,-1.,0.));
#6118 = FACE_BOUND('',#6119,.F.);
#6119 = EDGE_LOOP('',(#6120));
#6120 = ORIENTED_EDGE('',*,*,#6121,.T.);
#6121 = EDGE_CURVE('',#6122,#6122,#6124,.T.);
#6122 = VERTEX_POINT('',#6123);
#6123 = CARTESIAN_POINT('',(144.575,-76.25,0.));
#6124 = CIRCLE('',#6125,0.15);
#6125 = AXIS2_PLACEMENT_3D('',#6126,#6127,#6128);
#6126 = CARTESIAN_POINT('',(144.575,-76.1,0.));
#6127 = DIRECTION('',(-0.,0.,-1.));
#6128 = DIRECTION('',(-0.,-1.,0.));
#6129 = FACE_BOUND('',#6130,.F.);
#6130 = EDGE_LOOP('',(#6131));
#6131 = ORIENTED_EDGE('',*,*,#6132,.T.);
#6132 = EDGE_CURVE('',#6133,#6133,#6135,.T.);
#6133 = VERTEX_POINT('',#6134);
#6134 = CARTESIAN_POINT('',(144.475,-74.65,0.));
#6135 = CIRCLE('',#6136,0.15);
#6136 = AXIS2_PLACEMENT_3D('',#6137,#6138,#6139);
#6137 = CARTESIAN_POINT('',(144.475,-74.5,0.));
#6138 = DIRECTION('',(-0.,0.,-1.));
#6139 = DIRECTION('',(-0.,-1.,0.));
#6140 = FACE_BOUND('',#6141,.F.);
#6141 = EDGE_LOOP('',(#6142));
#6142 = ORIENTED_EDGE('',*,*,#6143,.T.);
#6143 = EDGE_CURVE('',#6144,#6144,#6146,.T.);
#6144 = VERTEX_POINT('',#6145);
#6145 = CARTESIAN_POINT('',(143.945,-71.68,0.));
#6146 = CIRCLE('',#6147,0.35);
#6147 = AXIS2_PLACEMENT_3D('',#6148,#6149,#6150);
#6148 = CARTESIAN_POINT('',(143.945,-71.33,0.));
#6149 = DIRECTION('',(-0.,0.,-1.));
#6150 = DIRECTION('',(-0.,-1.,0.));
#6151 = FACE_BOUND('',#6152,.F.);
#6152 = EDGE_LOOP('',(#6153));
#6153 = ORIENTED_EDGE('',*,*,#6154,.T.);
#6154 = EDGE_CURVE('',#6155,#6155,#6157,.T.);
#6155 = VERTEX_POINT('',#6156);
#6156 = CARTESIAN_POINT('',(145.195,-71.68,0.));
#6157 = CIRCLE('',#6158,0.35);
#6158 = AXIS2_PLACEMENT_3D('',#6159,#6160,#6161);
#6159 = CARTESIAN_POINT('',(145.195,-71.33,0.));
#6160 = DIRECTION('',(-0.,0.,-1.));
#6161 = DIRECTION('',(-0.,-1.,0.));
#6162 = FACE_BOUND('',#6163,.F.);
#6163 = EDGE_LOOP('',(#6164));
#6164 = ORIENTED_EDGE('',*,*,#6165,.T.);
#6165 = EDGE_CURVE('',#6166,#6166,#6168,.T.);
#6166 = VERTEX_POINT('',#6167);
#6167 = CARTESIAN_POINT('',(145.825,-75.5,0.));
#6168 = CIRCLE('',#6169,0.15);
#6169 = AXIS2_PLACEMENT_3D('',#6170,#6171,#6172);
#6170 = CARTESIAN_POINT('',(145.825,-75.35,0.));
#6171 = DIRECTION('',(-0.,0.,-1.));
#6172 = DIRECTION('',(-0.,-1.,0.));
#6173 = FACE_BOUND('',#6174,.F.);
#6174 = EDGE_LOOP('',(#6175));
#6175 = ORIENTED_EDGE('',*,*,#6176,.T.);
#6176 = EDGE_CURVE('',#6177,#6177,#6179,.T.);
#6177 = VERTEX_POINT('',#6178);
#6178 = CARTESIAN_POINT('',(145.875,-73.85,0.));
#6179 = CIRCLE('',#6180,0.15);
#6180 = AXIS2_PLACEMENT_3D('',#6181,#6182,#6183);
#6181 = CARTESIAN_POINT('',(145.875,-73.7,0.));
#6182 = DIRECTION('',(-0.,0.,-1.));
#6183 = DIRECTION('',(-0.,-1.,0.));
#6184 = FACE_BOUND('',#6185,.F.);
#6185 = EDGE_LOOP('',(#6186));
#6186 = ORIENTED_EDGE('',*,*,#6187,.T.);
#6187 = EDGE_CURVE('',#6188,#6188,#6190,.T.);
#6188 = VERTEX_POINT('',#6189);
#6189 = CARTESIAN_POINT('',(146.445,-71.68,0.));
#6190 = CIRCLE('',#6191,0.35);
#6191 = AXIS2_PLACEMENT_3D('',#6192,#6193,#6194);
#6192 = CARTESIAN_POINT('',(146.445,-71.33,0.));
#6193 = DIRECTION('',(-0.,0.,-1.));
#6194 = DIRECTION('',(-0.,-1.,0.));
#6195 = FACE_BOUND('',#6196,.F.);
#6196 = EDGE_LOOP('',(#6197));
#6197 = ORIENTED_EDGE('',*,*,#6198,.T.);
#6198 = EDGE_CURVE('',#6199,#6199,#6201,.T.);
#6199 = VERTEX_POINT('',#6200);
#6200 = CARTESIAN_POINT('',(163.725,-69.975,0.));
#6201 = CIRCLE('',#6202,1.1);
#6202 = AXIS2_PLACEMENT_3D('',#6203,#6204,#6205);
#6203 = CARTESIAN_POINT('',(163.725,-68.875,0.));
#6204 = DIRECTION('',(-0.,0.,-1.));
#6205 = DIRECTION('',(-0.,-1.,0.));
#6206 = PLANE('',#6207);
#6207 = AXIS2_PLACEMENT_3D('',#6208,#6209,#6210);
#6208 = CARTESIAN_POINT('',(0.,0.,0.));
#6209 = DIRECTION('',(0.,0.,1.));
#6210 = DIRECTION('',(1.,0.,-0.));
#6211 = ADVANCED_FACE('',(#6212,#6223,#6234,#6245,#6256,#6267,#6278,
    #6289,#6300,#6311,#6322,#6333,#6344,#6355,#6366,#6377,#6388,#6399,
    #6410),#6421,.T.);
#6212 = FACE_BOUND('',#6213,.T.);
#6213 = EDGE_LOOP('',(#6214,#6215,#6216,#6222));
#6214 = ORIENTED_EDGE('',*,*,#5908,.F.);
#6215 = ORIENTED_EDGE('',*,*,#5948,.F.);
#6216 = ORIENTED_EDGE('',*,*,#6217,.F.);
#6217 = EDGE_CURVE('',#5971,#5941,#6218,.T.);
#6218 = LINE('',#6219,#6220);
#6219 = CARTESIAN_POINT('',(123.75,-65.9,1.51));
#6220 = VECTOR('',#6221,1.);
#6221 = DIRECTION('',(1.,0.,0.));
#6222 = ORIENTED_EDGE('',*,*,#5970,.F.);
#6223 = FACE_BOUND('',#6224,.T.);
#6224 = EDGE_LOOP('',(#6225));
#6225 = ORIENTED_EDGE('',*,*,#6226,.T.);
#6226 = EDGE_CURVE('',#6227,#6227,#6229,.T.);
#6227 = VERTEX_POINT('',#6228);
#6228 = CARTESIAN_POINT('',(126.725,-114.025,1.51));
#6229 = CIRCLE('',#6230,1.1);
#6230 = AXIS2_PLACEMENT_3D('',#6231,#6232,#6233);
#6231 = CARTESIAN_POINT('',(126.725,-112.925,1.51));
#6232 = DIRECTION('',(-0.,0.,-1.));
#6233 = DIRECTION('',(-0.,-1.,0.));
#6234 = FACE_BOUND('',#6235,.T.);
#6235 = EDGE_LOOP('',(#6236));
#6236 = ORIENTED_EDGE('',*,*,#6237,.T.);
#6237 = EDGE_CURVE('',#6238,#6238,#6240,.T.);
#6238 = VERTEX_POINT('',#6239);
#6239 = CARTESIAN_POINT('',(144.575,-108.87,1.51));
#6240 = CIRCLE('',#6241,0.15);
#6241 = AXIS2_PLACEMENT_3D('',#6242,#6243,#6244);
#6242 = CARTESIAN_POINT('',(144.575,-108.72,1.51));
#6243 = DIRECTION('',(-0.,0.,-1.));
#6244 = DIRECTION('',(-0.,-1.,0.));
#6245 = FACE_BOUND('',#6246,.T.);
#6246 = EDGE_LOOP('',(#6247));
#6247 = ORIENTED_EDGE('',*,*,#6248,.T.);
#6248 = EDGE_CURVE('',#6249,#6249,#6251,.T.);
#6249 = VERTEX_POINT('',#6250);
#6250 = CARTESIAN_POINT('',(144.575,-107.27,1.51));
#6251 = CIRCLE('',#6252,0.15);
#6252 = AXIS2_PLACEMENT_3D('',#6253,#6254,#6255);
#6253 = CARTESIAN_POINT('',(144.575,-107.12,1.51));
#6254 = DIRECTION('',(-0.,0.,-1.));
#6255 = DIRECTION('',(-0.,-1.,0.));
#6256 = FACE_BOUND('',#6257,.T.);
#6257 = EDGE_LOOP('',(#6258));
#6258 = ORIENTED_EDGE('',*,*,#6259,.T.);
#6259 = EDGE_CURVE('',#6260,#6260,#6262,.T.);
#6260 = VERTEX_POINT('',#6261);
#6261 = CARTESIAN_POINT('',(144.595,-105.67,1.51));
#6262 = CIRCLE('',#6263,0.15);
#6263 = AXIS2_PLACEMENT_3D('',#6264,#6265,#6266);
#6264 = CARTESIAN_POINT('',(144.595,-105.52,1.51));
#6265 = DIRECTION('',(-0.,0.,-1.));
#6266 = DIRECTION('',(-0.,-1.,0.));
#6267 = FACE_BOUND('',#6268,.T.);
#6268 = EDGE_LOOP('',(#6269));
#6269 = ORIENTED_EDGE('',*,*,#6270,.T.);
#6270 = EDGE_CURVE('',#6271,#6271,#6273,.T.);
#6271 = VERTEX_POINT('',#6272);
#6272 = CARTESIAN_POINT('',(145.815,-109.67,1.51));
#6273 = CIRCLE('',#6274,0.15);
#6274 = AXIS2_PLACEMENT_3D('',#6275,#6276,#6277);
#6275 = CARTESIAN_POINT('',(145.815,-109.52,1.51));
#6276 = DIRECTION('',(-0.,0.,-1.));
#6277 = DIRECTION('',(-0.,-1.,0.));
#6278 = FACE_BOUND('',#6279,.T.);
#6279 = EDGE_LOOP('',(#6280));
#6280 = ORIENTED_EDGE('',*,*,#6281,.T.);
#6281 = EDGE_CURVE('',#6282,#6282,#6284,.T.);
#6282 = VERTEX_POINT('',#6283);
#6283 = CARTESIAN_POINT('',(145.825,-108.07,1.51));
#6284 = CIRCLE('',#6285,0.15);
#6285 = AXIS2_PLACEMENT_3D('',#6286,#6287,#6288);
#6286 = CARTESIAN_POINT('',(145.825,-107.92,1.51));
#6287 = DIRECTION('',(-0.,0.,-1.));
#6288 = DIRECTION('',(-0.,-1.,0.));
#6289 = FACE_BOUND('',#6290,.T.);
#6290 = EDGE_LOOP('',(#6291));
#6291 = ORIENTED_EDGE('',*,*,#6292,.T.);
#6292 = EDGE_CURVE('',#6293,#6293,#6295,.T.);
#6293 = VERTEX_POINT('',#6294);
#6294 = CARTESIAN_POINT('',(145.855,-106.42,1.51));
#6295 = CIRCLE('',#6296,0.15);
#6296 = AXIS2_PLACEMENT_3D('',#6297,#6298,#6299);
#6297 = CARTESIAN_POINT('',(145.855,-106.27,1.51));
#6298 = DIRECTION('',(-0.,0.,-1.));
#6299 = DIRECTION('',(-1.894780628694E-13,-1.,0.));
#6300 = FACE_BOUND('',#6301,.T.);
#6301 = EDGE_LOOP('',(#6302));
#6302 = ORIENTED_EDGE('',*,*,#6303,.T.);
#6303 = EDGE_CURVE('',#6304,#6304,#6306,.T.);
#6304 = VERTEX_POINT('',#6305);
#6305 = CARTESIAN_POINT('',(163.724986,-114.024986,1.51));
#6306 = CIRCLE('',#6307,1.1);
#6307 = AXIS2_PLACEMENT_3D('',#6308,#6309,#6310);
#6308 = CARTESIAN_POINT('',(163.724986,-112.924986,1.51));
#6309 = DIRECTION('',(-0.,0.,-1.));
#6310 = DIRECTION('',(-0.,-1.,0.));
#6311 = FACE_BOUND('',#6312,.T.);
#6312 = EDGE_LOOP('',(#6313));
#6313 = ORIENTED_EDGE('',*,*,#6314,.T.);
#6314 = EDGE_CURVE('',#6315,#6315,#6317,.T.);
#6315 = VERTEX_POINT('',#6316);
#6316 = CARTESIAN_POINT('',(126.725,-69.975,1.51));
#6317 = CIRCLE('',#6318,1.1);
#6318 = AXIS2_PLACEMENT_3D('',#6319,#6320,#6321);
#6319 = CARTESIAN_POINT('',(126.725,-68.875,1.51));
#6320 = DIRECTION('',(-0.,0.,-1.));
#6321 = DIRECTION('',(-0.,-1.,0.));
#6322 = FACE_BOUND('',#6323,.T.);
#6323 = EDGE_LOOP('',(#6324));
#6324 = ORIENTED_EDGE('',*,*,#6325,.T.);
#6325 = EDGE_CURVE('',#6326,#6326,#6328,.T.);
#6326 = VERTEX_POINT('',#6327);
#6327 = CARTESIAN_POINT('',(145.135,-77.28,1.51));
#6328 = CIRCLE('',#6329,0.15);
#6329 = AXIS2_PLACEMENT_3D('',#6330,#6331,#6332);
#6330 = CARTESIAN_POINT('',(145.135,-77.13,1.51));
#6331 = DIRECTION('',(-0.,0.,-1.));
#6332 = DIRECTION('',(-0.,-1.,0.));
#6333 = FACE_BOUND('',#6334,.T.);
#6334 = EDGE_LOOP('',(#6335));
#6335 = ORIENTED_EDGE('',*,*,#6336,.T.);
#6336 = EDGE_CURVE('',#6337,#6337,#6339,.T.);
#6337 = VERTEX_POINT('',#6338);
#6338 = CARTESIAN_POINT('',(144.575,-76.25,1.51));
#6339 = CIRCLE('',#6340,0.15);
#6340 = AXIS2_PLACEMENT_3D('',#6341,#6342,#6343);
#6341 = CARTESIAN_POINT('',(144.575,-76.1,1.51));
#6342 = DIRECTION('',(-0.,0.,-1.));
#6343 = DIRECTION('',(-0.,-1.,0.));
#6344 = FACE_BOUND('',#6345,.T.);
#6345 = EDGE_LOOP('',(#6346));
#6346 = ORIENTED_EDGE('',*,*,#6347,.T.);
#6347 = EDGE_CURVE('',#6348,#6348,#6350,.T.);
#6348 = VERTEX_POINT('',#6349);
#6349 = CARTESIAN_POINT('',(144.475,-74.65,1.51));
#6350 = CIRCLE('',#6351,0.15);
#6351 = AXIS2_PLACEMENT_3D('',#6352,#6353,#6354);
#6352 = CARTESIAN_POINT('',(144.475,-74.5,1.51));
#6353 = DIRECTION('',(-0.,0.,-1.));
#6354 = DIRECTION('',(-0.,-1.,0.));
#6355 = FACE_BOUND('',#6356,.T.);
#6356 = EDGE_LOOP('',(#6357));
#6357 = ORIENTED_EDGE('',*,*,#6358,.T.);
#6358 = EDGE_CURVE('',#6359,#6359,#6361,.T.);
#6359 = VERTEX_POINT('',#6360);
#6360 = CARTESIAN_POINT('',(143.945,-71.68,1.51));
#6361 = CIRCLE('',#6362,0.35);
#6362 = AXIS2_PLACEMENT_3D('',#6363,#6364,#6365);
#6363 = CARTESIAN_POINT('',(143.945,-71.33,1.51));
#6364 = DIRECTION('',(-0.,0.,-1.));
#6365 = DIRECTION('',(-0.,-1.,0.));
#6366 = FACE_BOUND('',#6367,.T.);
#6367 = EDGE_LOOP('',(#6368));
#6368 = ORIENTED_EDGE('',*,*,#6369,.T.);
#6369 = EDGE_CURVE('',#6370,#6370,#6372,.T.);
#6370 = VERTEX_POINT('',#6371);
#6371 = CARTESIAN_POINT('',(145.195,-71.68,1.51));
#6372 = CIRCLE('',#6373,0.35);
#6373 = AXIS2_PLACEMENT_3D('',#6374,#6375,#6376);
#6374 = CARTESIAN_POINT('',(145.195,-71.33,1.51));
#6375 = DIRECTION('',(-0.,0.,-1.));
#6376 = DIRECTION('',(-0.,-1.,0.));
#6377 = FACE_BOUND('',#6378,.T.);
#6378 = EDGE_LOOP('',(#6379));
#6379 = ORIENTED_EDGE('',*,*,#6380,.T.);
#6380 = EDGE_CURVE('',#6381,#6381,#6383,.T.);
#6381 = VERTEX_POINT('',#6382);
#6382 = CARTESIAN_POINT('',(145.825,-75.5,1.51));
#6383 = CIRCLE('',#6384,0.15);
#6384 = AXIS2_PLACEMENT_3D('',#6385,#6386,#6387);
#6385 = CARTESIAN_POINT('',(145.825,-75.35,1.51));
#6386 = DIRECTION('',(-0.,0.,-1.));
#6387 = DIRECTION('',(-0.,-1.,0.));
#6388 = FACE_BOUND('',#6389,.T.);
#6389 = EDGE_LOOP('',(#6390));
#6390 = ORIENTED_EDGE('',*,*,#6391,.T.);
#6391 = EDGE_CURVE('',#6392,#6392,#6394,.T.);
#6392 = VERTEX_POINT('',#6393);
#6393 = CARTESIAN_POINT('',(145.875,-73.85,1.51));
#6394 = CIRCLE('',#6395,0.15);
#6395 = AXIS2_PLACEMENT_3D('',#6396,#6397,#6398);
#6396 = CARTESIAN_POINT('',(145.875,-73.7,1.51));
#6397 = DIRECTION('',(-0.,0.,-1.));
#6398 = DIRECTION('',(-0.,-1.,0.));
#6399 = FACE_BOUND('',#6400,.T.);
#6400 = EDGE_LOOP('',(#6401));
#6401 = ORIENTED_EDGE('',*,*,#6402,.T.);
#6402 = EDGE_CURVE('',#6403,#6403,#6405,.T.);
#6403 = VERTEX_POINT('',#6404);
#6404 = CARTESIAN_POINT('',(146.445,-71.68,1.51));
#6405 = CIRCLE('',#6406,0.35);
#6406 = AXIS2_PLACEMENT_3D('',#6407,#6408,#6409);
#6407 = CARTESIAN_POINT('',(146.445,-71.33,1.51));
#6408 = DIRECTION('',(-0.,0.,-1.));
#6409 = DIRECTION('',(-0.,-1.,0.));
#6410 = FACE_BOUND('',#6411,.T.);
#6411 = EDGE_LOOP('',(#6412));
#6412 = ORIENTED_EDGE('',*,*,#6413,.T.);
#6413 = EDGE_CURVE('',#6414,#6414,#6416,.T.);
#6414 = VERTEX_POINT('',#6415);
#6415 = CARTESIAN_POINT('',(163.725,-69.975,1.51));
#6416 = CIRCLE('',#6417,1.1);
#6417 = AXIS2_PLACEMENT_3D('',#6418,#6419,#6420);
#6418 = CARTESIAN_POINT('',(163.725,-68.875,1.51));
#6419 = DIRECTION('',(-0.,0.,-1.));
#6420 = DIRECTION('',(-0.,-1.,0.));
#6421 = PLANE('',#6422);
#6422 = AXIS2_PLACEMENT_3D('',#6423,#6424,#6425);
#6423 = CARTESIAN_POINT('',(0.,0.,1.51));
#6424 = DIRECTION('',(0.,0.,1.));
#6425 = DIRECTION('',(1.,0.,-0.));
#6426 = ADVANCED_FACE('',(#6427),#6433,.T.);
#6427 = FACE_BOUND('',#6428,.T.);
#6428 = EDGE_LOOP('',(#6429,#6430,#6431,#6432));
#6429 = ORIENTED_EDGE('',*,*,#5978,.T.);
#6430 = ORIENTED_EDGE('',*,*,#6217,.T.);
#6431 = ORIENTED_EDGE('',*,*,#5938,.F.);
#6432 = ORIENTED_EDGE('',*,*,#6002,.F.);
#6433 = PLANE('',#6434);
#6434 = AXIS2_PLACEMENT_3D('',#6435,#6436,#6437);
#6435 = CARTESIAN_POINT('',(123.75,-65.9,0.));
#6436 = DIRECTION('',(0.,1.,0.));
#6437 = DIRECTION('',(1.,0.,0.));
#6438 = ADVANCED_FACE('',(#6439),#6450,.F.);
#6439 = FACE_BOUND('',#6440,.T.);
#6440 = EDGE_LOOP('',(#6441,#6442,#6448,#6449));
#6441 = ORIENTED_EDGE('',*,*,#6011,.T.);
#6442 = ORIENTED_EDGE('',*,*,#6443,.T.);
#6443 = EDGE_CURVE('',#6012,#6227,#6444,.T.);
#6444 = LINE('',#6445,#6446);
#6445 = CARTESIAN_POINT('',(126.725,-114.025,-4.6E-02));
#6446 = VECTOR('',#6447,1.);
#6447 = DIRECTION('',(0.,0.,1.));
#6448 = ORIENTED_EDGE('',*,*,#6226,.F.);
#6449 = ORIENTED_EDGE('',*,*,#6443,.F.);
#6450 = CYLINDRICAL_SURFACE('',#6451,1.1);
#6451 = AXIS2_PLACEMENT_3D('',#6452,#6453,#6454);
#6452 = CARTESIAN_POINT('',(126.725,-112.925,-4.6E-02));
#6453 = DIRECTION('',(-0.,-0.,-1.));
#6454 = DIRECTION('',(-0.,-1.,0.));
#6455 = ADVANCED_FACE('',(#6456),#6467,.F.);
#6456 = FACE_BOUND('',#6457,.T.);
#6457 = EDGE_LOOP('',(#6458,#6459,#6465,#6466));
#6458 = ORIENTED_EDGE('',*,*,#6022,.T.);
#6459 = ORIENTED_EDGE('',*,*,#6460,.T.);
#6460 = EDGE_CURVE('',#6023,#6238,#6461,.T.);
#6461 = LINE('',#6462,#6463);
#6462 = CARTESIAN_POINT('',(144.575,-108.87,-3.6E-02));
#6463 = VECTOR('',#6464,1.);
#6464 = DIRECTION('',(0.,0.,1.));
#6465 = ORIENTED_EDGE('',*,*,#6237,.F.);
#6466 = ORIENTED_EDGE('',*,*,#6460,.F.);
#6467 = CYLINDRICAL_SURFACE('',#6468,0.15);
#6468 = AXIS2_PLACEMENT_3D('',#6469,#6470,#6471);
#6469 = CARTESIAN_POINT('',(144.575,-108.72,-3.6E-02));
#6470 = DIRECTION('',(-0.,-0.,-1.));
#6471 = DIRECTION('',(-0.,-1.,0.));
#6472 = ADVANCED_FACE('',(#6473),#6484,.F.);
#6473 = FACE_BOUND('',#6474,.T.);
#6474 = EDGE_LOOP('',(#6475,#6476,#6482,#6483));
#6475 = ORIENTED_EDGE('',*,*,#6033,.T.);
#6476 = ORIENTED_EDGE('',*,*,#6477,.T.);
#6477 = EDGE_CURVE('',#6034,#6249,#6478,.T.);
#6478 = LINE('',#6479,#6480);
#6479 = CARTESIAN_POINT('',(144.575,-107.27,-3.6E-02));
#6480 = VECTOR('',#6481,1.);
#6481 = DIRECTION('',(0.,0.,1.));
#6482 = ORIENTED_EDGE('',*,*,#6248,.F.);
#6483 = ORIENTED_EDGE('',*,*,#6477,.F.);
#6484 = CYLINDRICAL_SURFACE('',#6485,0.15);
#6485 = AXIS2_PLACEMENT_3D('',#6486,#6487,#6488);
#6486 = CARTESIAN_POINT('',(144.575,-107.12,-3.6E-02));
#6487 = DIRECTION('',(-0.,-0.,-1.));
#6488 = DIRECTION('',(-0.,-1.,0.));
#6489 = ADVANCED_FACE('',(#6490),#6501,.F.);
#6490 = FACE_BOUND('',#6491,.T.);
#6491 = EDGE_LOOP('',(#6492,#6493,#6499,#6500));
#6492 = ORIENTED_EDGE('',*,*,#6044,.T.);
#6493 = ORIENTED_EDGE('',*,*,#6494,.T.);
#6494 = EDGE_CURVE('',#6045,#6260,#6495,.T.);
#6495 = LINE('',#6496,#6497);
#6496 = CARTESIAN_POINT('',(144.595,-105.67,-3.6E-02));
#6497 = VECTOR('',#6498,1.);
#6498 = DIRECTION('',(0.,0.,1.));
#6499 = ORIENTED_EDGE('',*,*,#6259,.F.);
#6500 = ORIENTED_EDGE('',*,*,#6494,.F.);
#6501 = CYLINDRICAL_SURFACE('',#6502,0.15);
#6502 = AXIS2_PLACEMENT_3D('',#6503,#6504,#6505);
#6503 = CARTESIAN_POINT('',(144.595,-105.52,-3.6E-02));
#6504 = DIRECTION('',(-0.,-0.,-1.));
#6505 = DIRECTION('',(-0.,-1.,0.));
#6506 = ADVANCED_FACE('',(#6507),#6518,.F.);
#6507 = FACE_BOUND('',#6508,.T.);
#6508 = EDGE_LOOP('',(#6509,#6510,#6516,#6517));
#6509 = ORIENTED_EDGE('',*,*,#6055,.T.);
#6510 = ORIENTED_EDGE('',*,*,#6511,.T.);
#6511 = EDGE_CURVE('',#6056,#6271,#6512,.T.);
#6512 = LINE('',#6513,#6514);
#6513 = CARTESIAN_POINT('',(145.815,-109.67,-3.6E-02));
#6514 = VECTOR('',#6515,1.);
#6515 = DIRECTION('',(0.,0.,1.));
#6516 = ORIENTED_EDGE('',*,*,#6270,.F.);
#6517 = ORIENTED_EDGE('',*,*,#6511,.F.);
#6518 = CYLINDRICAL_SURFACE('',#6519,0.15);
#6519 = AXIS2_PLACEMENT_3D('',#6520,#6521,#6522);
#6520 = CARTESIAN_POINT('',(145.815,-109.52,-3.6E-02));
#6521 = DIRECTION('',(-0.,-0.,-1.));
#6522 = DIRECTION('',(-0.,-1.,0.));
#6523 = ADVANCED_FACE('',(#6524),#6535,.F.);
#6524 = FACE_BOUND('',#6525,.T.);
#6525 = EDGE_LOOP('',(#6526,#6527,#6533,#6534));
#6526 = ORIENTED_EDGE('',*,*,#6066,.T.);
#6527 = ORIENTED_EDGE('',*,*,#6528,.T.);
#6528 = EDGE_CURVE('',#6067,#6282,#6529,.T.);
#6529 = LINE('',#6530,#6531);
#6530 = CARTESIAN_POINT('',(145.825,-108.07,-3.6E-02));
#6531 = VECTOR('',#6532,1.);
#6532 = DIRECTION('',(0.,0.,1.));
#6533 = ORIENTED_EDGE('',*,*,#6281,.F.);
#6534 = ORIENTED_EDGE('',*,*,#6528,.F.);
#6535 = CYLINDRICAL_SURFACE('',#6536,0.15);
#6536 = AXIS2_PLACEMENT_3D('',#6537,#6538,#6539);
#6537 = CARTESIAN_POINT('',(145.825,-107.92,-3.6E-02));
#6538 = DIRECTION('',(-0.,-0.,-1.));
#6539 = DIRECTION('',(-0.,-1.,0.));
#6540 = ADVANCED_FACE('',(#6541),#6552,.F.);
#6541 = FACE_BOUND('',#6542,.T.);
#6542 = EDGE_LOOP('',(#6543,#6544,#6550,#6551));
#6543 = ORIENTED_EDGE('',*,*,#6077,.T.);
#6544 = ORIENTED_EDGE('',*,*,#6545,.T.);
#6545 = EDGE_CURVE('',#6078,#6293,#6546,.T.);
#6546 = LINE('',#6547,#6548);
#6547 = CARTESIAN_POINT('',(145.855,-106.42,-3.6E-02));
#6548 = VECTOR('',#6549,1.);
#6549 = DIRECTION('',(0.,0.,1.));
#6550 = ORIENTED_EDGE('',*,*,#6292,.F.);
#6551 = ORIENTED_EDGE('',*,*,#6545,.F.);
#6552 = CYLINDRICAL_SURFACE('',#6553,0.15);
#6553 = AXIS2_PLACEMENT_3D('',#6554,#6555,#6556);
#6554 = CARTESIAN_POINT('',(145.855,-106.27,-3.6E-02));
#6555 = DIRECTION('',(-0.,-0.,-1.));
#6556 = DIRECTION('',(-1.894780628694E-13,-1.,0.));
#6557 = ADVANCED_FACE('',(#6558),#6569,.F.);
#6558 = FACE_BOUND('',#6559,.T.);
#6559 = EDGE_LOOP('',(#6560,#6561,#6567,#6568));
#6560 = ORIENTED_EDGE('',*,*,#6088,.T.);
#6561 = ORIENTED_EDGE('',*,*,#6562,.T.);
#6562 = EDGE_CURVE('',#6089,#6304,#6563,.T.);
#6563 = LINE('',#6564,#6565);
#6564 = CARTESIAN_POINT('',(163.724986,-114.024986,-4.6E-02));
#6565 = VECTOR('',#6566,1.);
#6566 = DIRECTION('',(0.,0.,1.));
#6567 = ORIENTED_EDGE('',*,*,#6303,.F.);
#6568 = ORIENTED_EDGE('',*,*,#6562,.F.);
#6569 = CYLINDRICAL_SURFACE('',#6570,1.1);
#6570 = AXIS2_PLACEMENT_3D('',#6571,#6572,#6573);
#6571 = CARTESIAN_POINT('',(163.724986,-112.924986,-4.6E-02));
#6572 = DIRECTION('',(-0.,-0.,-1.));
#6573 = DIRECTION('',(-0.,-1.,0.));
#6574 = ADVANCED_FACE('',(#6575),#6586,.F.);
#6575 = FACE_BOUND('',#6576,.T.);
#6576 = EDGE_LOOP('',(#6577,#6578,#6584,#6585));
#6577 = ORIENTED_EDGE('',*,*,#6099,.T.);
#6578 = ORIENTED_EDGE('',*,*,#6579,.T.);
#6579 = EDGE_CURVE('',#6100,#6315,#6580,.T.);
#6580 = LINE('',#6581,#6582);
#6581 = CARTESIAN_POINT('',(126.725,-69.975,-4.6E-02));
#6582 = VECTOR('',#6583,1.);
#6583 = DIRECTION('',(0.,0.,1.));
#6584 = ORIENTED_EDGE('',*,*,#6314,.F.);
#6585 = ORIENTED_EDGE('',*,*,#6579,.F.);
#6586 = CYLINDRICAL_SURFACE('',#6587,1.1);
#6587 = AXIS2_PLACEMENT_3D('',#6588,#6589,#6590);
#6588 = CARTESIAN_POINT('',(126.725,-68.875,-4.6E-02));
#6589 = DIRECTION('',(-0.,-0.,-1.));
#6590 = DIRECTION('',(-0.,-1.,0.));
#6591 = ADVANCED_FACE('',(#6592),#6603,.F.);
#6592 = FACE_BOUND('',#6593,.T.);
#6593 = EDGE_LOOP('',(#6594,#6595,#6601,#6602));
#6594 = ORIENTED_EDGE('',*,*,#6110,.T.);
#6595 = ORIENTED_EDGE('',*,*,#6596,.T.);
#6596 = EDGE_CURVE('',#6111,#6326,#6597,.T.);
#6597 = LINE('',#6598,#6599);
#6598 = CARTESIAN_POINT('',(145.135,-77.28,-3.6E-02));
#6599 = VECTOR('',#6600,1.);
#6600 = DIRECTION('',(0.,0.,1.));
#6601 = ORIENTED_EDGE('',*,*,#6325,.F.);
#6602 = ORIENTED_EDGE('',*,*,#6596,.F.);
#6603 = CYLINDRICAL_SURFACE('',#6604,0.15);
#6604 = AXIS2_PLACEMENT_3D('',#6605,#6606,#6607);
#6605 = CARTESIAN_POINT('',(145.135,-77.13,-3.6E-02));
#6606 = DIRECTION('',(-0.,-0.,-1.));
#6607 = DIRECTION('',(-0.,-1.,0.));
#6608 = ADVANCED_FACE('',(#6609),#6620,.F.);
#6609 = FACE_BOUND('',#6610,.T.);
#6610 = EDGE_LOOP('',(#6611,#6612,#6618,#6619));
#6611 = ORIENTED_EDGE('',*,*,#6121,.T.);
#6612 = ORIENTED_EDGE('',*,*,#6613,.T.);
#6613 = EDGE_CURVE('',#6122,#6337,#6614,.T.);
#6614 = LINE('',#6615,#6616);
#6615 = CARTESIAN_POINT('',(144.575,-76.25,-3.6E-02));
#6616 = VECTOR('',#6617,1.);
#6617 = DIRECTION('',(0.,0.,1.));
#6618 = ORIENTED_EDGE('',*,*,#6336,.F.);
#6619 = ORIENTED_EDGE('',*,*,#6613,.F.);
#6620 = CYLINDRICAL_SURFACE('',#6621,0.15);
#6621 = AXIS2_PLACEMENT_3D('',#6622,#6623,#6624);
#6622 = CARTESIAN_POINT('',(144.575,-76.1,-3.6E-02));
#6623 = DIRECTION('',(-0.,-0.,-1.));
#6624 = DIRECTION('',(-0.,-1.,0.));
#6625 = ADVANCED_FACE('',(#6626),#6637,.F.);
#6626 = FACE_BOUND('',#6627,.T.);
#6627 = EDGE_LOOP('',(#6628,#6629,#6635,#6636));
#6628 = ORIENTED_EDGE('',*,*,#6132,.T.);
#6629 = ORIENTED_EDGE('',*,*,#6630,.T.);
#6630 = EDGE_CURVE('',#6133,#6348,#6631,.T.);
#6631 = LINE('',#6632,#6633);
#6632 = CARTESIAN_POINT('',(144.475,-74.65,-3.6E-02));
#6633 = VECTOR('',#6634,1.);
#6634 = DIRECTION('',(0.,0.,1.));
#6635 = ORIENTED_EDGE('',*,*,#6347,.F.);
#6636 = ORIENTED_EDGE('',*,*,#6630,.F.);
#6637 = CYLINDRICAL_SURFACE('',#6638,0.15);
#6638 = AXIS2_PLACEMENT_3D('',#6639,#6640,#6641);
#6639 = CARTESIAN_POINT('',(144.475,-74.5,-3.6E-02));
#6640 = DIRECTION('',(-0.,-0.,-1.));
#6641 = DIRECTION('',(-0.,-1.,0.));
#6642 = ADVANCED_FACE('',(#6643),#6654,.F.);
#6643 = FACE_BOUND('',#6644,.T.);
#6644 = EDGE_LOOP('',(#6645,#6646,#6652,#6653));
#6645 = ORIENTED_EDGE('',*,*,#6143,.T.);
#6646 = ORIENTED_EDGE('',*,*,#6647,.T.);
#6647 = EDGE_CURVE('',#6144,#6359,#6648,.T.);
#6648 = LINE('',#6649,#6650);
#6649 = CARTESIAN_POINT('',(143.945,-71.68,-4.6E-02));
#6650 = VECTOR('',#6651,1.);
#6651 = DIRECTION('',(0.,0.,1.));
#6652 = ORIENTED_EDGE('',*,*,#6358,.F.);
#6653 = ORIENTED_EDGE('',*,*,#6647,.F.);
#6654 = CYLINDRICAL_SURFACE('',#6655,0.35);
#6655 = AXIS2_PLACEMENT_3D('',#6656,#6657,#6658);
#6656 = CARTESIAN_POINT('',(143.945,-71.33,-4.6E-02));
#6657 = DIRECTION('',(-0.,-0.,-1.));
#6658 = DIRECTION('',(-0.,-1.,0.));
#6659 = ADVANCED_FACE('',(#6660),#6671,.F.);
#6660 = FACE_BOUND('',#6661,.T.);
#6661 = EDGE_LOOP('',(#6662,#6663,#6669,#6670));
#6662 = ORIENTED_EDGE('',*,*,#6154,.T.);
#6663 = ORIENTED_EDGE('',*,*,#6664,.T.);
#6664 = EDGE_CURVE('',#6155,#6370,#6665,.T.);
#6665 = LINE('',#6666,#6667);
#6666 = CARTESIAN_POINT('',(145.195,-71.68,-4.6E-02));
#6667 = VECTOR('',#6668,1.);
#6668 = DIRECTION('',(0.,0.,1.));
#6669 = ORIENTED_EDGE('',*,*,#6369,.F.);
#6670 = ORIENTED_EDGE('',*,*,#6664,.F.);
#6671 = CYLINDRICAL_SURFACE('',#6672,0.35);
#6672 = AXIS2_PLACEMENT_3D('',#6673,#6674,#6675);
#6673 = CARTESIAN_POINT('',(145.195,-71.33,-4.6E-02));
#6674 = DIRECTION('',(-0.,-0.,-1.));
#6675 = DIRECTION('',(-0.,-1.,0.));
#6676 = ADVANCED_FACE('',(#6677),#6688,.F.);
#6677 = FACE_BOUND('',#6678,.T.);
#6678 = EDGE_LOOP('',(#6679,#6680,#6686,#6687));
#6679 = ORIENTED_EDGE('',*,*,#6165,.T.);
#6680 = ORIENTED_EDGE('',*,*,#6681,.T.);
#6681 = EDGE_CURVE('',#6166,#6381,#6682,.T.);
#6682 = LINE('',#6683,#6684);
#6683 = CARTESIAN_POINT('',(145.825,-75.5,-3.6E-02));
#6684 = VECTOR('',#6685,1.);
#6685 = DIRECTION('',(0.,0.,1.));
#6686 = ORIENTED_EDGE('',*,*,#6380,.F.);
#6687 = ORIENTED_EDGE('',*,*,#6681,.F.);
#6688 = CYLINDRICAL_SURFACE('',#6689,0.15);
#6689 = AXIS2_PLACEMENT_3D('',#6690,#6691,#6692);
#6690 = CARTESIAN_POINT('',(145.825,-75.35,-3.6E-02));
#6691 = DIRECTION('',(-0.,-0.,-1.));
#6692 = DIRECTION('',(-0.,-1.,0.));
#6693 = ADVANCED_FACE('',(#6694),#6705,.F.);
#6694 = FACE_BOUND('',#6695,.T.);
#6695 = EDGE_LOOP('',(#6696,#6697,#6703,#6704));
#6696 = ORIENTED_EDGE('',*,*,#6176,.T.);
#6697 = ORIENTED_EDGE('',*,*,#6698,.T.);
#6698 = EDGE_CURVE('',#6177,#6392,#6699,.T.);
#6699 = LINE('',#6700,#6701);
#6700 = CARTESIAN_POINT('',(145.875,-73.85,-3.6E-02));
#6701 = VECTOR('',#6702,1.);
#6702 = DIRECTION('',(0.,0.,1.));
#6703 = ORIENTED_EDGE('',*,*,#6391,.F.);
#6704 = ORIENTED_EDGE('',*,*,#6698,.F.);
#6705 = CYLINDRICAL_SURFACE('',#6706,0.15);
#6706 = AXIS2_PLACEMENT_3D('',#6707,#6708,#6709);
#6707 = CARTESIAN_POINT('',(145.875,-73.7,-3.6E-02));
#6708 = DIRECTION('',(-0.,-0.,-1.));
#6709 = DIRECTION('',(-0.,-1.,0.));
#6710 = ADVANCED_FACE('',(#6711),#6722,.F.);
#6711 = FACE_BOUND('',#6712,.T.);
#6712 = EDGE_LOOP('',(#6713,#6714,#6720,#6721));
#6713 = ORIENTED_EDGE('',*,*,#6187,.T.);
#6714 = ORIENTED_EDGE('',*,*,#6715,.T.);
#6715 = EDGE_CURVE('',#6188,#6403,#6716,.T.);
#6716 = LINE('',#6717,#6718);
#6717 = CARTESIAN_POINT('',(146.445,-71.68,-4.6E-02));
#6718 = VECTOR('',#6719,1.);
#6719 = DIRECTION('',(0.,0.,1.));
#6720 = ORIENTED_EDGE('',*,*,#6402,.F.);
#6721 = ORIENTED_EDGE('',*,*,#6715,.F.);
#6722 = CYLINDRICAL_SURFACE('',#6723,0.35);
#6723 = AXIS2_PLACEMENT_3D('',#6724,#6725,#6726);
#6724 = CARTESIAN_POINT('',(146.445,-71.33,-4.6E-02));
#6725 = DIRECTION('',(-0.,-0.,-1.));
#6726 = DIRECTION('',(-0.,-1.,0.));
#6727 = ADVANCED_FACE('',(#6728),#6739,.F.);
#6728 = FACE_BOUND('',#6729,.T.);
#6729 = EDGE_LOOP('',(#6730,#6731,#6737,#6738));
#6730 = ORIENTED_EDGE('',*,*,#6198,.T.);
#6731 = ORIENTED_EDGE('',*,*,#6732,.T.);
#6732 = EDGE_CURVE('',#6199,#6414,#6733,.T.);
#6733 = LINE('',#6734,#6735);
#6734 = CARTESIAN_POINT('',(163.725,-69.975,-4.6E-02));
#6735 = VECTOR('',#6736,1.);
#6736 = DIRECTION('',(0.,0.,1.));
#6737 = ORIENTED_EDGE('',*,*,#6413,.F.);
#6738 = ORIENTED_EDGE('',*,*,#6732,.F.);
#6739 = CYLINDRICAL_SURFACE('',#6740,1.1);
#6740 = AXIS2_PLACEMENT_3D('',#6741,#6742,#6743);
#6741 = CARTESIAN_POINT('',(163.725,-68.875,-4.6E-02));
#6742 = DIRECTION('',(-0.,-0.,-1.));
#6743 = DIRECTION('',(-0.,-1.,0.));
#6744 = ( GEOMETRIC_REPRESENTATION_CONTEXT(3) 
GLOBAL_UNCERTAINTY_ASSIGNED_CONTEXT((#6748)) 
GLOBAL_UNIT_ASSIGNED_CONTEXT((#6745,#6746,#6747)) REPRESENTATION_CONTEXT
('Context #1','3D Context with UNIT and UNCERTAINTY') );
#6745 = ( LENGTH_UNIT() NAMED_UNIT(*) SI_UNIT(.MILLI.,.METRE.) );
#6746 = ( NAMED_UNIT(*) PLANE_ANGLE_UNIT() SI_UNIT($,.RADIAN.) );
#6747 = ( NAMED_UNIT(*) SI_UNIT($,.STERADIAN.) SOLID_ANGLE_UNIT() );
#6748 = UNCERTAINTY_MEASURE_WITH_UNIT(LENGTH_MEASURE(1.E-07),#6745,
  'distance_accuracy_value','confusion accuracy');
#6749 = CONTEXT_DEPENDENT_SHAPE_REPRESENTATION(#6750,#6752);
#6750 = ( REPRESENTATION_RELATIONSHIP('','',#5891,#10) 
REPRESENTATION_RELATIONSHIP_WITH_TRANSFORMATION(#6751) 
SHAPE_REPRESENTATION_RELATIONSHIP() );
#6751 = ITEM_DEFINED_TRANSFORMATION('','',#11,#31);
#6752 = PRODUCT_DEFINITION_SHAPE('Placement','Placement of an item',
  #6753);
#6753 = NEXT_ASSEMBLY_USAGE_OCCURRENCE('7','=>[0:1:1:6]','',#5,#5886,$);
#6754 = PRODUCT_RELATED_PRODUCT_CATEGORY('part',$,(#5888));
#6755 = MECHANICAL_DESIGN_GEOMETRIC_PRESENTATION_REPRESENTATION('',(
    #6756),#5735);
#6756 = STYLED_ITEM('color',(#6757),#5618);
#6757 = PRESENTATION_STYLE_ASSIGNMENT((#6758));
#6758 = SURFACE_STYLE_USAGE(.BOTH.,#6759);
#6759 = SURFACE_SIDE_STYLE('',(#6760,#6764));
#6760 = SURFACE_STYLE_FILL_AREA(#6761);
#6761 = FILL_AREA_STYLE('',(#6762));
#6762 = FILL_AREA_STYLE_COLOUR('',#6763);
#6763 = COLOUR_RGB('',0.313304153717,0.484529207832,0.410020903123);
#6764 = SURFACE_STYLE_RENDERING_WITH_PROPERTIES(.NORMAL_SHADING.,#6763,(
    #6765));
#6765 = SURFACE_STYLE_TRANSPARENT(0.170000016689);
#6766 = MECHANICAL_DESIGN_GEOMETRIC_PRESENTATION_REPRESENTATION('',(
    #6767,#6777,#6786),#5597);
#6767 = STYLED_ITEM('color',(#6768),#5043);
#6768 = PRESENTATION_STYLE_ASSIGNMENT((#6769));
#6769 = SURFACE_STYLE_USAGE(.BOTH.,#6770);
#6770 = SURFACE_SIDE_STYLE('',(#6771,#6775));
#6771 = SURFACE_STYLE_FILL_AREA(#6772);
#6772 = FILL_AREA_STYLE('',(#6773));
#6773 = FILL_AREA_STYLE_COLOUR('',#6774);
#6774 = DRAUGHTING_PRE_DEFINED_COLOUR('white');
#6775 = SURFACE_STYLE_RENDERING_WITH_PROPERTIES(.NORMAL_SHADING.,#6774,(
    #6776));
#6776 = SURFACE_STYLE_TRANSPARENT(0.100000023842);
#6777 = STYLED_ITEM('color',(#6778),#5137);
#6778 = PRESENTATION_STYLE_ASSIGNMENT((#6779));
#6779 = SURFACE_STYLE_USAGE(.BOTH.,#6780);
#6780 = SURFACE_SIDE_STYLE('',(#6781,#6784));
#6781 = SURFACE_STYLE_FILL_AREA(#6782);
#6782 = FILL_AREA_STYLE('',(#6783));
#6783 = FILL_AREA_STYLE_COLOUR('',#6774);
#6784 = SURFACE_STYLE_RENDERING_WITH_PROPERTIES(.NORMAL_SHADING.,#6774,(
    #6785));
#6785 = SURFACE_STYLE_TRANSPARENT(0.100000023842);
#6786 = STYLED_ITEM('color',(#6787),#5474);
#6787 = PRESENTATION_STYLE_ASSIGNMENT((#6788));
#6788 = SURFACE_STYLE_USAGE(.BOTH.,#6789);
#6789 = SURFACE_SIDE_STYLE('',(#6790,#6793));
#6790 = SURFACE_STYLE_FILL_AREA(#6791);
#6791 = FILL_AREA_STYLE('',(#6792));
#6792 = FILL_AREA_STYLE_COLOUR('',#6774);
#6793 = SURFACE_STYLE_RENDERING_WITH_PROPERTIES(.NORMAL_SHADING.,#6774,(
    #6794));
#6794 = SURFACE_STYLE_TRANSPARENT(0.100000023842);
#6795 = MECHANICAL_DESIGN_GEOMETRIC_PRESENTATION_REPRESENTATION('',(
    #6796),#5873);
#6796 = STYLED_ITEM('color',(#6797),#5756);
#6797 = PRESENTATION_STYLE_ASSIGNMENT((#6798));
#6798 = SURFACE_STYLE_USAGE(.BOTH.,#6799);
#6799 = SURFACE_SIDE_STYLE('',(#6800,#6803));
#6800 = SURFACE_STYLE_FILL_AREA(#6801);
#6801 = FILL_AREA_STYLE('',(#6802));
#6802 = FILL_AREA_STYLE_COLOUR('',#6763);
#6803 = SURFACE_STYLE_RENDERING_WITH_PROPERTIES(.NORMAL_SHADING.,#6763,(
    #6804));
#6804 = SURFACE_STYLE_TRANSPARENT(0.170000016689);
#6805 = MECHANICAL_DESIGN_GEOMETRIC_PRESENTATION_REPRESENTATION('',(
    #6806),#6744);
#6806 = STYLED_ITEM('color',(#6807),#5892);
#6807 = PRESENTATION_STYLE_ASSIGNMENT((#6808));
#6808 = SURFACE_STYLE_USAGE(.BOTH.,#6809);
#6809 = SURFACE_SIDE_STYLE('',(#6810,#6814));
#6810 = SURFACE_STYLE_FILL_AREA(#6811);
#6811 = FILL_AREA_STYLE('',(#6812));
#6812 = FILL_AREA_STYLE_COLOUR('',#6813);
#6813 = COLOUR_RGB('',0.679975718802,0.701410709185,0.574871009914);
#6814 = SURFACE_STYLE_RENDERING_WITH_PROPERTIES(.NORMAL_SHADING.,#6813,(
    #6815));
#6815 = SURFACE_STYLE_TRANSPARENT(1.999998092651E-02);
ENDSEC;
END-ISO-10303-21;
